<?xml version="1.0" encoding="UTF-8"?>
<window>
    <coordinates>
        <system>1</system>
        <posx>0</posx>
        <posy>0</posy>
    </coordinates>
    <animation type="WindowOpen" reversible="false">
        <effect type="zoom" start="80" end="100" center="960,540" easing="out" tween="back" time="300" />
        <effect type="fade" start="0" end="100" tween="sine" easing="inout" time="250" />
    </animation>
    <animation type="WindowClose" reversible="false">
		<effect type="slide" start="100" end="0,-600" time="300" tween="quadratic" easing="out" />
        <effect type="fade" start="100" end="0" time="300" />
    </animation>
    <controls>
        <control type="image">
            <description>background image</description>
            <posx>300</posx>
            <posy>105</posy>
            <width>1320</width>
            <height>810</height>
            <texture border="20,20,20,20">osd/lyrics/panel.png</texture>
        </control>
        <!-- media infos -->
        <control type="group">
            <posx>300</posx>
            <posy>75</posy>
            <control type="image">
                <description>Cover Image</description>
                <posx>51</posx>
                <posy>81</posy>
                <width>192</width>
                <height>192</height>
                <texture diffuse="osd/lyrics/artwork-diffuse.png">$INFO[MusicPlayer.Cover]</texture>
                <aspectratio>stretch</aspectratio>
            </control>
            <control type="image">
                <description>Cover Image Mirror</description>
                <posx>51</posx>
                <posy>273</posy>
                <width>192</width>
                <height>192</height>
                <texture flipy="true" diffuse="osd/lyrics/artwork-diffuse-mirror.png">$INFO[MusicPlayer.Cover]</texture>
                <aspectratio>stretch</aspectratio>
            </control>
            <control type="label">
                <description>Lyrics label</description>
                <posx>525</posx>
                <posy>50</posy>
                <width>270</width>
                <height>30</height>
                <label>$LOCALIZE[24013]</label>
                <font>Font-Condensed-S40-B</font>
                <align>center</align>
                <textcolor>ffffffff</textcolor>
            </control>
            <control type="label" id="200">
            <!--<description>Scraper Label</description>
                <posx>1269</posx>
                <posy>51</posy>
                <width>450</width>
                <height>30</height>
                <posx>900</posx>
                <label></label>
                <font>Font-Condensed-S32</font>
                <align>right</align>
                <textcolor>FFFFFFFF</textcolor>
                <disabledcolor>60FFFFFF</disabledcolor> -->
            </control>
            <control type="label">
                <description>Artist label</description>
                <posx>276</posx>
                <posy>100</posy>
                <width>993</width>
                <height>30</height>
                <label>[B]$INFO[MusicPlayer.Artist][/B]</label>
                <font>Font-Condensed-S33-B</font>
                <align>left</align>
                <textcolor>aawhite</textcolor>
            </control>
            <control type="label">
                <description>Title label</description>
                <posx>276</posx>
                <posy>135</posy>
                <width>810</width>
                <height>30</height>
                <label>[B]$INFO[MusicPlayer.Title][/B]</label>
                <font>Font-Condensed-S32</font>
                <align>left</align>
                <textcolor>aawhite</textcolor>
            </control>
            <control type="label">
                <description>Album label</description>
                <posx>276</posx>
                <posy>170</posy>
                <width>810</width>
                <height>30</height>
                <label>[B]$INFO[MusicPlayer.Album][/B]</label>
                <font>Font-Condensed-S32</font>
                <align>left</align>
                <textcolor>aawhite</textcolor>
            </control>
            <control type="label">
                <description>Time Label</description>
                <posx>276</posx>
                <posy>202</posy>
                <width>300</width>
                <height>30</height>
                <label>$INFO[MusicPlayer.Time]</label>
                <font>Font-Condensed-S32</font>
                <align>left</align>
                <aligny>center</aligny>
                <textcolor>aawhite</textcolor>
            </control>
            <control type="label">
                <description>Duration Label</description>
                <posx>1269</posx>
                <posy>202</posy>
                <width>300</width>
                <height>30</height>
                <label>$INFO[MusicPlayer.Duration]</label>
                <font>Font-Condensed-S32</font>
                <align>right</align>
                <aligny>center</aligny>
                <textcolor>aawhite</textcolor>
            </control>
            <control type="label">
                <description>Playlist Pos No</description>
                <posx>1269</posx>
                <posy>171</posy>
                <width>300</width>
                <height>30</height>
                <label>$INFO[MusicPlayer.Playlistposition]$INFO[MusicPlayer.Playlistlength,/]</label>
                <font>Font-Condensed-S32</font>
                <align>right</align>
                <textcolor>aawhite</textcolor>
                <visible>!MusicPartyMode.Enabled</visible>
            </control>
            <control type="label">
                <description>PartyMode Enabled</description>
                <posx>1269</posx>
                <posy>171</posy>
                <width>300</width>
                <height>30</height>
                <label>589</label>
                <font>Font-Condensed-S32</font>
                <align>right</align>
                <textcolor>aawhite</textcolor>
                <visible>MusicPartyMode.Enabled</visible>
            </control>
            <control type="progress">
                <description>Progressbar</description>
                <posx>381</posx>
                <posy>208</posy>
                <width>774</width>
                <height>18</height>
                <info>Player.Progress</info>
                <texturebg border="6,0,6,0">osd/lyrics/progress-back.png</texturebg>
                <lefttexture></lefttexture>
                <midtexture border="6,0,6,0">osd/lyrics/progress.png</midtexture>
                <righttexture></righttexture>
                <overlaytexture></overlaytexture>
                <overlaytexture></overlaytexture>
            </control>
            <control type="slider">
                <description>Slider</description>
                <posx>381</posx>
                <posy>208</posy>
                <width>774</width>
                <height>18</height>
                <action>seek</action>
            </control>
            <control type="image">
                <description>separator</description>
                <posx>21</posx>
                <posy>300</posy>
                <width>1278</width>
                <height>3</height>
                <texture>osd/lyrics/separator.png</texture>
            </control>
        </control>
        <control type="group" id="999">
            <posx>756</posx>
            <posy>305</posy>
            <control type="button" id="600">
                <posx>0</posx>
                <posy>0</posy>
                <width>64</width>
                <height>64</height>
                <label>210</label>
                <font></font>
                <texturefocus>osd/lyrics/buttons/previous-fo.png</texturefocus>
                <texturenofocus>osd/lyrics/buttons/previous-nofo.png</texturenofocus>
                <onleft>607</onleft>
                <onright>601</onright>
                <onup>111</onup>
                <ondown>110</ondown>
                <onclick>PlayerControl(Previous)</onclick>
            </control>
            <control type="button" id="601">
                <posx>82</posx>
                <posy>0</posy>
                <width>64</width>
                <height>64</height>
                <label>31354</label>
                <font></font>
                <texturefocus>osd/lyrics/buttons/rewind-fo.png</texturefocus>
                <texturenofocus>osd/lyrics/buttons/rewind-nofo.png</texturenofocus>
                <onleft>600</onleft>
                <onright>602</onright>
                <onup>111</onup>
                <ondown>110</ondown>
                <onclick>PlayerControl(Rewind)</onclick>
            </control>
            <control type="togglebutton" id="602">
                <posx>165</posx>
                <posy>0</posy>
                <width>64</width>
                <height>64</height>
                <label>31351</label>
                <altlabel>208</altlabel>
                <font></font>
                <texturefocus>osd/lyrics/buttons/pause-fo.png</texturefocus>
                <texturenofocus>osd/lyrics/buttons/pause-nofo.png</texturenofocus>
                <usealttexture>Player.Paused | Player.Forwarding | Player.Rewinding</usealttexture>
                <alttexturefocus>osd/lyrics/buttons/play-fo.png</alttexturefocus>
                <alttexturenofocus>osd/lyrics/buttons/play-nofo.png</alttexturenofocus>
                <onleft>601</onleft>
                <onright>603</onright>
                <onup>111</onup>
                <ondown>110</ondown>
                <onclick>PlayerControl(Play)</onclick>
            </control>
            <control type="button" id="603">
                <posx>248</posx>
                <posy>0</posy>
                <width>64</width>
                <height>64</height>
                <label>31352</label>
                <font></font>
                <texturefocus>osd/lyrics/buttons/stop-fo.png</texturefocus>
                <texturenofocus>osd/lyrics/buttons/stop-nofo.png</texturenofocus>
                <onleft>602</onleft>
                <onright>604</onright>
                <onup>111</onup>
                <ondown>110</ondown>
                <onclick>PlayerControl(Stop)</onclick>
            </control>
            <control type="button" id="604">
                <posx>330</posx>
                <posy>0</posy>
                <width>64</width>
                <height>64</height>
                <label>31353</label>
                <font></font>
                <texturefocus>osd/lyrics/buttons/fast-forward-fo.png</texturefocus>
                <texturenofocus>osd/lyrics/buttons/fast-forward-nofo.png</texturenofocus>
                <onleft>603</onleft>
                <onright>605</onright>
                <onup>111</onup>
                <ondown>110</ondown>
                <onclick>PlayerControl(Forward)</onclick>
            </control>
            <control type="button" id="605">
                <posx>412</posx>
                <posy>0</posy>
                <width>64</width>
                <height>64</height>
                <label>209</label>
                <font></font>
                <texturefocus>osd/lyrics/buttons/next-fo.png</texturefocus>
                <texturenofocus>osd/lyrics/buttons/next-nofo.png</texturenofocus>
                <onleft>604</onleft>
                <onright>606</onright>
                <onup>111</onup>
                <ondown>110</ondown>
                <onclick>PlayerControl(Next)</onclick>
            </control>
            <control type="button" id="606">
                <posx>495</posx>
                <posy>0</posy>
                <width>64</width>
                <height>64</height>
                <label>$LOCALIZE[486]$INFO[Playlist.Repeat, : ]</label>
                <font></font>
                <texturefocus></texturefocus>
                <texturenofocus></texturenofocus>
                <onclick>PlayerControl(Repeat)</onclick>
                <onleft>605</onleft>
                <onright>607</onright>
                <onup>111</onup>
                <ondown>110</ondown>
            </control>
            <control type="image">
                <posx>495</posx>
                <posy>0</posy>
                <width>64</width>
                <height>64</height>
                <texture>osd/lyrics/buttons/repeat-nofo.png</texture>
                <visible>!Playlist.IsRepeat + !Playlist.IsRepeatOne</visible>
                <visible>!Control.HasFocus(606)</visible>
            </control>
            <control type="image">
                <posx>495</posx>
                <posy>0</posy>
                <width>64</width>
                <height>64</height>
                <texture>osd/lyrics/buttons/repeat-fo.png</texture>
                <visible>!Playlist.IsRepeat + !Playlist.IsRepeatOne</visible>
                <visible>Control.HasFocus(606)</visible>
            </control>
            <control type="image">
                <posx>495</posx>
                <posy>0</posy>
                <width>64</width>
                <height>64</height>
                <texture>osd/lyrics/buttons/repeat_one-nofo.png</texture>
                <visible>Playlist.IsRepeatOne</visible>
                <visible>!Control.HasFocus(606)</visible>
            </control>
            <control type="image">
                <posx>495</posx>
                <posy>0</posy>
                <width>64</width>
                <height>64</height>
                <texture>osd/lyrics/buttons/repeat_one-fo.png</texture>
                <visible>Playlist.IsRepeatOne</visible>
                <visible>Control.HasFocus(606)</visible>
            </control>
            <control type="image">
                <posx>495</posx>
                <posy>0</posy>
                <width>64</width>
                <height>64</height>
                <texture>osd/lyrics/buttons/repeat_all-nofo.png</texture>
                <visible>Playlist.IsRepeat</visible>
                <visible>!Control.HasFocus(606)</visible>
            </control>
            <control type="image">
                <posx>495</posx>
                <posy>0</posy>
                <width>64</width>
                <height>64</height>
                <texture>osd/lyrics/buttons/repeat_all-fo.png</texture>
                <visible>Playlist.IsRepeat</visible>
                <visible>Control.HasFocus(606)</visible>
            </control>
            <control type="togglebutton" id="607">
                <posx>578</posx>
                <posy>0</posy>
                <width>64</width>
                <height>64</height>
                <label>$LOCALIZE[590]$INFO[Playlist.Random, : ]</label>
                <font></font>
                <texturefocus>osd/lyrics/buttons/shuffle_off-fo.png</texturefocus>
                <texturenofocus>osd/lyrics/buttons/shuffle_off-nofo.png</texturenofocus>
                <usealttexture>Playlist.IsRandom</usealttexture>
                <alttexturefocus>osd/lyrics/buttons/shuffle_on-fo.png</alttexturefocus>
                <alttexturenofocus>osd/lyrics/buttons/shuffle_on-nofo.png</alttexturenofocus>
                <onclick>PlayerControl(Random)</onclick>
                <onleft>606</onleft>
                <onright>600</onright>
                <onup>111</onup>
                <ondown>110</ondown>
            </control>
        </control>
        <!-- ** Required ** Do not change <id> or <type> -->
        <control type="list" id="110">
            <posx>351</posx>
            <posy>405</posy>
            <width>1218</width>
            <height>435</height>
            <onleft>111</onleft>
            <onright>111</onright>
            <onup>999</onup>
            <ondown>110</ondown>
            <viewtype label="535">list</viewtype>
            <pagecontrol>111</pagecontrol>
            <scrolltime>200</scrolltime>
            <itemlayout height="44">
                <control type="label">
                    <posx>15</posx>
                    <posy>4</posy>
                    <width>1194</width>
                    <height>33</height>
                    <info>ListItem.Label</info>
                    <font>Font-Condensed-S32</font>
                    <align>left</align>
                    <aligny>center</aligny>
                    <textcolor>FFFFFFFF</textcolor>
                </control>
            </itemlayout>
            <focusedlayout height="44">
                <control type="image">
                    <posx>0</posx>
                    <posy>0</posy>
                    <width>1218</width>
                    <height>44</height>
                    <texture>osd/lyrics/list-fo.png</texture>
                    <visible>Control.HasFocus(110)</visible>
                </control>
                <control type="label">
                    <posx>15</posx>
                    <posy>4</posy>
                    <width>1194</width>
                    <height>33</height>
                    <info>ListItem.Label</info>
                    <font>Font-Condensed-S32</font>
                    <align>left</align>
                    <aligny>center</aligny>
                    <textcolor>SelectedColor</textcolor>
                </control>
            </focusedlayout>
        </control>
        <control type="spincontrol" id="111">
            <description>Next page button</description>
            <posx>1494</posx>
            <posy>848</posy>
            <width>38</width>
            <height>38</height>
            <font>Font-Condensed-S26-B</font>
            <align>right</align>
            <subtype>page</subtype>
            <onleft>110</onleft>
            <onright>110</onright>
            <ondown>999</ondown>
            <onup>110</onup>
            <textcolor>aawhite</textcolor>
            <textureup>osd/lyrics/scroll-up-nofo.png</textureup>
            <texturedown>osd/lyrics/scroll-down-nofo.png</texturedown>
            <textureupfocus>osd/lyrics/scroll-up-fo.png</textureupfocus>
            <texturedownfocus>osd/lyrics/scroll-down-fo.png</texturedownfocus>
            <showonepage>false</showonepage>
            <visible>Control.IsVisible(110)</visible>
        </control>
        <!-- ** Required ** Do not change <id> or <type> -->
        <control type="list" id="120">
            <posx>351</posx>
            <posy>405</posy>
            <width>1218</width>
            <height>435</height>
            <onleft>121</onleft>
            <onright>121</onright>
            <onup>120</onup>
            <ondown>120</ondown>
            <viewtype label="535">list</viewtype>
            <pagecontrol>121</pagecontrol>
            <scrolltime>200</scrolltime>
            <itemlayout height="44">
                <control type="label">
                    <posx>15</posx>
                    <posy>4</posy>
                    <width>1194</width>
                    <height>33</height>
                    <info>ListItem.Label</info>
                    <font>Font-Condensed-S32</font>
                    <align>left</align>
                    <aligny>center</aligny>
                    <textcolor>FFFFFFFF</textcolor>
                </control>
            </itemlayout>
            <focusedlayout height="44">
                <control type="image">
                    <posx>0</posx>
                    <posy>0</posy>
                    <width>1218</width>
                    <height>44</height>
                    <texture>osd/lyrics/default-list-focus.png</texture>
                    <visible>Control.HasFocus(120)</visible>
                </control>
                <control type="label">
                    <posx>15</posx>
                    <posy>4</posy>
                    <width>1194</width>
                    <height>33</height>
                    <info>ListItem.Label</info>
                    <font>Font-Condensed-S32</font>
                    <align>left</align>
                    <aligny>center</aligny>
                    <textcolor>aawhite</textcolor>
                </control>
            </focusedlayout>
        </control>
        <control type="spincontrol" id="121">
            <description>Next page button</description>
            <posx>1494</posx>
            <posy>848</posy>
            <width>38</width>
            <height>33</height>
            <font>Font-Condensed-S32</font>
            <align>right</align>
            <subtype>page</subtype>
            <textcolor>FFFFFFFF</textcolor>
            <onleft>120</onleft>
            <onright>120</onright>
            <ondown>120</ondown>
            <onup>120</onup>
            <textureup>osd/lyrics/default-scroll-up.png</textureup>
            <texturedown>osd/lyrics/default-scroll-down.png</texturedown>
            <textureupfocus>osd/lyrics/default-scroll-up-focus.png</textureupfocus>
            <texturedownfocus>osd/lyrics/default-scroll-down-focus.png</texturedownfocus>
            <showonepage>false</showonepage>
            <visible>Control.IsVisible(120)</visible>
        </control>
    </controls>
</window>