<?xml version="1.0" encoding="UTF-8"?>
<!-- Aeon MQ 5 Isengard 7.1.10 -->
<!-- Krypton 9.1.16/9.1.19 -->

<window id="2005">
	<controls>	
		<control type="group">
			<posx>0</posx>
			<posy>0</posy>
			<width>1280</width>
			<height>125</height>
			<animation effect="slide" time="400" start="0,-125" end="0,0" easing="out" tween="cubic">WindowOpen</animation>
			<animation effect="slide" time="400" start="0,-125" end="0,0" easing="out" tween="cubic">Visible</animation>
			<animation effect="slide" time="400" start="0,0" end="0,-125" easing="in" tween="cubic">WindowClose</animation>
			<animation effect="slide" time="400" start="0,0" end="0,-125" easing="in" tween="cubic">Hidden</animation>
			<visible>![Window.IsVisible(115) | Window.IsVisible(123) | Window.IsVisible(124) | Window.IsActive(142) | Window.IsActive(2901) | Skin.HasSetting(customosd)]</visible>
			<control type="image">
				<posx>0</posx>
				<posy>0</posy>
				<height>200</height>
				<width>1280</width>
				<texture flipy="true">shadow_mask.png</texture>
				<colordiffuse>75000000</colordiffuse>
			</control>
			<control type="label" id="10">
				<posx>30</posx>
				<posy>10</posy>	
				<width>1250</width>
				<height>20</height>
				<align>left</align>
				<aligny>center</aligny>
				<font>Font_18</font>
				<label>-</label>
			</control>
			<control type="label" id="11">
				<posx>30</posx>
				<posy>55</posy>	
				<width>1250</width>
				<height>20</height>
				<align>left</align>
				<aligny>center</aligny>
				<font>Font_18</font>
				<label>-</label>
			</control>
			<control type="label" id="12">
				<posx>30</posx>
				<posy>100</posy>	
				<width>1250</width>
				<height>20</height>
				<align>left</align>
				<aligny>center</aligny>
				<font>Font_18</font>
				<label>-</label>
			</control>
		</control>

		<control type="group">
			<posx>0</posx>
			<posy>693</posy>
			<width>499</width>
			<height>28</height>
			<!-- <visible>Player.IsTempo </visible> -->
			<!-- <animation type="Visible">
					<effect type="slide" end="200,0" time="200"/>
					<effect type="fade" start="100" end="0" delay="2000" time="200"/>
				</animation> -->
			<control type="image">
				<posx>0</posx>
				<posy>0</posy>
				<width>499</width>
				<height>28</height>
				<texture flipy="true">osd_button_reverse.png</texture>
			</control>
			<control type="label">
				<include>Objects_OSDSeekForward</include>
				<label>$VAR[value_seekforward]</label>
			</control>
		</control>

		<!-- Buffering Dialog -->
		<control type="label" id="24">
			<description>buffering label</description>
			<label>$LOCALIZE[15107] $INFO[Player.CacheLevel]%</label>
			<posx>499</posx>
			<posy>330</posy>
			<width>281</width>
			<height>18</height>
			<aligny>center</aligny>
			<align>center</align>
			<font>Font_23</font>
			<textcolor>80FFFAF0</textcolor>
			<include>Animation_Fade</include>
		</control>

	</controls>

</window>