<?xml version="1.0" encoding="UTF-8"?>
<colors>
  <color name="Grey3">FFdadada</color>
	<color name="Grey2">FFdadada</color>
	<color name="Grey">FFdadada</color>
	<color name="White">FFCCCCCC</color>
	<color name="White2">FFFFFFFF</color>
	<color name="Red">FFFF0000</color>
	<color name="Blue">FF003366</color>
	<color name="Black">FF000000</color>
	<color name="BlackT">55000000</color>
	<color name="BlackST">90000000</color>
	<color name="Silver">FFE2E2E2</color>
	<color name="Diffuse">FFA0A0A0</color>
	<color name="Diffuse2">FF474747</color>
	<color name="Disabled">FF5E5E5E</color>	
	<color name="Shadow">90151515</color>
	<color name="ShadowDark">FF151515</color>
	<color name="HL">FFFFFFFF</color>
	<color name="Overlay">FF42474e</color>
</colors>
