<?xml version="1.0" encoding="UTF-8"?>
<window id="151">
    <include>openclose</include>
    <include>opencloseslideup</include>
    <defaultcontrol></defaultcontrol>
    <controls>
        <control type="group">
            <left>1140</left>
            <top>952</top>
            <animation effect="slide" start="0" end="-795" time="100" condition="Window.IsVisible(107)">Conditional</animation>
            <!-- <animation effect="slide" start="0,0" end="0,80" time="200" condition="Window.IsVisible(visualisation)">Conditional</animation> -->
            <control type="image">
                <left>-135</left>
                <top>30</top>
                <description>background image</description>
                <width>1800</width>
                <height>120</height>
                <texture background="true">KaiToastBack.png</texture>
            </control>
            <control type="image">
                <description>Busy animation</description>
                <left>-22</left>
                <top>52</top>
                <width>38</width>
                <height>38</height>
                <texture background="true">Busy.png</texture>
                <aspectratio>keep</aspectratio>
                <colordiffuse>grey2</colordiffuse>
                <animation effect="rotate" start="0" end="360" center="auto" time="2500" loop="true" condition="true">conditional</animation>
            </control>
            <control type="label" id="30">
                <description>Header Label</description>
                <left>30</left>
                <top>45</top>
                <width>705</width>
                <height>27</height>
                <font>ubuntu-r16b</font>
                <shadowcolor>-</shadowcolor>
                <textcolor>black</textcolor>
                <align>left</align>
                <aligny>center</aligny>
            </control>
            <control type="label" id="31">
                <description>Title Label</description>
                <left>30</left>
                <top>72</top>
                <width>705</width>
                <height>30</height>
                <font>ubuntu-r13b</font>
                <shadowcolor>-</shadowcolor>
                <textcolor>black</textcolor>
                <align>left</align>
                <aligny>center</aligny>
            </control>
            <control type="progress" id="32">
                <description>progress control</description>
                <left>30</left>
                <top>105</top>
                <width>720</width>
                <height>15</height>
            </control>
        </control>
    </controls>
</window>
