<?xml version="1.0" encoding="UTF-8"?>
<window>
    <defaultcontrol always="true">5000</defaultcontrol>
	<backgroundcolor>$VAR[BackgroundOverlayColor]</backgroundcolor>
    <include>openclose</include>
    <controls>
        <control type="group">
			<animation effect="fade" start="100" end="0" time="200" tween="sine" condition="Window.IsVisible(script-script.extendedinfo-DialogVideoInfo.xml) | Window.IsVisible(script-script.extendedinfo-DialogInfo.xml) | Window.IsVisible(script-script.extendedinfo-VideoList.xml)">Conditional</animation>
            <visible>!Window.IsVisible(FileBrowser)</visible>
            <control type="group">
                <include>openclosefanart</include>
                <include>DialogBackground</include>
                <include>WhiteGrunge</include>
            </control>
            <control type="group">
                <include>openclosebox</include>
                <include>DialogInfoWide</include>
                <control type="group">
                    <left>480</left>
                    <top>261</top>
                    <include>openclosevisible</include>
                    <visible>Control.HasFocus(15)|ControlGroup(600).HasFocus()</visible>
                    <control type="label">
                        <left>0</left>
                        <top>0</top>
                        <width>1012</width>
                        <height>570</height>
                        <textcolor>grey2</textcolor>
                        <font>impacted24</font>
                        <align>center</align>
                        <aligny>center</aligny>
                        <label>31330</label>
                        <visible>!Player.HasVideo</visible>
                    </control>
                    <control type="videowindow">
                        <description>No Fanart Back</description>
                        <left>8</left>
                        <top>8</top>
                        <width>998</width>
                        <height>555</height>
                        <visible>Player.HasVideo</visible>
                    </control>
                    <control type="group" id="600">
                        <left>330</left>
                        <top>502</top>
                        <animation effect="fade" start="100" end="60" time="200" condition="!ControlGroup(600).HasFocus()">Conditional</animation>
                        <visible>Player.HasVideo</visible>
                        <control type="button" id="601">
                            <left>60</left>
                            <top>0</top>
                            <width>60</width>
                            <height>60</height>
                            <label>-</label>
                            <texturefocus colordiffuse="description">osd/RewindFO.png</texturefocus>
                            <texturenofocus colordiffuse="grey">osd/RewindFO.png</texturenofocus>
                            <onleft>604</onleft>
                            <onright>603</onright>
                            <onup>noop</onup>
                            <ondown>15</ondown>
                            <onclick>PlayerControl(Rewind)</onclick>
                            <visible>!VideoPlayer.Content(LiveTV)</visible>
                        </control>
                        <control type="togglebutton" id="603">
                            <left>120</left>
                            <top>0</top>
                            <width>60</width>
                            <height>60</height>
                            <label>-</label>
                            <texturefocus colordiffuse="description">osd/PauseFO.png</texturefocus>
                            <texturenofocus colordiffuse="grey">osd/PauseFO.png</texturenofocus>
                            <usealttexture>Player.Paused|Player.Forwarding|Player.Rewinding</usealttexture>
                            <alttexturefocus colordiffuse="description">osd/PlayFO.png</alttexturefocus>
                            <alttexturenofocus colordiffuse="grey">osd/PlayFO.png</alttexturenofocus>
                            <onleft>601</onleft>
                            <onright>602</onright>
                            <onup>noop</onup>
                            <ondown>15</ondown>
                            <onclick>PlayerControl(Play)</onclick>
                            <visible>!VideoPlayer.Content(LiveTV)</visible>
                        </control>
                        <control type="button" id="602">
                            <left>180</left>
                            <top>0</top>
                            <width>60</width>
                            <height>60</height>
                            <label>-</label>
                            <texturefocus colordiffuse="description">osd/StopFO.png</texturefocus>
                            <texturenofocus colordiffuse="grey">osd/StopFO.png</texturenofocus>
                            <onleft>603</onleft>
                            <onright>604</onright>
                            <onup>noop</onup>
                            <ondown>15</ondown>
                            <onclick>down</onclick>
                            <onclick>PlayerControl(Stop)</onclick>
                            <visible>!VideoPlayer.Content(LiveTV)</visible>
                        </control>
                        <control type="button" id="604">
                            <left>240</left>
                            <top>0</top>
                            <width>60</width>
                            <height>60</height>
                            <label>-</label>
                            <texturefocus colordiffuse="description">osd/ForwardFO.png</texturefocus>
                            <texturenofocus colordiffuse="grey">osd/ForwardFO.png</texturenofocus>
                            <onleft>602</onleft>
                            <onright>601</onright>
                            <onup>noop</onup>
                            <ondown>15</ondown>
                            <onclick>PlayerControl(Forward)</onclick>
                            <visible>!VideoPlayer.Content(LiveTV)</visible>
                        </control>
                    </control>
                </control>
                <control type="label">
                    <description>Title</description>
                    <left>22</left>
                    <top>186</top>
                    <width>1020</width>
                    <font>impacted31</font>
                    <label>$INFO[ListItem.Title]$INFO[ListItem.Year, (,)]</label>
                    <scroll>true</scroll>
                </control>
                <control type="group">
                    <visible>!Control.HasFocus(15)+!ControlGroup(600).HasFocus()</visible>
                    <include>openclosevisible</include>
                    <control type="image">
                        <left>1028</left>
                        <top>285</top>
                        <width>3</width>
                        <height>495</height>
                        <colordiffuse>fanartdiffuse</colordiffuse>
                        <texture>Separator4.png</texture>
                        <visible>Skin.HasSetting(WindowedTrailer)</visible>
                    </control>
					<control type="image">
						<description>Rated</description>
						<left>1470</left>
						<top>785</top>
						<width>330</width>
						<height>45</height>
						<aspectratio>keep</aspectratio>
						<texture fallback="leftuserrating/0.png">$INFO[ListItem.UserRating,leftuserrating/,.png]</texture>
						<visible>!String.IsEmpty(ListItem.UserRating)</visible>
					</control>
					<control type="image">
						<left>1028</left>
						<top>270</top>
						<width>3</width>
						<height>550</height>
						<colordiffuse>fanartdiffuse</colordiffuse>
						<texture background="true">Separator4.png</texture>
					</control>
					<control type="image">
						<left>30</left>
						<top>600</top>
						<width>960</width>
						<height>3</height>
						<colordiffuse>fanartdiffuse</colordiffuse>
						<texture>Separator1.png</texture>
						<visible>!String.IsEmpty(ListItem.Plot)</visible>
						<visible>!Control.IsVisible(50)</visible>
					</control>
					<control type="image">
						<left>1070</left>
						<top>600</top>
						<width>300</width>
						<height>3</height>
						<colordiffuse>fanartdiffuse</colordiffuse>
						<texture>Separator1.png</texture>
						<visible>!Control.IsVisible(50)</visible>
						<visible>!String.IsEmpty(ListItem.Property(AudioLanguage.1))</visible>
					</control>
					<control type="grouplist"> <!-- Arts -->
						<left>1080</left>
						<top>230</top>
						<height>330</height>
						<width>290</width>
						<align>center</align>
						<aligny>center</aligny>
						<itemgap>0</itemgap>
						<orientation>vertical</orientation>
						<include>openclosevisible</include>
						<visible>!Control.IsVisible(50)</visible>
						<visible>!container.content(musicvideos)+!String.Contains(ListItem.FolderPath,plugin://)</visible>
						<control type="image">
							<width>290</width>
							<height>205</height>
							<colordiffuse>black</colordiffuse>
							<aspectratio aligny="top">keep</aspectratio>
							<texture>$VAR[MovieStudioLogoVar]$INFO[ListItem.Studio,,.png]</texture>
							<visible>!String.Contains(Skin.String(studiologos.name),coloured)</visible>
							<visible>!String.IsEmpty(ListItem.Studio)</visible>
						</control>
						<control type="image">
							<width>290</width>
							<height>205</height>
							<aspectratio aligny="top">keep</aspectratio>
							<texture>$VAR[MovieStudioLogoVar]$INFO[ListItem.Studio,,.png]</texture>
							<visible>String.Contains(Skin.String(studiologos.name),coloured)</visible>
							<visible>!String.IsEmpty(ListItem.Studio)</visible>
						</control>
						<control type="image">
							<width>290</width>
							<height>20</height>
							<texture>-</texture>
						</control>
						<control type="image">
							<!-- <visible>Skin.HasSetting(fsk_original)|Skin.HasSetting(fsk_dual)</visible> -->
							<width>290</width>
							<height>100</height>
							<aspectratio>keep</aspectratio>
							<texture>$VAR[Furniture_VideoRating]</texture>
							<visible>!String.IsEmpty(ListItem.mpaa)</visible>
						</control>
					</control>
					<control type="group"> <!-- Flaggs -->
						<left>1090</left>
						<top>580</top>
						<width>290</width>
						<height>215</height>
						<include>openclosevisible</include>
						<visible>!Control.IsVisible(50)</visible>
						<visible>!container.content(musicvideos)+!String.Contains(ListItem.FolderPath,plugin://)</visible>
						<control type="image">
							<description>AudioLanguage Icon</description>
							<left>0</left>
							<top>50</top>
							<width>55</width>
							<height>36</height>
							<colordiffuse>description</colordiffuse>
							<texture>flagging/audiostream1.png</texture>
							<visible>!String.IsEmpty(ListItem.Property(AudioLanguage.1))</visible>
						</control>
						<control type="image">
							<description>AudioLanguage Icon</description>
							<left>70</left>
							<top>50</top>
							<include>FlagDimension2</include>
							<texture fallback="flagging/lang/empty.png">$INFO[ListItem.Property(AudioLanguage.1),resource://resource.images.languageflags.colour/,.png]</texture>
							<visible>!String.IsEmpty(ListItem.Property(AudioLanguage.1))</visible>
						</control>
						<control type="image">
							<description>AudioChannels Icon</description>
							<left>170</left>
							<top>50</top>
							<include>FlagDimension</include>
							<texture>$INFO[ListItem.Property(AudioChannels.1),flagging/audio/,.png]</texture>
							<visible>!String.IsEmpty(ListItem.Property(AudioChannels.1))</visible>
						</control>
						<control type="image">
							<description>AudioLanguage Icon</description>
							<left>0</left>
							<top>100</top>
							<width>55</width>
							<height>36</height>
							<colordiffuse>description</colordiffuse>
							<texture>flagging/audiostream2.png</texture>
							<visible>!String.IsEmpty(ListItem.Property(AudioLanguage.2))</visible>
						</control>
						<control type="image">
							<description>AudioLanguage Icon</description>
							<left>70</left>
							<top>100</top>
							<include>FlagDimension2</include>
							<texture fallback="flagging/lang/empty.png">$INFO[ListItem.Property(AudioLanguage.2),resource://resource.images.languageflags.colour/,.png]</texture>
							<visible>!String.IsEmpty(ListItem.Property(AudioLanguage.2))</visible>
						</control>
						<control type="image">
							<description>AudioChannels Icon</description>
							<left>170</left>
							<top>100</top>
							<include>FlagDimension</include>
							<texture>$INFO[ListItem.Property(AudioChannels.2),flagging/audio/,.png]</texture>
							<visible>!String.IsEmpty(ListItem.Property(AudioChannels.2))</visible>
						</control>
						<control type="image">
							<description>Seperator Icon</description>
							<left>0</left>
							<top>150</top>
							<width>55</width>
							<height>36</height>
							<colordiffuse>description</colordiffuse>
							<texture>flagging/subtitles.png</texture>
							<visible>!String.IsEmpty(ListItem.Property(SubtitleLanguage.1))</visible>
						</control>
						<control type="image">
							<description>SubtitleLanguage Icon</description>
							<left>70</left>
							<top>150</top>
							<include>FlagDimension2</include>
							<texture fallback="flagging/sub_lang/empty.png">$INFO[ListItem.Property(SubtitleLanguage.1),resource://resource.images.languageflags.colour/,.png]</texture>
							<visible>!String.IsEmpty(ListItem.Property(SubtitleLanguage.1))</visible>
						</control>
						<control type="image">
							<description>SubtitleLanguage Icon</description>
							<left>140</left>
							<top>150</top>
							<include>FlagDimension2</include>
							<texture fallback="flagging/sub_lang/empty.png">$INFO[ListItem.Property(SubtitleLanguage.2),resource://resource.images.languageflags.colour/,.png]</texture>
							<visible>!String.IsEmpty(ListItem.Property(SubtitleLanguage.2))</visible>
						</control>
						<control type="image">
							<description>SubtitleLanguage Icon</description>
							<left>210</left>
							<top>150</top>
							<include>FlagDimension2</include>
							<texture fallback="flagging/sub_lang/empty.png">$INFO[ListItem.Property(SubtitleLanguage.3),resource://resource.images.languageflags.colour/,.png]</texture>
							<visible>!String.IsEmpty(ListItem.Property(SubtitleLanguage.3))</visible>
						</control>
						<control type="image">
							<description>SubtitleLanguage Icon</description>
							<left>70</left>
							<top>200</top>
							<include>FlagDimension2</include>
							<texture fallback="flagging/sub_lang/empty.png">$INFO[ListItem.Property(SubtitleLanguage.4),resource://resource.images.languageflags.colour/,.png]</texture>
							<visible>!String.IsEmpty(ListItem.Property(SubtitleLanguage.4))</visible>
						</control>
					</control>
                    <control type="group"> <!-- Cover & Infos -->
                        <include>openclosevisible</include>
                        <visible>!Control.IsVisible(50)</visible>
                        <!-- <visible>!String.Contains(ListItem.Filenameandpath,plugin://)</visible> -->
                        <left>90</left>
                        <top>0</top>
						<control type="group">
							<left>345</left>
							<top>15</top>
							<visible>!Skin.HasSetting(hideMovieCases)</visible>
							<control type="image" id="3">
								<left>1035</left>
								<top>216</top>
								<width>368</width>
								<height>534</height>
								<aspectratio>stretch</aspectratio>
								<fadetime>FadeTime</fadetime>
								<texture diffuse="clear-cases/clearcase_inlay.png" fallback="FallbackCover.png">$VAR[PosterThumb]</texture>
							</control>
							<control type="image">
								<left>993</left>
								<top>213</top>
								<width>412</width>
								<height>540</height>
								<aspectratio>stretch</aspectratio>
								<fadetime>FadeTime</fadetime>
								<texture fallback="clear-cases/fallback.png">$VAR[clearcase]</texture>
								<visible>!String.IsEqual(ListItem.DBType,tvshow)</visible>
							</control>
							<control type="image">
								<left>993</left>
								<top>213</top>
								<width>412</width>
								<height>540</height>
								<aspectratio>stretch</aspectratio>
								<fadetime>FadeTime</fadetime>
								<texture>clear-cases/tvshows.png</texture>
								<visible>String.IsEqual(ListItem.DBType,tvshow)</visible>
							</control>
						</control>
						<control type="group">
							<visible>Skin.HasSetting(hideMovieCases)</visible>
							<control type="image">
								<left>1350</left>
								<top>250</top>
								<width>368</width>
								<height>534</height>
								<aspectratio>stretch</aspectratio>
								<fadetime>FadeTime</fadetime>
								<bordertexture border="10">ThumbShadow.png</bordertexture>
								<bordersize>7</bordersize>
								<texture fallback="FallbackCover.png">$VAR[PosterThumb]</texture>
							</control>
						</control>
                        <control type="list" id="49">
							<animation effect="slide" end="0,100" condition="String.IsEmpty(ListItem.Plot)">Conditional</animation>
                            <left>-85</left>
                            <top>275</top>
                            <width>1020</width>
                            <height>300</height>
                            <onleft>49</onleft>
                            <onright>49</onright>
                            <onup>5000</onup>
                            <ondown condition="Control.IsVisible(138)">138</ondown>
                            <ondown condition="!Control.IsVisible(138)">5000</ondown>
							<aligny>center</aligny>
                            <pagecontrol>-</pagecontrol>
                            <scrolltime>200</scrolltime>
							<visible>!Control.IsVisible(50)</visible>
                            <include>openclosevisible</include>
                            <itemlayout height="30">
                                <control type="label">
                                    <left>15</left>
                                    <top>0</top>
                                    <width>240</width>
                                    <height>28</height>
                                    <font>impacted18</font>
                                    <align>right</align>
                                    <aligny>center</aligny>
                                    <textcolor>selectedhome</textcolor>
                                    <selectedcolor>selectedhome</selectedcolor>
                                    <info>ListItem.Label</info>
                                </control>
                                <control type="label">
                                    <left>262</left>
                                    <top>0</top>
                                    <width>720</width>
                                    <height>28</height>
                                    <font>impacted18</font>
                                    <align>left</align>
                                    <aligny>center</aligny>
                                    <textcolor>grey3</textcolor>
                                    <selectedcolor>grey3</selectedcolor>
                                    <info>ListItem.Label2</info>
                                </control>
                            </itemlayout>
                            <focusedlayout height="30">
                                <control type="image">
                                    <left>30</left>
                                    <top>1</top>
                                    <width>960</width>
                                    <height>28</height>
                                    <texture border="2">buttons/ButtonNFlight.png</texture>
                                    <visible>Control.HasFocus(49)</visible>
                                </control>
                                <control type="label">
                                    <left>15</left>
                                    <top>0</top>
                                    <width>240</width>
                                    <height>28</height>
                                    <font>impacted18</font>
                                    <align>right</align>
                                    <aligny>center</aligny>
                                    <textcolor>selectedhome</textcolor>
                                    <selectedcolor>selectedhome</selectedcolor>
                                    <info>ListItem.Label</info>
                                </control>
                                <control type="label">
                                    <left>262</left>
                                    <top>0</top>
                                    <width>720</width>
                                    <height>28</height>
                                    <font>impacted18</font>
                                    <align>left</align>
                                    <aligny>center</aligny>
                                    <textcolor>grey3</textcolor>
                                    <selectedcolor>grey3</selectedcolor>
                                    <info>ListItem.Label2</info>
                                </control>
                            </focusedlayout>
                            <content>
                                <item>
                                    <label>$LOCALIZE[20376]:</label>
                                    <label2>$INFO[ListItem.OriginalTitle]</label2>
                                    <onclick>noop</onclick>
                                    <visible>!String.IsEmpty(ListItem.OriginalTitle) + !String.IsEqual(ListItem.OriginalTitle,Listitem.Title)</visible>
                                </item>
                                <item>
                                    <label>$LOCALIZE[36910]:</label>
                                    <label2>$INFO[ListItem.Set] $INFO[ListItem.SetID,[COLOR=grey1](ID : ,)[/COLOR]]</label2>
                                    <onclick>noop</onclick>
                                    <visible>!String.IsEmpty(ListItem.Set)</visible>
                                </item>
                                <item>
                                    <label>$LOCALIZE[20339]:</label>
                                    <label2>$INFO[ListItem.Director]</label2>
                                    <onclick>noop</onclick>
                                    <visible>!String.IsEmpty(ListItem.Director)</visible>
                                </item>
                                <item>
                                    <label>$LOCALIZE[20417]:</label>
                                    <label2>$INFO[ListItem.Writer]</label2>
                                    <onclick>noop</onclick>
                                    <visible>!String.IsEmpty(ListItem.Writer)</visible>
                                </item>
                                <item>
                                    <label>$LOCALIZE[572]:</label>
                                    <label2>$INFO[ListItem.Studio]</label2>
                                    <onclick>noop</onclick>
                                    <visible>!String.IsEmpty(ListItem.Studio)</visible>
                                </item>
                                <item>
                                    <label>$LOCALIZE[515]:</label>
                                    <label2>$INFO[ListItem.Genre]</label2>
                                    <onclick>noop</onclick>
                                    <visible>!String.IsEmpty(ListItem.Genre)</visible>
                                </item>
                                <item>
                                    <label>$LOCALIZE[2050]:</label>
                                    <label2>$INFO[ListItem.Duration] $LOCALIZE[12391]</label2>
                                    <onclick>noop</onclick>
                                    <visible>!String.IsEmpty(ListItem.Duration)</visible>
                                </item>
                                <item>
                                    <label>$LOCALIZE[563]:</label>
                                    <label2>$INFO[ListItem.RatingAndVotes]</label2>
                                    <onclick>noop</onclick>
                                    <visible>!String.IsEmpty(ListItem.RatingAndVotes)</visible>
                                </item>
                                <item>
                                    <label>$LOCALIZE[563]:</label>
                                    <label2>$INFO[ListItem.Rating] $INFO[ListItem.Votes,(,)]</label2>
                                    <onclick>noop</onclick>
                                    <visible>!String.IsEmpty(ListItem.Rating)+String.IsEmpty(ListItem.RatingAndVotes)</visible>
                                </item>
                                <item>
                                    <label>$LOCALIZE[20074]:</label>
                                    <label2>$INFO[ListItem.mpaa]</label2>
                                    <onclick>noop</onclick>
                                    <visible>!String.IsEmpty(ListItem.mpaa)</visible>
                                </item>
                                <item>
                                    <label>$LOCALIZE[31322]:</label>
                                    <label2>$INFO[ListItem.Premieselectedhome]</label2>
                                    <onclick>noop</onclick>
                                    <visible>!String.IsEmpty(ListItem.Premieselectedhome)</visible>
                                </item>
                                <item>
                                    <label>$LOCALIZE[20364]:</label>
                                    <label2>$INFO[ListItem.TVShowTitle]</label2>
                                    <onclick>noop</onclick>
                                    <visible>!String.IsEmpty(ListItem.TVShowTitle)</visible>
                                </item>
                                <item>
                                    <label>$LOCALIZE[20373]:</label>
                                    <label2>$INFO[ListItem.Season]</label2>
                                    <onclick>noop</onclick>
                                    <visible>!String.IsEmpty(ListItem.Season)</visible>
                                </item>
                                <item>
                                    <label>$LOCALIZE[20360]:</label>
                                    <label2>$INFO[ListItem.Property(NumEpisodes)] [COLOR=grey2] $INFO[ListItem.Property(WatchedEpisodes),(, $LOCALIZE[16102])][/COLOR]</label2>
                                    <onclick>noop</onclick>
                                    <visible>!String.IsEmpty(ListItem.Property(NumEpisodes))</visible>
                                </item>
                                <item>
                                    <label>$LOCALIZE[20359]:</label>
                                    <label2>$INFO[ListItem.Episode]</label2>
                                    <onclick>noop</onclick>
                                    <visible>!String.IsEmpty(ListItem.Episode)</visible>
                                </item>
                                <item>
                                    <label>$LOCALIZE[557]:</label>
                                    <label2>$INFO[ListItem.Artist]</label2>
                                    <onclick>noop</onclick>
                                    <visible>!String.IsEmpty(ListItem.Artist)</visible>
                                </item>
                                <item>
                                    <label>$LOCALIZE[558]:</label>
                                    <label2>$INFO[ListItem.Album]</label2>
                                    <onclick>noop</onclick>
                                    <visible>!String.IsEmpty(ListItem.Album)</visible>
                                </item>
                                <item>
									<label>$LOCALIZE[202]:</label>
									<label2>$INFO[ListItem.Tag]</label2>
									<onclick>noop</onclick>
									<visible>!String.IsEmpty(ListItem.Tag)</visible>
								</item>
                                <item>
                                    <label>$LOCALIZE[15311]</label>
                                    <label2>$INFO[ListItem.FilenameAndPath]</label2>
                                    <onclick>noop</onclick>
                                    <visible>!String.IsEmpty(ListItem.FilenameAndPath)</visible>
                                </item>
                            </content>
                        </control>
                    </control>
					<control type="group">
						<left>0</left>
						<top>0</top>
						<control type="button" id="138">
							<left>30</left>
							<top>610</top>
							<width>960</width>
							<height>220</height>
							<textoffsetx>40</textoffsetx>
							<textoffsety>20</textoffsety>
							<aligny>bottom</aligny>
							<label></label>
							<onclick condition="!String.IsEmpty(ListItem.Plot)">SetProperty(TextViewer_Header,$LOCALIZE[207],home)</onclick>
							<onclick condition="!String.IsEmpty(ListItem.Plot)">SetProperty(TextViewer_Text,$ESCINFO[ListItem.Plot],home)</onclick>
							<onclick condition="!String.IsEmpty(ListItem.Plot)">ActivateWindow(1102)</onclick>
							<onup>49</onup>
							<onleft>138</onleft>
							<onright>138</onright>
							<ondown>5000</ondown>
							<texturefocus>buttons/ButtonNF.png</texturefocus>
							<texturenofocus>-</texturenofocus>
							<visible>!String.IsEmpty(ListItem.Plot)</visible>
							<!-- <visible>Integer.IsGreater(Container(4000).NumItems,0)</visible> -->
						</control>
						<control type="textbox" id="400">
							<include>openclosevisible</include>
							<description>Description Value for Movies</description>
							<left>40</left>
							<top>620</top>
							<width>940</width>
							<height>200</height>
							<textcolor>black</textcolor>
							<pagecontrol>61</pagecontrol>
							<font>ubuntu-r16b</font>
							<label>$INFO[ListItem.Plot]</label>
							<visible>!Control.IsVisible(50)</visible>
						</control>
						<control type="group">
							<left>490</left>
							<top>200</top>
							<visible>Control.IsVisible(50)</visible>
							<control type="image">
								<include>openclosevisible</include>
								<description>Actor image</description>
								<left>820</left>
								<top>115</top>
								<width>340</width>
								<height>435</height>
								<texture>$INFO[Container(50).Listitem.Icon]</texture>
								<bordertexture border="10">ThumbShadow.png</bordertexture>
								<bordersize>7</bordersize>
								<aspectratio>scale</aspectratio>
								<visible>!SubString(Container(50).Listitem.Icon,default)</visible>
							</control>
							<control type="image">
								<include>openclosevisible</include>
								<description>Actor image</description>
								<left>890</left>
								<top>230</top>
								<width>200</width>
								<height>200</height>
								<texture>$INFO[Container(50).Listitem.Icon]</texture>
								<bordertexture border="10">ThumbShadow.png</bordertexture>
								<bordersize>4</bordersize>
								<aspectratio>keep</aspectratio>
								<visible>SubString(Container(50).Listitem.Icon,default)</visible>
							</control>
							<control type="image">
								<include>openclosevisible</include>
								<description>Actor image</description>
								<left>827</left>
								<top>480</top>
								<width>326</width>
								<height>60</height>
								<colordiffuse>grey</colordiffuse>
								<texture>BlackBack.png</texture>
							</control>
							<control type="label">
								<left>830</left>
								<top>482</top>
								<width>320</width>
								<height>30</height>
								<textcolor>white</textcolor>
								<label>$INFO[Container(50).ListItem.Label]</label>
								<scroll>true</scroll>
								<align>center</align>
							</control>
							<control type="label">
								<left>830</left>
								<top>510</top>
								<width>320</width>
								<height>30</height>
								<textcolor>white</textcolor>
								<label>$INFO[Container(50).ListItem.Label2,$LOCALIZE[20347] ,]</label>
								<scroll>true</scroll>
								<align>center</align>
							</control>
						</control>
					</control>
					<control type="panel" id="50">
                        <left>60</left>
                        <top>267</top>
                        <width>945</width>
                        <height>585</height>
                        <onleft>50</onleft>
                        <onright>50</onright>
                        <onup>50</onup>
                        <ondown>5000</ondown>
                        <viewtype label="">list</viewtype>
                        <pagecontrol>-</pagecontrol>
                        <scrolltime>200</scrolltime>
                        <orientation>horizontal</orientation>
                        <visible>Control.HasFocus(5)|Control.HasFocus(50)</visible>
                        <itemlayout height="189" width="189">
                            <control type="image">
                                <left>4</left>
                                <top>4</top>
                                <width>172</width>
                                <height>172</height>
                                <aspectratio>scale</aspectratio>
                                <colordiffuse>grey</colordiffuse>
                                <texture border="5">$INFO[ListItem.Icon]</texture>
                            </control>
                        </itemlayout>
                        <focusedlayout height="195" width="195">
                            <control type="image">
                                <include>focuseffect</include>
                                <left></left>
                                <top></top>
                                <width>180</width>
                                <height>180</height>
                                <aspectratio>scale</aspectratio>
                                <texture border="5">$INFO[ListItem.Icon]</texture>
                                <bordertexture border="4">buttons/ButtonNF.png</bordertexture>
                                <bordersize>3</bordersize>
                            </control>
                        </focusedlayout>
                    </control>
                    <control type="group">
                        <left>14</left>
                        <top>540</top>
                        <include>openclosevisible</include>
                        <visible>Control.HasFocus(50)</visible>
                        <control type="image">
                            <include>openclosevisible</include>
                            <description>Arrow for List 50</description>
                            <left>20</left>
                            <top>0</top>
                            <width>18</width>
                            <height>27</height>
                            <texture>ArrowBig.png</texture>
                            <visible>Container(50).HasPrevious</visible>
                        </control>
                        <control type="image">
                            <include>openclosevisible</include>
                            <description>Arrow</description>
                            <left>990</left>
                            <top>0</top>
                            <width>18</width>
                            <height>27</height>
                            <texture flipx="true">ArrowBig.png</texture>
                            <visible>Container(50).HasNext</visible>
                        </control>
                    </control>
                    <control type="group">
                        <left>20</left>
                        <top>873</top>
                        <control type="image">
                            <include>openclosevisible</include>
                            <description>Arrow for Grouplist 5000</description>
                            <left>0</left>
                            <top>0</top>
                            <width>18</width>
                            <height>27</height>
                            <texture>ArrowBig.png</texture>
                            <visible>Container(5000).HasPrevious</visible>
                        </control>
                        <control type="image">
                            <include>openclosevisible</include>
                            <description>Arrow</description>
                            <left>38r</left>
                            <top>0</top>
                            <width>18</width>
                            <height>27</height>
                            <texture flipx="true">ArrowBig.png</texture>
                            <visible>Container(5000).HasNext</visible>
                        </control>
                    </control>
                </control>
                <control type="grouplist" id="5000">
                    <left>60</left>
                    <top>867</top>
                    <width>1806</width>
                    <height>75</height>
                    <itemgap>8</itemgap>
                    <align>center</align>
                    <orientation>horizontal</orientation>
                    <onup condition="Control.HasFocus(5)">50</onup>
                    <onup condition="Control.IsVisible(138)">138</onup>
                    <onup condition="Control.HasFocus(30)">61</onup>
                    <ondown>noop</ondown>
                    <control type="button" id="7">
                        <description>UserRating</description>
                        <include>dialogbutton</include>
                        <label>31030</label>
						<enable>IsEmpty(Container.PluginName)</enable>
                    </control>
                    <control type="togglebutton" id="8">
                        <description>Play/browse to Show</description>
                        <include>dialogbutton</include>
                        <label>208</label>
                        <texturenofocus>-</texturenofocus>
                        <alttexturenofocus>-</alttexturenofocus>
                        <altlabel>1024</altlabel>
                        <usealttexture>Container.Content(TVShows)</usealttexture>
                    </control>
                    <control type="button" id="9">
                        <description>Resume</description>
                        <include>dialogbutton</include>
                        <label>13404</label>
                        <visible>ListItem.IsResumable</visible>
                    </control>
                    <control type="button" id="11">
                        <description>Play Trailer</description>
                        <include>dialogbutton</include>
                        <label>20410</label>
						<visible>!String.IsEmpty(ListItem.Trailer) + ![String.StartsWith(Container.FolderPath,plugin://) + String.Contains(Container.FolderPath,trailer)]</visible>
                        <visible>!Skin.HasSetting(WindowedTrailer)</visible>
                    </control>
                    <control type="button" id="440">
                        <description>Play Trailer</description>
                        <include>dialogbutton</include>
                        <label>31090</label>
						<onclick>Action(close)</onclick>
						<onclick>RunScript(script.extendedinfo,info=youtubebrowser,id=$INFO[ListItem.Title] $INFO[ListItem.Year])</onclick>
						<visible>System.hasAddon(script.extendedinfo) + String.IsEqual(ListItem.DBType,movie) + !Control.IsVisible(11)</visible>
                    </control>
                    <control type="button" id="15">
                        <description>Play Trailer Windowed</description>
                        <include>dialogbutton</include>
                        <onup>603</onup>
                        <label>20410</label>
                        <onclick>PlayMedia($INFO[ListItem.Trailer],1)</onclick>
                        <visible>!String.IsEmpty(ListItem.Trailer) + Skin.HasSetting(WindowedTrailer)</visible>
                    </control>
                    <control type="button" id="5">
                        <description>Cast/Review</description>
                        <include>dialogbutton</include>
                        <label>206</label>
                        <visible>!String.StartsWith(ListItem.Filenameandpath,plugin://)</visible>
                    </control>
                    <control type="button" id="441">
                        <description>CinemaVision</description>
                        <include>dialogbutton</include>
                        <label>31002</label>
						<onclick>Dialog.Close(MovieInformation)</onclick>
						<onclick>RunScript(script.cinemavision,experience)</onclick>
						<visible>System.HasAddon(script.cinemavision) + [String.IsEqual(ListItem.DBType,movie) | String.IsEqual(ListItem.DBType,tvshow) | String.IsEqual(ListItem.DBType,season) | String.IsEqual(ListItem.DBType,episode)]</visible>
                    </control>
                    <control type="button" id="101">
                        <description>extendedinfo</description>
                        <include>dialogbutton</include>
                        <label>31034</label>
						<onclick>RunScript(script.extendedinfo,info=openinfodialog)</onclick>
						<visible>System.hasAddon(script.extendedinfo)</visible>
                    </control>
                    <control type="button" id="10">
                        <description>Get Thumb</description>
                        <include>dialogbutton</include>
                        <label>13511</label>
                        <visible>!String.Contains(ListItem.Filenameandpath,plugin://)</visible>
                    </control>
					<include content="InfoDialogButton">
						<param name="id" value="13" />
						<param name="icon" value="icons/infodialogs/director.png" />
						<param name="label" value="$LOCALIZE[31123]" />
						<param name="visible" value="!String.IsEmpty(ListItem.Director)" />
					</include>
                    <control type="button" id="13">
                        <description>Same director</description>
                        <include>dialogbutton</include>
                        <label>31123</label>
                        <visible>!String.IsEmpty(ListItem.Director)</visible>
                    </control>
                    <control type="button" id="6">
                        <description>Refresh</description>
                        <include>dialogbutton</include>
                        <label>184</label>
                    </control>
                    <control type="button" id="442">
                        <description>Steelbox</description>
                        <include>dialogbutton</include>
                        <label>Steelbox</label>
                        <onclick>ActivateWindow(1152)</onclick>
                        <visible>!Container.Content(episodes)+!String.Contains(ListItem.Filenameandpath,plugin://)</visible>
                        <!-- <enable>System.HasAddon(script.artwork.downloader)</enable> -->
                    </control>
                </control>
            </control>
        </control>
        <include>BehindDialogFadeOut</include>
    </controls>
</window>
