<?xml version="1.0" encoding="UTF-8"?>
<window id="610">
    <defaultcontrol always="true">11</defaultcontrol>
    <include>openclose</include>
    <animation effect="slide" start="735,0" end="0,0" time="400">WindowOpen</animation>
    <animation effect="slide" start="0,0" end="735,0" time="400">WindowClose</animation>
    <controls>
        <control type="group">
            <left>120</left>
            <control type="group">
                <control type="group">
                    <left>1028</left>
                    <top>-45</top>
                    <control type="image">
                        <left>-15</left>
                        <top>0</top>
                        <width>15</width>
                        <height>1200</height>
                        <colordiffuse>fanartdiffuse</colordiffuse>
                        <texture background="true" flipx="true">SideFade.png</texture>
                    </control>
                    <control type="image">
                        <left>0</left>
                        <top>0</top>
                        <width>750</width>
                        <height>1200</height>
                        <texture background="true">BlackBack.png</texture>
                    </control>
                    <control type="image">
                        <left>0</left>
                        <top>0</top>
                        <width>750</width>
                        <height>1200</height>
                        <colordiffuse>grey3</colordiffuse>
                        <texture background="true">WhiteBack.png</texture>
                    </control>
                    <control type="image">
                        <description>background image</description>
                        <left>0</left>
                        <top>0</top>
                        <width>752</width>
                        <height>225</height>
                        <texture flipy="true">Shadow.png</texture>
                    </control>
                    <control type="image">
                        <description>background image</description>
                        <left>0</left>
                        <top>908</top>
                        <width>750</width>
                        <height>225</height>
                        <texture>Shadow.png</texture>
                    </control>
                    <control type="image">
                        <description>background image</description>
                        <left>0</left>
                        <top>63</top>
                        <width>750</width>
                        <height>75</height>
                        <colordiffuse>$VAR[BackgroundOverlayColorDialog]</colordiffuse>
                        <texture>WhiteBack.png</texture>
                    </control>
                    <control type="image">
                        <description>background image</description>
                        <left>0</left>
                        <top>1065</top>
                        <width>750</width>
                        <height>45</height>
                        <colordiffuse>$VAR[BackgroundOverlayColorDialog]</colordiffuse>
                        <texture>WhiteBack.png</texture>
                    </control>
                </control>
                <control type="group">
                    <left>1095</left>
                    <top>8</top>
                    <control type="label">
                        <description>header label</description>
                        <left>0</left>
                        <top>0</top>
                        <width>645</width>
                        <height>60</height>
                        <font>impacted18</font>
                        <label>$LOCALIZE[19222] - $INFO[VideoPlayer.ChannelName]</label>
                        <align>center</align>
                        <aligny>center</aligny>
                    </control>
                    <control type="label">
                        <description>selected item's date</description>
                        <left>0</left>
                        <top>30</top>
                        <width>645</width>
                        <height>60</height>
                        <font>impacted18</font>
                        <textcolor>grey</textcolor>
                        <label>$INFO[Container(11).ListItem.StartDate]</label>
                        <align>center</align>
                        <aligny>center</aligny>
                    </control>
                </control>
                <control type="list" id="11">
                    <left>1028</left>
                    <top>105</top>
                    <width>900</width>
                    <height>891</height>
                    <onleft>Action(back)</onleft>
                    <onright>60</onright>
                    <onup>11</onup>
                    <ondown>11</ondown>
                    <viewtype label="535">list</viewtype>
                    <pagecontrol>60</pagecontrol>
                    <scrolltime>200</scrolltime>
                    <itemlayout height="52" width="765">
                        <control type="image">
                            <left>0</left>
                            <top>0</top>
                            <width>750</width>
                            <height>45</height>
                            <colordiffuse>fanartdiffuse</colordiffuse>
                            <texture border="5">buttons/ButtonNFlight.png</texture>
                        </control>
                        <control type="label">
                            <left>15</left>
                            <top>0</top>
                            <width>150</width>
                            <height>45</height>
                            <textcolor>white</textcolor>
                            <align>left</align>
                            <aligny>center</aligny>
                            <label>$INFO[ListItem.StartTime]</label>
                        </control>
                        <control type="image">
                            <left>105</left>
                            <top>8</top>
                            <width>30</width>
                            <height>30</height>
                            <colordiffuse>black</colordiffuse>
                            <texture>$VAR[PVRTimerIcon]</texture>
                        </control>
                        <control type="label">
                            <left>150</left>
                            <top>0</top>
                            <width>570</width>
                            <height>45</height>
                            <textcolor>white</textcolor>
                            <align>right</align>
                            <aligny>center</aligny>
                            <label>$VAR[PVRTimerLabel]</label>
                        </control>
                    </itemlayout>
                    <focusedlayout height="52" width="765">
                        <control type="group">
                            <include>focuseffect</include>
                            <control type="image">
                                <left>0</left>
                                <top>0</top>
                                <width>750</width>
                                <height>45</height>
                                <texture border="5">buttons/ButtonFO.png</texture>
                            </control>
                            <control type="label">
                                <left>15</left>
                                <top>0</top>
                                <width>150</width>
                                <height>45</height>
                                <textcolor>black</textcolor>
                                <align>left</align>
                                <aligny>center</aligny>
                                <label>$INFO[ListItem.StartTime]</label>
                            </control>
                            <control type="image">
                                <left>105</left>
                                <top>8</top>
                                <width>30</width>
                                <height>30</height>
                                <colordiffuse>black</colordiffuse>
                                <texture>$VAR[PVRTimerIcon]</texture>
                            </control>
                            <control type="label">
                                <left>150</left>
                                <top>0</top>
                                <width>570</width>
                                <height>45</height>
                                <textcolor>black</textcolor>
                                <align>right</align>
                                <aligny>center</aligny>
                                <label>$VAR[PVRTimerLabel]</label>
                            </control>
                            <control type="image">
                                <left>0</left>
                                <top>0</top>
                                <width>750</width>
                                <height>45</height>
                                <colordiffuse>$VAR[BackgroundOverlayColor]</colordiffuse>
                                <texture border="5">buttons/ButtonNF.png</texture>
                            </control>
                        </control>
                    </focusedlayout>
                </control>
                <control type="scrollbar" id="60">
                    <left>21r</left>
                    <top>105</top>
                    <height>885</height>
                    <onleft>11</onleft>
                    <onright>11</onright>
                    <ondown>61</ondown>
                    <onup>61</onup>
                    <showonepage>false</showonepage>
                    <orientation>vertical</orientation>
                </control>
                <control type="group">
                    <left>1080</left>
                    <top>1020</top>
                    <control type="label">
                        <description>Page Count Label</description>
                        <left>0</left>
                        <top>8</top>
                        <width>675</width>
                        <height>30</height>
                        <font>impacted18</font>
                        <textcolor>grey</textcolor>
                        <scroll>false</scroll>
                        <align>center</align>
                        <aligny>center</aligny>
                        <label>([COLOR=selected]$INFO[Container(11).NumItems][/COLOR]) $LOCALIZE[31025] - $LOCALIZE[31024] ([COLOR=selected]$INFO[Container(11).CurrentPage]/$INFO[Container(11).NumPages][/COLOR])</label>
                        <include>opencloseslideup</include>
                    </control>
                </control>
            </control>
        </control>
    </controls>
</window>
