<?xml version="1.0" encoding="UTF-8"?>
<includes>
    <variable name="Infobox">
        <value condition="ControlGroup(200).HasFocus(212)+ControlGroup(200).Hasfocus()">$LOCALIZE[51000]</value>
        <value condition="ControlGroup(200).HasFocus(218)+ControlGroup(200).Hasfocus()">$LOCALIZE[51001]</value>
        <value condition="ControlGroup(200).HasFocus(220)+ControlGroup(200).Hasfocus()">$LOCALIZE[51002]</value>
        <value condition="ControlGroup(300).HasFocus(301)+ControlGroup(300).Hasfocus()">$LOCALIZE[51003]</value>
        <value condition="ControlGroup(300).HasFocus(313)+ControlGroup(300).Hasfocus()">$LOCALIZE[51004]</value>
        <value condition="ControlGroup(300).HasFocus(314)+ControlGroup(300).Hasfocus()">$LOCALIZE[51006]</value>
        <value condition="ControlGroup(300).HasFocus(315)+ControlGroup(300).Hasfocus()">$LOCALIZE[51008]</value>
        <value condition="ControlGroup(300).HasFocus(316)+ControlGroup(300).Hasfocus()">$LOCALIZE[51010]</value>
        <value condition="ControlGroup(300).HasFocus(317)+ControlGroup(300).Hasfocus()">$LOCALIZE[51012]</value>
        <value condition="ControlGroup(300).HasFocus(318)+ControlGroup(300).Hasfocus()">$LOCALIZE[51014]</value>
        <value condition="ControlGroup(300).HasFocus(320)+ControlGroup(300).Hasfocus()">$LOCALIZE[51016]</value>
        <value condition="ControlGroup(300).HasFocus(322)+ControlGroup(300).Hasfocus()">$LOCALIZE[51018]</value>
        <value condition="ControlGroup(300).HasFocus(324)+ControlGroup(300).Hasfocus()">$LOCALIZE[51019]</value>
        <value condition="ControlGroup(300).HasFocus(325)+ControlGroup(300).Hasfocus()">$LOCALIZE[51019]</value>
        <value condition="ControlGroup(300).HasFocus(432)+ControlGroup(300).Hasfocus()">$LOCALIZE[51020]</value>
        <value condition="ControlGroup(300).HasFocus(434)+ControlGroup(300).Hasfocus()">$LOCALIZE[51021]</value>
        <value condition="ControlGroup(300).HasFocus(436)+ControlGroup(300).Hasfocus()">$LOCALIZE[51110]</value>
        <value condition="ControlGroup(300).HasFocus(438)+ControlGroup(300).Hasfocus()">$LOCALIZE[51112]</value>
        <value condition="ControlGroup(400).HasFocus(432)+ControlGroup(400).Hasfocus()">$LOCALIZE[51022]</value>
        <value condition="ControlGroup(400).HasFocus(434)+ControlGroup(400).Hasfocus()">$LOCALIZE[51024]</value>
        <value condition="ControlGroup(500).HasFocus(503)+ControlGroup(500).Hasfocus()">$LOCALIZE[51026]</value>
        <value condition="ControlGroup(500).HasFocus(505)+ControlGroup(500).Hasfocus()">$LOCALIZE[51028]</value>
        <value condition="ControlGroup(500).HasFocus(506)+ControlGroup(500).Hasfocus()">$LOCALIZE[51030]</value>
        <value condition="ControlGroup(500).HasFocus(507)+ControlGroup(500).Hasfocus()">$LOCALIZE[51032]</value>
        <value condition="ControlGroup(500).HasFocus(508)+ControlGroup(500).Hasfocus()">$LOCALIZE[51034]</value>
        <value condition="ControlGroup(500).HasFocus(525)+ControlGroup(500).Hasfocus()">$LOCALIZE[51036]</value>
        <value condition="ControlGroup(500).HasFocus(542)+ControlGroup(500).Hasfocus()">$LOCALIZE[51040]</value>
        <value condition="ControlGroup(500).HasFocus(543)+ControlGroup(500).Hasfocus()">$LOCALIZE[51042]</value>
        <value condition="ControlGroup(500).HasFocus(545)+ControlGroup(500).Hasfocus()">$LOCALIZE[51044]</value>
        <value condition="ControlGroup(500).HasFocus(546)+ControlGroup(500).Hasfocus()">$LOCALIZE[51044]</value>
        <value condition="ControlGroup(500).HasFocus(548)+ControlGroup(500).Hasfocus()">$LOCALIZE[51046]</value>
        <value condition="ControlGroup(500).HasFocus(554)+ControlGroup(500).Hasfocus()">$LOCALIZE[51047]</value>
        <!-- <value condition="ControlGroup(600).HasFocus(610)+ControlGroup(600).Hasfocus()">$LOCALIZE[51048]</value>
		<value condition="ControlGroup(600).HasFocus(612)+ControlGroup(600).Hasfocus()">$LOCALIZE[51050]</value>
		<value condition="ControlGroup(600).HasFocus(614)+ControlGroup(600).Hasfocus()">$LOCALIZE[51052]</value>
		<value condition="ControlGroup(600).HasFocus(616)+ControlGroup(600).Hasfocus()">$LOCALIZE[51054]</value>
		<value condition="ControlGroup(600).HasFocus(618)+ControlGroup(600).Hasfocus()">$LOCALIZE[51056]</value>
		<value condition="ControlGroup(600).HasFocus(620)+ControlGroup(600).Hasfocus()">$LOCALIZE[51058]</value>
		<value condition="ControlGroup(600).HasFocus(622)+ControlGroup(600).Hasfocus()">$LOCALIZE[51060]</value>
		<value condition="ControlGroup(600).HasFocus(624)+ControlGroup(600).Hasfocus()">$LOCALIZE[51062]</value>
		<value condition="ControlGroup(600).HasFocus(626)+ControlGroup(600).Hasfocus()">$LOCALIZE[51064]</value>
		<value condition="ControlGroup(600).HasFocus(628)+ControlGroup(600).Hasfocus()">$LOCALIZE[51066]</value>
		<value condition="ControlGroup(600).HasFocus(640)+ControlGroup(600).Hasfocus()">$LOCALIZE[51068]</value>
		<value condition="ControlGroup(600).HasFocus(642)+ControlGroup(600).Hasfocus()">$LOCALIZE[51070]</value>
		<value condition="ControlGroup(600).HasFocus(644)+ControlGroup(600).Hasfocus()">$LOCALIZE[51072]</value>
		<value condition="ControlGroup(600).HasFocus(646)+ControlGroup(600).Hasfocus()">$LOCALIZE[51074]</value>
		<value condition="ControlGroup(600).HasFocus(655)+ControlGroup(600).Hasfocus()">$LOCALIZE[51075]</value> -->
        <value condition="ControlGroup(800).HasFocus(802)+ControlGroup(800).Hasfocus()">$LOCALIZE[51076]</value>
        <value condition="ControlGroup(800).HasFocus(804)+ControlGroup(800).Hasfocus()">$LOCALIZE[51078]</value>
        <value condition="ControlGroup(800).HasFocus(805)+ControlGroup(800).Hasfocus()">$LOCALIZE[51079]</value>
        <value condition="ControlGroup(800).HasFocus(806)+ControlGroup(800).Hasfocus()">$LOCALIZE[51080]</value>
        <value condition="ControlGroup(800).HasFocus(808)+ControlGroup(800).Hasfocus()">$LOCALIZE[51082]</value>
        <value condition="ControlGroup(800).HasFocus(809)+ControlGroup(800).Hasfocus()">$LOCALIZE[51084]</value>
        <value condition="ControlGroup(800).HasFocus(810)+ControlGroup(800).Hasfocus()">$LOCALIZE[51086]</value>
        <value condition="ControlGroup(800).HasFocus(811)+ControlGroup(800).Hasfocus()">$LOCALIZE[51088]</value>
        <value condition="ControlGroup(800).HasFocus(815)+ControlGroup(800).Hasfocus()">$LOCALIZE[51090]</value>
        <value condition="ControlGroup(800).HasFocus(816)+ControlGroup(800).Hasfocus()">$LOCALIZE[51092]</value>
        <value condition="ControlGroup(800).HasFocus(817)+ControlGroup(800).Hasfocus()">$LOCALIZE[51094]</value>
        <value condition="ControlGroup(800).HasFocus(818)+ControlGroup(800).Hasfocus()">$LOCALIZE[51096]</value>
        <value condition="ControlGroup(800).HasFocus(820)+ControlGroup(800).Hasfocus()">$LOCALIZE[51098]</value>
        <value condition="ControlGroup(800).HasFocus(822)+ControlGroup(800).Hasfocus()">$LOCALIZE[51100]</value>
        <value condition="ControlGroup(800).HasFocus(824)+ControlGroup(800).Hasfocus()">$LOCALIZE[51102]</value>
        <value condition="ControlGroup(800).HasFocus(826)+ControlGroup(800).Hasfocus()">$LOCALIZE[51104]</value>
        <value condition="ControlGroup(800).HasFocus(832)+ControlGroup(800).Hasfocus()">$LOCALIZE[51106]</value>
        <value condition="ControlGroup(800).HasFocus(834)+ControlGroup(800).Hasfocus()">$LOCALIZE[51108]</value>
        <value condition="ControlGroup(800).HasFocus(836)+ControlGroup(800).Hasfocus()">$LOCALIZE[51110]</value>
        <value condition="ControlGroup(800).HasFocus(838)+ControlGroup(800).Hasfocus()">$LOCALIZE[51112]</value>
        <value condition="ControlGroup(800).HasFocus(850)+ControlGroup(800).Hasfocus()">$LOCALIZE[51114]</value>
        <value condition="ControlGroup(800).HasFocus(852)+ControlGroup(800).Hasfocus()">$LOCALIZE[51116]</value>
        <value condition="ControlGroup(800).HasFocus(854)+ControlGroup(800).Hasfocus()">$LOCALIZE[51118]</value>
        <value condition="ControlGroup(800).HasFocus(858)+ControlGroup(800).Hasfocus()">$LOCALIZE[51120]</value>
        <value condition="ControlGroup(800).HasFocus(870)+ControlGroup(800).Hasfocus()">$LOCALIZE[51122]</value>
        <value condition="ControlGroup(800).HasFocus(872)+ControlGroup(800).Hasfocus()">$LOCALIZE[51124]</value>
        <value condition="ControlGroup(900).HasFocus(899)+ControlGroup(900).Hasfocus()">$LOCALIZE[51123]</value>
        <value condition="ControlGroup(900).HasFocus(901)+ControlGroup(900).Hasfocus()">$LOCALIZE[51125]</value>
        <value condition="ControlGroup(900).HasFocus(902)+ControlGroup(900).Hasfocus()">$LOCALIZE[51126]</value>
        <value condition="ControlGroup(900).HasFocus(920)+ControlGroup(900).Hasfocus()">$LOCALIZE[51130]</value>
        <value condition="ControlGroup(900).HasFocus(940)+ControlGroup(900).Hasfocus()">$LOCALIZE[51132]</value>
        <value condition="ControlGroup(900).HasFocus(942)+ControlGroup(900).Hasfocus()">$LOCALIZE[51134]</value>
    </variable>
    <variable name="Infobox_Grafik">
        <value condition="!Skin.HasSetting(onlyone)+Skin.HasSetting(gambit_background)">special://skin/backgrounds/gambit/background.jpg</value>
        <value condition="!Skin.HasSetting(onlyone)+Skin.HasSetting(avengers_sw)">special://skin/backgrounds/avengers_sw/home_video.jpg</value>
        <value condition="!Skin.HasSetting(onlyone)+Skin.HasSetting(standart_bkg)">special://skin/backgrounds/home_video.jpg</value>
        <value condition="Skin.HasSetting(onlyone)+!String.IsEmpty(Skin.String(Home_Custom_Back_Picture_OnlyOne))">$INFO[Skin.String(Home_Custom_Back_Picture_OnlyOne)]</value>
        <value condition="Skin.HasSetting(onlyone)+String.IsEmpty(Skin.String(Home_Custom_Back_Picture_OnlyOne))">special://skin/backgrounds/mediaoverlaywhite.jpg</value>
    </variable>
</includes>
