<?xml version="1.0" encoding="UTF-8"?>
<includes>
    <include name="AddonInfoListView1">
        <control type="group">
            <include>openclose</include>
            <visible>Control.IsVisible(550)+!Control.HasFocus(666)</visible>
            <include>WhiteGrunge</include>
            <include>MirrorPanel</include>
            <control type="group">
                <include>opencloseslideright</include>
                <animation type="Conditional" condition="[ControlGroup(9000).HasFocus()|ControlGroup(90000).HasFocus()|ControlGroup(9001).HasFocus()| ControlGroup(9002).HasFocus()] + Skin.HasSetting(animation)">
                    <effect type="zoom" center="750,750" start="100" end="105" time="250" />
                    <effect type="slide" start="0" end="450" time="250" />
                </animation>
                <include>InfoListLeft</include>
                <control type="list" id="550">
                    <left>105</left>
                    <top>195</top>
                    <width>870</width>
                    <height>735</height>
                    <onleft>9000</onleft>
                    <onright condition="Skin.HasSetting(HideJumpSMSBar)+Control.IsVisible(60)">60</onright>
                    <onright condition="Skin.HasSetting(HideJumpSMSBar)+!Control.IsVisible(60)">SetFocus(732)</onright>
                    <onright condition="!Skin.HasSetting(HideJumpSMSBar)">15000</onright>
                    <onup>550</onup>
                    <ondown>550</ondown>
                    <viewtype label="$LOCALIZE[51230]">info</viewtype>
                    <visible>Window.IsVisible(AddonBrowser)|Container.Content(Addons)</visible>
                    <pagecontrol>60</pagecontrol>
                    <scrolltime>200</scrolltime>
                    <itemlayout height="60" width="870">
                        <control type="label">
                            <left>15</left>
                            <top>3</top>
                            <width>780</width>
                            <height>60</height>
                            <textcolor>grey</textcolor>
                            <align>left</align>
                            <aligny>center</aligny>
                            <label>$INFO[ListItem.Label]</label>
                        </control>
                        <control type="label">
                            <left>82</left>
                            <top>3</top>
                            <width>750</width>
                            <height>60</height>
                            <textcolor>grey</textcolor>
                            <align>right</align>
                            <aligny>center</aligny>
                            <font>font16</font>
                            <label>$INFO[ListItem.Property(Addon.Status)]$INFO[ListItem.AddonVersion, (,) ]</label>
                        </control>
                    </itemlayout>
                    <focusedlayout height="60" width="870">
                        <control type="group">
                            <include>focuseffect</include>
                            <control type="image">
                                <left>0</left>
                                <top>3</top>
                                <width>870</width>
                                <height>60</height>
                                <colordiffuse>grey2</colordiffuse>
                                <texture border="5">buttons/ButtonFOlightGlow.png</texture>
                                <visible>!Control.HasFocus(550)</visible>
                                <include>openclosevisible</include>
                            </control>
                            <control type="image">
                                <left>0</left>
                                <top>3</top>
                                <width>870</width>
                                <height>60</height>
                                <colordiffuse>grey1</colordiffuse>
                                <texture border="5">buttons/ButtonFOlightGlow.png</texture>
                                <visible>Control.HasFocus(550)</visible>
                                <include>openclosevisible</include>
                            </control>
                            <control type="label">
                                <left>15</left>
                                <top>3</top>
                                <width>780</width>
                                <height>60</height>
                                <textcolor>white</textcolor>
                                <align>left</align>
                                <aligny>center</aligny>
                                <label>$INFO[ListItem.Label]</label>
                                <shadowcolor>black</shadowcolor>
                            </control>
                            <control type="label">
                                <left>82</left>
                                <top>3</top>
                                <width>750</width>
                                <height>60</height>
                                <textcolor>white</textcolor>
                                <align>right</align>
                                <aligny>center</aligny>
                                <font>font16</font>
                                <label>$INFO[ListItem.Property(Addon.Status)]$INFO[ListItem.AddonVersion, (,) ]</label>
                                <shadowcolor>black</shadowcolor>
                            </control>
                        </control>
                    </focusedlayout>
                </control>
                <control type="scrollbar" id="60">
                    <visible>Skin.HasSetting(HideJumpSMSBar)</visible>
                    <left>964</left>
                    <top>188</top>
                    <height>742</height>
                    <onleft>550</onleft>
                    <onright>666</onright>
                    <showonepage>false</showonepage>
                    <orientation>vertical</orientation>
                </control>
            </control>
            <control type="group">
                <include>opencloseslideleft</include>
                <animation type="Conditional" condition="[ControlGroup(9000).HasFocus()|ControlGroup(90000).HasFocus()|ControlGroup(9001).HasFocus()| ControlGroup(9002).HasFocus()] + Skin.HasSetting(animation)">
                    <effect type="zoom" center="750,750" start="100" end="105" time="250" />
                    <effect type="slide" start="0" end="480" time="250" />
                </animation>
                <include>InfoListRight</include>
                <control type="group">
                    <left>1065</left>
                    <top>165</top>
                    <control type="image">
                        <left>15</left>
                        <top>30</top>
                        <width>735</width>
                        <height>300</height>
                        <aspectratio>keep</aspectratio>
                        <fadetime>FadeTime</fadetime>
                        <texture background="true" border="4">$INFO[ListItem.Icon]</texture>
                        <visible>String.IsEmpty(ListItem.AddonBroken)</visible>
                    </control>
                    <control type="image">
                        <left>15</left>
                        <top>30</top>
                        <width>735</width>
                        <height>300</height>
                        <aspectratio>keep</aspectratio>
                        <fadetime>FadeTime</fadetime>
                        <colordiffuse>grey2</colordiffuse>
                        <texture background="true" border="4">$INFO[ListItem.Icon]</texture>
                        <visible>!String.IsEmpty(ListItem.AddonBroken)</visible>
                    </control>
                    <control type="image">
                        <left>22</left>
                        <top>38</top>
                        <width>720</width>
                        <height>285</height>
                        <aspectratio>keep</aspectratio>
                        <fadetime>FadeTime</fadetime>
                        <texture background="true">Broken.png</texture>
                        <visible>!String.IsEmpty(ListItem.AddonBroken)</visible>
                    </control>
                    <control type="group">
                        <top>412</top>
                        <control type="label">
                            <description>Author txt</description>
                            <left>0</left>
                            <top>-8</top>
                            <width>210</width>
                            <height>30</height>
                            <label>$LOCALIZE[21863]:</label>
                            <textcolor>selected</textcolor>
                            <align>right</align>
                            <aligny>center</aligny>
                        </control>
                        <control type="fadelabel">
                            <description>Author Value</description>
                            <left>240</left>
                            <top>-8</top>
                            <width>525</width>
                            <height>30</height>
                            <label fallback="416">$INFO[ListItem.AddonCreator]</label>
                            <align>left</align>
                            <aligny>center</aligny>
                            <scrollout>false</scrollout>
                            <pauseatend>1000</pauseatend>
                        </control>
                        <control type="label">
                            <description>Version txt</description>
                            <left>0</left>
                            <top>27</top>
                            <width>210</width>
                            <height>30</height>
                            <label>$LOCALIZE[24051]</label>
                            <textcolor>selected</textcolor>
                            <align>right</align>
                            <aligny>center</aligny>
                        </control>
                        <control type="label">
                            <description>Version Value</description>
                            <left>240</left>
                            <top>27</top>
                            <width>525</width>
                            <height>30</height>
                            <label fallback="416">$INFO[ListItem.AddonVersion]</label>
                            <align>left</align>
                            <aligny>center</aligny>
                            <scroll>true</scroll>
                        </control>
                        <control type="label">
                            <description>Rating txt</description>
                            <left>0</left>
                            <top>60</top>
                            <width>210</width>
                            <height>30</height>
                            <label>$LOCALIZE[563]:</label>
                            <textcolor>selected</textcolor>
                            <align>right</align>
                            <aligny>center</aligny>
                        </control>
                        <control type="image">
                            <description>Rating value</description>
                            <left>232</left>
                            <top>60</top>
                            <width>240</width>
                            <height>39</height>
                            <aspectratio align="left">keep</aspectratio>
                            <texture fallback="LeftRating/rating0.png">$INFO[ListItem.Property(Addon.StarRating),LeftRating/,.png]</texture>
                        </control>
                        <control type="image">
                            <left>0</left>
                            <top>105</top>
                            <width>765</width>
                            <height>3</height>
                            <colordiffuse>fanartdiffuse</colordiffuse>
                            <texture background="true">Separator1.png</texture>
                        </control>
                        <control type="textbox">
                            <description>Description</description>
                            <left>15</left>
                            <top>112</top>
                            <width>735</width>
                            <height>244</height>
                            <font>font16</font>
                            <textcolor>white</textcolor>
                            <label>$INFO[ListItem.AddonDescription]</label>
                        </control>
                    </control>
                </control>
            </control>
            <include>CommonPageCount</include>
            <include condition="!Skin.HasSetting(HideJumpSMSBar)">AlphaBarV</include>
        </control>
    </include>
    <include name="AddonInfoThumbView1">
        <include>openclose</include>
        <control type="group">
            <visible>Control.IsVisible(551)+!Control.HasFocus(666)</visible>
            <include>openclosevisible</include>
            <include>WhiteGrunge</include>
            <control type="panel" id="551">
                <left>75</left>
                <top>117</top>
                <width>1758</width>
                <height>562</height>
                <onleft>9000</onleft>
                <onright condition="Skin.HasSetting(HideJumpSMSBar)+Control.IsVisible(60)">60</onright>
                <onright condition="Skin.HasSetting(HideJumpSMSBar)+!Control.IsVisible(60)">SetFocus(732)</onright>
                <onright condition="!Skin.HasSetting(HideJumpSMSBar)">15000</onright>
                <onup>551</onup>
                <ondown>551</ondown>
                <viewtype label="$LOCALIZE[51232]">thumbview</viewtype>
                <visible>Window.IsVisible(AddonBrowser)|Container.Content(Addons)</visible>
                <pagecontrol>60</pagecontrol>
                <scrolltime>200</scrolltime>
                <itemlayout height="279" width="290">
                    <control type="image">
                        <left>16</left>
                        <top>15</top>
                        <width>256</width>
                        <height>210</height>
                        <colordiffuse>grey</colordiffuse>
                        <bordertexture border="10">BlackBack.png</bordertexture>
                        <bordersize>6</bordersize>
                        <fadetime>FadeTime</fadetime>
                        <texture background="true">$INFO[Listitem.Icon]</texture>
                        <visible>String.IsEmpty(ListItem.AddonBroken)</visible>
                        <aspectratio>keep</aspectratio>
                    </control>
                    <control type="image">
                        <left>16</left>
                        <top>15</top>
                        <width>256</width>
                        <height>210</height>
                        <colordiffuse>grey2</colordiffuse>
                        <bordertexture border="10">BlackBack.png</bordertexture>
                        <bordersize>6</bordersize>
                        <fadetime>FadeTime</fadetime>
                        <texture background="true">$INFO[Listitem.Icon]</texture>
                        <visible>!String.IsEmpty(ListItem.AddonBroken)</visible>
                        <aspectratio>keep</aspectratio>
                    </control>
                    <control type="image">
                        <left>46</left>
                        <top>45</top>
                        <width>196</width>
                        <height>150</height>
                        <fadetime>FadeTime</fadetime>
                        <texture background="true">Broken.png</texture>
                        <visible>!String.IsEmpty(ListItem.AddonBroken)</visible>
                    </control>
                    <control type="image">
                        <left>51</left>
                        <top>27</top>
                        <width>22</width>
                        <height>22</height>
                        <fadetime>FadeTime</fadetime>
                        <aspectratio>keep</aspectratio>
                        <colordiffuse>FF76EE00</colordiffuse>
                        <texture background="true">LEDWhite.png</texture>
                        <visible>String.IsEqual(ListItem.Property(Addon.Status),$LOCALIZE[305]) </visible>
                    </control>
                    <control type="label">
                        <left>0</left>
                        <top>240</top>
                        <width>285</width>
                        <height>38</height>
                        <textcolor>grey</textcolor>
                        <align>center</align>
                        <aligny>center</aligny>
                        <info>ListItem.Label</info>
                    </control>
                </itemlayout>
                <focusedlayout height="279" width="290">
                    <control type="group">
                        <include>focuseffect</include>
                        <control type="image">
                            <left>1</left>
                            <top>0</top>
                            <width>286</width>
                            <height>240</height>
                            <bordertexture border="7">BlackBack.png</bordertexture>
                            <bordersize>9</bordersize>
                            <fadetime>FadeTime</fadetime>
                            <texture background="true">$INFO[Listitem.Icon]</texture>
                            <visible>String.IsEmpty(ListItem.AddonBroken)</visible>
                            <aspectratio>keep</aspectratio>
                        </control>
                        <control type="image">
                            <left>1</left>
                            <top>0</top>
                            <width>286</width>
                            <height>240</height>
                            <bordertexture border="7">BlackBack.png</bordertexture>
                            <bordersize>9</bordersize>
                            <fadetime>FadeTime</fadetime>
                            <texture background="true" colordiffuse="grey2">$INFO[Listitem.Icon]</texture>
                            <visible>!String.IsEmpty(ListItem.AddonBroken)</visible>
                            <aspectratio>keep</aspectratio>
                        </control>
                        <control type="image">
                            <left>32</left>
                            <top>30</top>
                            <width>226</width>
                            <height>180</height>
                            <fadetime>FadeTime</fadetime>
                            <texture background="true">Broken.png</texture>
                            <visible>!String.IsEmpty(ListItem.AddonBroken)</visible>
                        </control>
                        <control type="image">
                            <left>39</left>
                            <top>14</top>
                            <width>30</width>
                            <height>30</height>
                            <fadetime>FadeTime</fadetime>
                            <aspectratio>keep</aspectratio>
                            <colordiffuse>FF76EE00</colordiffuse>
                            <texture background="true">LEDWhite.png</texture>
                            <visible>String.IsEqual(ListItem.Property(Addon.Status),$LOCALIZE[305]) </visible>
                        </control>
                    </control>
                    <control type="label">
                        <left>0</left>
                        <top>240</top>
                        <width>285</width>
                        <height>38</height>
                        <textcolor>white</textcolor>
                        <shadowcolor>black</shadowcolor>
                        <align>center</align>
                        <aligny>center</aligny>
                        <info>ListItem.Label</info>
                    </control>
                </focusedlayout>
            </control>
            <control type="scrollbar" id="60">
                <visible>Skin.HasSetting(HideJumpSMSBar)</visible>
                <left>1815</left>
                <top>142</top>
                <height>525</height>
                <onleft>551</onleft>
                <onright>2</onright>
                <showonepage>false</showonepage>
                <orientation>vertical</orientation>
            </control>
            <control type="group">
                <include>opencloseslideup</include>
                <control type="group">
                    <control type="image">
                        <left>-15</left>
                        <top>692</top>
                        <width>1950</width>
                        <height>15</height>
                        <colordiffuse>fanartdiffuse</colordiffuse>
                        <texture background="true">Shadow.png</texture>
                    </control>
                    <control type="image">
                        <left>-150</left>
                        <top>705</top>
                        <width>2250</width>
                        <height>390</height>
                        <texture background="true">BlackBack.png</texture>
                    </control>
                    <control type="image">
                        <left>-15</left>
                        <top>705</top>
                        <width>1950</width>
                        <height>1</height>
                        <texture background="true">Separator2.png</texture>
                    </control>
                </control>
                <control type="group">
                    <left>60</left>
                    <top>780</top>
					<include>openclosevisible</include>
					<visible>!ListItem.IsParentFolder</visible>
                    <control type="label">
                        <description>Show Title txt</description>
                        <left>0</left>
                        <top>0</top>
                        <width>570</width>
                        <height>22</height>
                        <font>impacted30</font>
                        <label>$INFO[ListItem.Property(Addon.Name)]</label>
                        <align>center</align>
                        <aligny>center</aligny>
                        <textcolor>white</textcolor>
                        <shadowcolor>black</shadowcolor>
                        <wrapmultiline>true</wrapmultiline>
                    </control>
                    <control type="group">
                        <top>75</top>
                        <control type="label">
                            <description>Author txt</description>
                            <left>0</left>
                            <top>0</top>
                            <width>195</width>
                            <height>38</height>
                            <font>impacted21</font>
                            <label>$LOCALIZE[21863]:</label>
                            <align>right</align>
                            <aligny>center</aligny>
                            <textcolor>selected</textcolor>
                        </control>
                        <control type="fadelabel">
                            <description>Author Value</description>
                            <left>210</left>
                            <top>0</top>
                            <width>382</width>
                            <height>38</height>
                            <font>impacted21</font>
                            <label fallback="416">$INFO[ListItem.AddonCreator]</label>
                            <align>left</align>
                            <aligny>center</aligny>
                            <scrollout>false</scrollout>
                            <pauseatend>1000</pauseatend>
                        </control>
                        <control type="label">
                            <description>Version txt</description>
                            <left>0</left>
                            <top>45</top>
                            <width>195</width>
                            <height>38</height>
                            <font>impacted21</font>
                            <label>$LOCALIZE[24051]</label>
                            <align>right</align>
                            <aligny>center</aligny>
                            <textcolor>selected</textcolor>
                        </control>
                        <control type="label">
                            <description>Version Value</description>
                            <left>210</left>
                            <top>45</top>
                            <width>382</width>
                            <height>38</height>
                            <font>impacted21</font>
                            <label fallback="416">$INFO[ListItem.AddonVersion]</label>
                            <align>left</align>
                            <aligny>center</aligny>
                            <scroll>true</scroll>
                        </control>
                        <control type="label">
                            <description>Rating txt</description>
                            <left>0</left>
                            <top>90</top>
                            <width>195</width>
                            <height>38</height>
                            <font>impacted21</font>
                            <label>$LOCALIZE[563]:</label>
                            <align>right</align>
                            <aligny>center</aligny>
                            <textcolor>selected</textcolor>
                        </control>
                        <control type="image">
                            <description>Rating value</description>
                            <left>202</left>
                            <top>90</top>
                            <width>225</width>
                            <height>45</height>
                            <aspectratio align="left">keep</aspectratio>
                            <texture fallback="LeftRating/rating0.png">$INFO[ListItem.Property(Addon.StarRating),LeftRating/,.png]</texture>
                        </control>
                        <control type="image">
                            <left>600</left>
                            <top>-114</top>
                            <width>3</width>
                            <height>315</height>
                            <colordiffuse>fanartdiffuse</colordiffuse>
                            <texture background="true">Separator4.png</texture>
                        </control>
                        <control type="image">
                            <left>1335</left>
                            <top>-114</top>
                            <width>3</width>
                            <height>315</height>
                            <colordiffuse>fanartdiffuse</colordiffuse>
                            <texture background="true">Separator4.png</texture>
                        </control>
                        <control type="image">
                            <include>openclosevisible</include>
                            <left>1440</left>
                            <top>-114</top>
                            <width>315</width>
                            <height>315</height>
                            <bordertexture border="30">ThumbShadow.png</bordertexture>
                            <bordersize>6</bordersize>
                            <fadetime>FadeTime</fadetime>
                            <texture background="true">$INFO[Container(551).Listitem.Icon]</texture>
                            <visible>String.IsEmpty(ListItem.AddonBroken)</visible>
                        </control>
                        <control type="image">
                            <include>openclosevisible</include>
                            <left>1440</left>
                            <top>-114</top>
                            <width>315</width>
                            <height>315</height>
                            <bordertexture border="30">ThumbShadow.png</bordertexture>
                            <bordersize>6</bordersize>
                            <fadetime>FadeTime</fadetime>
                            <colordiffuse>grey2</colordiffuse>
                            <texture background="true">$INFO[Listitem.Icon]</texture>
                            <visible>!String.IsEmpty(ListItem.AddonBroken)</visible>
                        </control>
                        <control type="image">
                            <include>openclosevisible</include>
                            <left>1455</left>
                            <top>-99</top>
                            <width>285</width>
                            <height>285</height>
                            <fadetime>FadeTime</fadetime>
                            <texture background="true">Broken.png</texture>
                            <visible>!String.IsEmpty(ListItem.AddonBroken)</visible>
                        </control>
                        <control type="image">
                            <include>openclosevisible</include>
                            <left>1455</left>
                            <top>-99</top>
                            <width>45</width>
                            <height>45</height>
                            <fadetime>FadeTime</fadetime>
                            <aspectratio>keep</aspectratio>
                            <colordiffuse>FF76EE00</colordiffuse>
                            <texture background="true">LEDWhite.png</texture>
                            <visible>String.IsEqual(ListItem.Property(Addon.Status),$LOCALIZE[305]) </visible>
                        </control>
                        <control type="textbox">
                            <description>Description</description>
                            <left>630</left>
                            <top>-114</top>
                            <width>675</width>
                            <height>315</height>
                            <textcolor>white</textcolor>
                            <label>$INFO[ListItem.AddonDescription]</label>
                        </control>
                    </control>
                </control>
            </control>
            <include condition="!Skin.HasSetting(HideJumpSMSBar)">AlphaBarV</include>
        </control>
    </include>
</includes>
