<?xml version="1.0" encoding="UTF-8"?>
<window  type="dialog" id="134">
	<defaultcontrol always="true">450</defaultcontrol>
	<include>OnLoadDialogsClose</include>
	<onload condition="Window.IsActive(shutdownmenu)">PreviousMenu</onload>
	<onload condition="Window.IsActive(playercontrols)">Dialog.Close(playercontrols)</onload>
	<onload condition="!Integer.IsGreater(Container(450).NumItems,0)">ActivateWindow(1110)</onload>
	<controls>

		<control type="group">
			<include>OpenCloseSlideAnimation</include>
			<include>VisibleHiddenSlideAnimation</include>
			<visible>!Window.IsActive(virtualkeyboard) + !Window.IsActive(filebrowser)</visible>
			<control type="list" id="450">
				<left>34</left>
				<top>150</top>
				<width>1190</width>
				<height>450</height>
				<onleft></onleft>
				<onright></onright>
				<onup>450</onup>
				<ondown>450</ondown>
				<viewtype label="535">List</viewtype>
				<pagecontrol>60</pagecontrol>
				<scrolltime tween="cubic" easing="out">300</scrolltime>
				<itemlayout height="45" width="710">
					<control type="label">
						<left>12</left>
						<top>10</top>
						<width>55</width>
						<height>25</height>
						<font>FontSize_22</font>
						<textcolor>viewsinfo</textcolor>
						<shadowcolor>77000000</shadowcolor>
						<align>center</align>
						<aligny>center</aligny>
						<label>․  ․  ․</label>
					</control>
					<control type="label">
						<left>95</left>
						<top>10</top>
						<width>570</width>
						<height>25</height>
						<font>FontSize_22</font>
						<textcolor>viewsinfo</textcolor>
						<shadowcolor>77000000</shadowcolor>
						<align>left</align>
						<aligny>center</aligny>
						<label>$INFO[ListItem.Label]</label>
					</control>
					<control type="label">
						<left>685</left>
						<top>10</top>
						<width>65</width>
						<height>25</height>
						<font>FontSize_22</font>
						<textcolor>viewsinfo</textcolor>
						<shadowcolor>77000000</shadowcolor>
						<align>right</align>
						<aligny>center</aligny>
						<label>․  ․  ․</label>
					</control>
				</itemlayout>
				<focusedlayout height="45" width="710">
					<control type="group">
						<include>ListFocusAnimation</include>
						<control type="label">
							<left>7</left>
							<top>10</top>
							<width>65</width>
							<height>25</height>
							<font>FontSize_22</font>
							<textcolor>white</textcolor>
							<shadowcolor>77000000</shadowcolor>
							<align>center</align>
							<aligny>center</aligny>
							<label>◎  ◎  ◎</label>
						</control>
						<control type="label">
							<left>95</left>
							<top>10</top>
							<width>570</width>
							<height>25</height>
							<font>FontSize_22</font>
							<textcolor>white</textcolor>
							<shadowcolor>77000000</shadowcolor>
							<align>left</align>
							<aligny>center</aligny>
							<scroll>true</scroll>
							<label>$INFO[ListItem.Label]</label>
						</control>
						<control type="label">
							<left>685</left>
							<top>10</top>
							<width>65</width>
							<height>25</height>
							<font>FontSize_22</font>
							<textcolor>white</textcolor>
							<shadowcolor>77000000</shadowcolor>
							<align>right</align>
							<aligny>center</aligny>
							<scroll>true</scroll>
							<label>․  ․  ․</label>
							<visible>!ListItem.IsParentFolder</visible>
						</control>
					</control>
				</focusedlayout>
			</control>
			<control type="image">
				<left>805</left>
				<top>160</top>
				<width>430</width>
				<height>430</height>
				<aspectratio align="right" aligny="top">keep</aspectratio>
				<texture>$INFO[Listitem.Icon]</texture>
				<bordertexture border="31">views/other/panel2.png</bordertexture>
				<bordersize>10</bordersize>
			</control>
			<control type="image">
				<left>62</left>
				<top>135</top>
				<width>24</width>
				<height>20</height>
				<texture colordiffuse="viewsinfo">views/scrollbar/arrow.png</texture>
			</control>
			<control type="image">
				<left>62</left>
				<top>595</top>
				<width>24</width>
				<height>20</height>
				<texture colordiffuse="viewsinfo" flipy="true">views/scrollbar/arrow.png</texture>
			</control>
			<!--
			<control type="panel" id="450">
				<left>40</left>
				<top>125</top>
				<width>1200</width>
				<height>470</height>
				<onleft>450</onleft>
				<onright>450</onright>
				<onup>450</onup>
				<ondown>450</ondown>
				<scrolltime tween="Quadratic" easing="out">300</scrolltime>
				<viewtype label="536">icon</viewtype>
				<orientation>vertical</orientation>
				<preloaditems>4</preloaditems>
				<visible>Skin.HasSetting(FavouritesView)</visible>
				<itemlayout height="235" width="199.5">
					<control type="image">
						<left>5</left>
						<top>5</top>
						<width>191</width>
						<height>228</height>
						<aspectratio align="center" aligny="center">stretch</aspectratio>
						<texture border="30">views/other/panel.png</texture>
					</control>
					<control type="image">
						<left>6</left>
						<top>146</top>
						<width>189</width>
						<height>82</height>
						<aspectratio align="center" aligny="center">stretch</aspectratio>
						<texture border="1">views/other/title_overlay.png</texture>
					</control>
					<control type="image">
						<left>9</left>
						<top>9</top>
						<width>183</width>
						<height>183</height>
						<aspectratio align="center" aligny="center">scale</aspectratio>
						<texture background="true" fallback="thumbs/fallback_square_tp.png">$INFO[ListItem.Icon]</texture>
						<bordertexture border="15,15,15,15">thumbs/thumb_border.png</bordertexture>
						<bordersize>6</bordersize>
					</control>
					<control type="label">
						<left>9</left>
						<top>196</top>
						<width>184</width>
						<height>36</height>
						<textcolor>99white</textcolor>
						<shadowcolor>77000000</shadowcolor>
						<font>FontSize_20</font>
						<scroll>false</scroll>
						<align>center</align>
						<aligny>center</aligny>
						<label>$INFO[ListItem.Label]</label>
					</control>
				</itemlayout>
				<focusedlayout height="235" width="199.5">
					<control type="image">
						<left>5</left>
						<top>5</top>
						<width>191</width>
						<height>228</height>
						<aspectratio align="center" aligny="center">stretch</aspectratio>
						<texture border="30">views/other/panel.png</texture>
					</control>
					<control type="image">
						<left>6</left>
						<top>146</top>
						<width>189</width>
						<height>82</height>
						<aspectratio align="center" aligny="center">stretch</aspectratio>
						<texture border="1">views/other/title_overlay.png</texture>
					</control>
					<control type="image">
						<left>9</left>
						<top>9</top>
						<width>183</width>
						<height>183</height>
						<aspectratio align="center" aligny="center">scale</aspectratio>
						<texture background="true" fallback="thumbs/fallback_square_tp.png">$INFO[ListItem.Icon]</texture>
						<bordertexture border="15,15,15,15">thumbs/thumb_border.png</bordertexture>
						<bordersize>6</bordersize>
					</control>
					<control type="label">
						<left>9</left>
						<top>196</top>
						<width>184</width>
						<height>36</height>
						<textcolor>$VAR[Text.GlobalColor]</textcolor>
						<shadowcolor>77000000</shadowcolor>
						<font>FontSize_20</font>
						<scroll>false</scroll>
						<align>center</align>
						<aligny>center</aligny>
						<label>$INFO[ListItem.Label]</label>
					</control>
					<control type="image">
						<left>5</left>
						<top>5</top>
						<width>191</width>
						<height>191</height>
						<colordiffuse>$VAR[Textures.GlobalColor]</colordiffuse>
						<aspectratio align="center" aligny="center">stretch</aspectratio>
						<texture border="30">views/other/focus_panel.png</texture>
						<include>ThumbnailsFocusAnimation</include>
					</control>
				</focusedlayout>
			</control>
			-->
		</control>

		<control type="image">
			<include>FullscreenDimensions</include>
			<texture background="true">windows/bg/bg_overlay.png</texture>
			<include>BackgroundFade</include>
			<visible>Window.IsActive(shutdownmenu) | Window.IsActive(contextmenu)</visible>
		</control>

		<!-- ================ -->
		<!-- Top Content Info -->
		<!-- ================ -->
		<control type="group">
			<left>45</left>
			<top>25</top>
			<include>VisibleHiddenSlideAnimation</include>
			<visible>!Window.IsActive(shutdownmenu) + !Window.IsActive(contextmenu)</visible>
			<control type="grouplist">
				<left>0</left>
				<top>0</top>
				<height>70</height>
				<width>1000</width>
				<align>left</align>
				<itemgap>15</itemgap>
				<orientation>horizontal</orientation>
				<include>LogoBig</include>
				<include>OpenCloseSlideAnimation</include>
				<control type="label">
					<include>TopBigLabel</include>
					<label>$LOCALIZE[1036]</label>
				</control>
			</control>
			<control type="label">
				<description>Page Count Label</description>
				<left>65</left>
				<top>45</top>
				<width>300</width>
				<height>20</height>
				<font>FontSize_18</font>
				<textcolor>$VAR[Text.GlobalColor]</textcolor>
				<scroll>false</scroll>
				<align>left</align>
				<aligny>center</aligny>
				<label>$VAR[ContainerNumItems]</label>
				<include>OpenCloseSlideAnimation</include>
			</control>
		</control>
	</controls>
</window>