<?xml version="1.0" encoding="UTF-8"?><window  id="2005">	<defaultcontrol>-</defaultcontrol>	<onload condition="String.IsEmpty(Skin.String(DialogSeekBarStyle))">Skin.SetString(DialogSeekBarStyle,1)</onload>	<onload condition="String.IsEmpty(Skin.String(FullScreenVideoStyle))">Skin.SetString(FullScreenVideoStyle,1)</onload>	<onload condition="Window.IsActive(PlayerControls)">Dialog.Close(PlayerControls)</onload>	<controls>		<control type="image" id="1">			<description>Vignette</description>			<include>FullscreenDimensions</include>			<texture background="true">windows/bg/bg_vignette.png</texture>			<include>BackgroundFade</include>			<visible>!Window.IsActive(SliderDialog)</visible>			<visible>Player.ShowInfo | Window.IsActive(PVROSDChannels) | Window.IsActive(PVROSDGuide) | Window.IsActive(ShutdownMenu) | Window.IsActive(notification) | Window.IsActive(VideoOSD) | Window.IsActive(OSDVideoSettings) | Window.IsActive(OSDAudioSettings) | Window.IsActive(VideoBookmarks) | Window.IsActive(SelectDialog) | Window.IsActive(SubtitleSearch) | Window.IsActive(NumericInput) | Window.IsActive(Favourites) | Window.IsActive(script-nextup-notification-NextUpInfo.xml) | Window.IsActive(script-nextup-notification-StillWatchingInfo.xml)</visible>		</control>		<control type="image" id="1">			<description>Diffuse</description>			<include>FullscreenDimensions</include>			<texture background="true">windows/bg/bg_overlay.png</texture>			<include>BackgroundFade</include>			<fadetime>FanartCrossfadeTime</fadetime>			<visible>Window.IsActive(PVRGuideInfo)</visible>		</control>		<control type="label" id="1">			<description>Seek Label</description>			<left>5</left>			<top>5</top>			<width>560</width>			<height>20</height>			<label>$INFO[Player.SeekNumeric(hh:mm:ss)]</label>			<font>FontSize_24</font>			<textcolor>white</textcolor>			<shadowcolor>77000000</shadowcolor>		</control>		<!-- =========================== -->		<!-- == VideoFullcreen Window == -->		<!-- =========================== -->		<!-- VideoInfo (Default) -->		<control type="group" id="1">			<left>45</left>			<width>1190</width>			<include>OSDAnimation</include>			<visible>!String.IsEqual(Skin.String(FullScreenVideoStyle),2)</visible>			<visible>[Player.ShowInfo | [[Player.Paused | Player.Forwarding | Player.Rewinding | Player.Seeking | Player.DisplayAfterSeek] + String.IsEqual(Skin.String(DialogSeekBarStyle),3)] | Window.IsActive(VideoOSD)] + ![Window.IsActive(BusyDialog) | Window.IsActive(SliderDialog) | Window.IsActive(SeekBar) | Window.IsActive(OSDVideoSettings) | Window.IsActive(OSDAudioSettings) | Window.IsActive(VideoBookmarks) | Window.IsActive(SelectDialog) | Window.IsActive(SubtitleSearch) | Window.IsActive(ShutdownMenu) | Window.IsActive(favourites) | Window.IsActive(NumericInput) | Window.IsActive(PVROSDChannels) | Window.IsActive(PVROSDGuide) | Window.IsActive(TextViewer)]</visible>			<control type="image" id="1">				<left>-45</left>				<top>120</top>				<include>FullscreenDimensions</include>				<texture background="true">windows/home/menu_overlay.png</texture>				<animation effect="slide" start="0,0" end="0,-80" time="250" condition="![String.IsEmpty(Window(VideoOSD).Property(ShowPlot)) | String.IsEmpty(VideoPlayer.Plot)]">Conditional</animation>			</control>			<!-- Info -->			<control type="group" id="1">				<left>0</left>				<top>497</top>				<animation effect="slide" start="0,0" end="0,-80" time="250" condition="![String.IsEmpty(Window(VideoOSD).Property(ShowPlot)) | String.IsEmpty(VideoPlayer.Plot)]">Conditional</animation>				<animation effect="slide" start="0,0" end="180,0" condition="[VideoPlayer.Content(Movies) + !String.IsEmpty(Player.Art(poster))] | [VideoPlayer.Content(Files) + !String.IsEmpty(Player.Art(poster))] | [VideoPlayer.Content(Episodes) + !String.IsEmpty(Player.Art(tvshow.poster))] | VideoPlayer.Content(LiveTV)">Conditional</animation>				<control type="label" id="1">					<description>Title label</description>					<left>0</left>					<top>0</top>					<height>30</height>					<width>740</width>					<label>$VAR[PlayerTitleLabel]</label>					<align>left</align>					<aligny>center</aligny>					<font>FontSize_36</font>					<textcolor>white</textcolor>					<shadowcolor>77000000</shadowcolor>				</control>				<control type="label" id="1">					<description>Label</description>					<left>2</left>					<top>40</top>					<height>40</height>					<width>510</width>					<label>$VAR[PlayerSubLabel]</label>					<align>left</align>					<aligny>center</aligny>					<font>FontSize_20</font>					<textcolor>77white</textcolor>					<shadowcolor>77000000</shadowcolor>					<include>OSDAnimation</include>					<visible>[String.IsEmpty(Window(VideoOSD).Property(ShowPlot)) | String.IsEmpty(VideoPlayer.Plot)]</visible>				</control>			</control>			<!-- Movies/Episodes Cover -->			<control type="group" id="1">				<left>0</left>				<top>400</top>				<include>PlayerPoster</include>				<visible>[VideoPlayer.Content(Movies) + !String.IsEmpty(Player.Art(poster))] | [VideoPlayer.Content(Files) + !String.IsEmpty(Player.Art(poster))] | [VideoPlayer.Content(Episodes) + !String.IsEmpty(Player.Art(tvshow.poster))]</visible>			</control>			<!-- LiveTV Cover -->			<control type="group" id="1">				<left>0</left>				<top>475</top>				<include>PlayerSquare</include>				<visible>VideoPlayer.Content(LiveTV)</visible>			</control>			<!-- Progress -->			<control type="group" id="1">				<left>1</left>				<top>537</top>				<animation effect="slide" start="0,0" end="0,-80" time="250" condition="![String.IsEmpty(Window(VideoOSD).Property(ShowPlot)) | String.IsEmpty(VideoPlayer.Plot)]">Conditional</animation>				<include>OSDProgressBar</include>			</control>			<!-- Time Label -->			<control type="group" id="1">				<left>0</left>				<top>585</top>				<include>OSDAnimation</include>				<visible>[String.IsEmpty(Window(VideoOSD).Property(ShowPlot)) | String.IsEmpty(VideoPlayer.Plot)]</visible>				<animation effect="slide" start="0,0" end="180,0" condition="[VideoPlayer.Content(Movies) + !String.IsEmpty(Player.Art(poster))] | [VideoPlayer.Content(Files) + !String.IsEmpty(Player.Art(poster))] | [VideoPlayer.Content(Episodes) + !String.IsEmpty(Player.Art(tvshow.poster))] | VideoPlayer.Content(LiveTV)">Conditional</animation>				<control type="label" id="1">					<left>0</left>					<top>0</top>					<height>60</height>					<width>550</width>					<label>$INFO[Player.Time]$INFO[Player.Duration, / ]</label>					<align>left</align>					<aligny>center</aligny>					<font>FontSize_46</font>					<textcolor>white</textcolor>					<shadowcolor>77000000</shadowcolor>				</control>			</control>			<!-- Right Fade SubLabels -->			<control type="fadelabel" id="1">				<left>688</left>				<top>537</top>				<height>40</height>				<width>500</width>				<font>FontSize_20</font>				<align>right</align>				<aligny>center</aligny>				<textcolor>77white</textcolor>				<shadowcolor>77000000</shadowcolor>				<label>$VAR[OSDInfoPremieredFadeLabel]</label>				<label>$INFO[VideoPlayer.Director,[COLOR=white]$LOCALIZE[20339]:[/COLOR] ]</label>				<label>$INFO[VideoPlayer.Writer,[COLOR=white]$LOCALIZE[20417]:[/COLOR] ]</label>				<label>$INFO[VideoPlayer.RatingAndVotes,[COLOR=white]$LOCALIZE[563]:[/COLOR] ]</label>				<label>$INFO[VideoPlayer.Top250,[COLOR=white]$LOCALIZE[368] $LOCALIZE[13409][/COLOR] # ]</label>				<label>$VAR[OSDInfoChapterFadeLabel]</label>				<label>$INFO[VideoPlayer.ChannelGroup,[COLOR=white]$LOCALIZE[31033]: [/COLOR]]</label>				<label>$INFO[VideoPlayer.NextTitle,[COLOR=white]$LOCALIZE[19031]:[/COLOR] ,]$INFO[VideoPlayer.NextStartTime, (,)]</label>				<label>$INFO[VideoPlayer.NextStartTime,[COLOR=white]$LOCALIZE[19080][/COLOR] ,]$INFO[VideoPlayer.NextEndTime,  [COLOR=white]$LOCALIZE[19081][/COLOR] ,]</label>				<label>$VAR[OSDInfoPresDownFadeLabel]</label>				<scroll>true</scroll>				<scrollout>false</scrollout>				<scrollspeed>100</scrollspeed>				<pauseatend>5000</pauseatend>				<include>OSDAnimation</include>				<visible>[String.IsEmpty(Window(VideoOSD).Property(ShowPlot)) | String.IsEmpty(VideoPlayer.Plot)]</visible>			</control>		</control>		<!-- MediaFlags -->		<control type="grouplist" id="1">			<include>OSDAnimation</include>			<animation effect="slide" start="0,0" end="0,-80" time="250" condition="![String.IsEmpty(Window(VideoOSD).Property(ShowPlot)) | String.IsEmpty(VideoPlayer.Plot)]">Conditional</animation>			<visible>!String.IsEqual(Skin.String(FullScreenVideoStyle),2)</visible>			<visible>[String.IsEmpty(Window(VideoOSD).Property(ShowPlot)) | String.IsEmpty(VideoPlayer.Plot)]</visible>			<visible>[Player.ShowInfo | [[Player.Paused | Player.Forwarding | Player.Rewinding | Player.Seeking | Player.DisplayAfterSeek] + String.IsEqual(Skin.String(DialogSeekBarStyle),3)] | Window.IsActive(VideoOSD)] + ![Window.IsActive(BusyDialog) | Window.IsActive(SliderDialog) | Window.IsActive(SeekBar) | Window.IsActive(OSDVideoSettings) | Window.IsActive(OSDAudioSettings) | Window.IsActive(VideoBookmarks) | Window.IsActive(SelectDialog) | Window.IsActive(SubtitleSearch) | Window.IsActive(ShutdownMenu) | Window.IsActive(favourites) | Window.IsActive(NumericInput) | Window.IsActive(PVROSDChannels) | Window.IsActive(PVROSDGuide) | Window.IsActive(TextViewer)]</visible>			<right>47</right>			<top>500</top>			<width>600</width>			<align>right</align>			<itemgap>5</itemgap>			<orientation>horizontal</orientation>			<!-- Audio & Subtitles Language -->			<control type="group" id="1">				<width>64</width>				<height>28</height>				<visible>[VideoPlayer.Content(Movies) | VideoPlayer.Content(Episodes)] + !String.IsEmpty(VideoPlayer.AudioLanguage)</visible>				<control type="image" id="1">					<width>64</width>					<height>28</height>					<colordiffuse>mediaflags</colordiffuse>					<aspectratio align="center">keep</aspectratio>					<texture>flags/language/language_flag.png</texture>				</control>				<control type="image" id="1">					<left>31</left>					<top>3</top>					<width>28</width>					<height>23</height>					<aspectratio align="center">stretch</aspectratio>					<texture>$INFO[VideoPlayer.AudioLanguage,resource://resource.images.languageflags.colour/,.png]</texture>				</control>			</control>			<control type="group" id="1">				<width>64</width>				<height>28</height>				<visible>[VideoPlayer.Content(Movies) | VideoPlayer.Content(Episodes)] + !String.IsEmpty(VideoPlayer.SubtitlesLanguage)</visible>				<control type="image" id="1">					<width>64</width>					<height>28</height>					<colordiffuse>mediaflags</colordiffuse>					<aspectratio align="center">keep</aspectratio>					<texture>flags/language/subtitle_flag.png</texture>				</control>				<control type="image" id="1">					<left>31</left>					<top>3</top>					<width>28</width>					<height>23</height>					<aspectratio align="center">stretch</aspectratio>					<texture>$INFO[VideoPlayer.SubtitlesLanguage,resource://resource.images.languageflags.colour/,.png]</texture>				</control>			</control>			<!-- Stereoscopic -->			<control type="group" id="1">				<width>76</width>				<visible>VideoPlayer.IsStereoscopic</visible>				<control type="image" id="1">					<description>Video Stereoscopics Image</description>					<include>FlagsOSDLayout</include>					<texture>flags/video/3d.png</texture>				</control>			</control>			<!-- Video Resolution -->			<control type="group" id="1">				<width>76</width>				<visible>!String.IsEmpty(VideoPlayer.VideoResolution)</visible>				<control type="image" id="1">					<description>Video Resolution Flag</description>					<include>FlagsOSDLayout</include>					<texture fallback="flags/na.png">$INFO[VideoPlayer.VideoResolution,flags/res/,.png]</texture>					<!-- <visible>String.IsEmpty(VideoPlayer.IsStereoscopic) + ![String.Contains(Player.FileNameAndPath,.3D.) | String.Contains(Player.FileNameAndPath,-3D.) | String.Contains(Player.Filenameandpath,.3dbd.)]</visible> -->				</control>			</control>			<!-- Audio Channels -->			<control type="group" id="1">				<width>45</width>				<visible>!String.IsEmpty(VideoPlayer.AudioChannels)</visible>				<control type="image" id="1">					<description>Audio Codec Flag</description>					<include>FlagsOSDLayoutAudioChannels</include>					<texture fallback="flags/na.png">$INFO[VideoPlayer.AudioChannels,flags/channels/,.png]</texture>				</control>			</control>			<!-- Audio Codec -->			<control type="group....." id="1">				<width>76</width>				<visible>!String.IsEmpty(VideoPlayer.AudioCodec)</visible>				<control type="image" id="1">					<description>Audio Codec Flag</description>					<include>FlagsOSDLayout</include>					<texture fallback="flags/na.png">$INFO[VideoPlayer.AudioCodec,flags/audio/,.png]</texture>				</control>			</control>		</control>		<!-- VideoInfo (Simple) -->		<control type="group" id="1">			<visible>String.IsEqual(Skin.String(FullScreenVideoStyle),2)</visible>			<visible>Player.ShowInfo + ![Window.IsActive(SelectDialog) | Window.IsActive(SliderDialog) | Window.IsActive(ShutdownMenu) | Window.IsActive(favourites) | Window.IsActive(VideoBookmarks) | Window.IsActive(PVROSDChannels) | Window.IsActive(PVROSDGuide)]</visible>			<include>OSDAnimation</include>			<control type="image" id="1">				<left>0</left>				<top>305</top>				<include>FullscreenDimensions</include>				<texture background="true">windows/home/menu_overlay.png</texture>			</control>			<control type="grouplist" id="1">				<left>37</left>				<top>636</top>				<width>1190</width>				<height>72</height>				<align>left</align>				<itemgap>10</itemgap>				<orientation>horizontal</orientation>				<include>KaiToastSlideAnimations</include>				<control type="label" id="1">					<height>60</height>					<width min="10" max="1000">auto</width>					<label>$INFO[Player.Time]</label>					<align>left</align>					<aligny>center</aligny>					<font>FontSize_50</font>					<textcolor>white</textcolor>					<shadowcolor>77000000</shadowcolor>				</control>				<control type="group" id="1">					<control type="label" id="1">						<left>0</left>						<top>8</top>						<width>1000</width>						<height>25</height>						<label>$VAR[PlayerTitleLabel]</label>						<align>left</align>						<aligny>center</aligny>						<font>NotificationsFont</font>						<textcolor>white</textcolor>						<shadowcolor>77000000</shadowcolor>					</control>					<control type="label" id="1">						<left>0</left>						<top>29</top>						<width>1000</width>						<height>25</height>						<label>$VAR[PlayerSubLabel]</label>						<align>left</align>						<aligny>center</aligny>						<font>NotificationsFont</font>						<textcolor>99white</textcolor>						<shadowcolor>77000000</shadowcolor>					</control>				</control>			</control>		</control>		<!-- ==================== -->		<!-- == Dialog Seekbar == -->		<!-- ==================== -->		<!-- Seekbar (Default) -->		<control type="group" id="1">			<visible>!String.IsEqual(Skin.String(FullScreenVideoStyle),2)</visible>			<visible>Window.IsActive(FullScreenVideo) + [[Player.Paused | Player.Forwarding | Player.Rewinding | Player.Seeking | Player.DisplayAfterSeek] + ![String.IsEqual(Skin.String(DialogSeekBarStyle),2) | String.IsEqual(Skin.String(DialogSeekBarStyle),3)]] + ![Player.ShowInfo | Window.IsActive(VideoOSD) | Window.IsActive(SubtitleSearch) | Window.IsActive(ShutdownMenu) | Window.IsActive(favourites) | Window.IsActive(NumericInput) | Window.IsActive(PVROSDChannels) | Window.IsActive(PVROSDGuide)]</visible>			<animation type="WindowOpen" reversible="false">				<effect type="zoom" time="350" center="640,360" start="150" end="100" tween="cubic" easing="out"/>				<effect type="fade" time="350" start="0" easing="out" end="100"/>			</animation>			<animation type="WindowClose" reversible="false">				<effect type="zoom" time="250" center="640,360" start="100" end="150" tween="cubic" easing="in"/>				<effect type="fade" time="250" start="100" easing="in" end="0"/>			</animation>			<animation type="Visible" reversible="false">				<effect type="zoom" time="350" center="640,360" start="150" end="100" tween="cubic" easing="out"/>				<effect type="fade" time="350" start="0" easing="out" end="100"/>			</animation>			<animation type="Hidden" reversible="false">				<effect type="zoom" time="250" center="640,360" start="100" end="150" tween="cubic" easing="in"/>				<effect type="fade" time="250" start="100" easing="in" end="0"/>			</animation>			<animation type="Conditional" condition="Player.Paused + ![Player.Caching | Player.Seeking]">				<effect type="zoom" time="350" delay="13000" center="640,360" start="100" end="0" tween="cubic" easing="in"/>				<effect type="fade" time="350" delay="13000" start="100" easing="in" end="0"/>			</animation>			<control type="image" id="1">				<left>449</left>				<top>177</top>				<width>377</width>				<height>385</height>				<texture background="true">osd/osd_controls_bg.png</texture>			</control>			<control type="group" id="1">				<left>505</left>				<top>226</top>				<control type="image" id="1">					<width>270</width>					<height>270</height>					<colordiffuse>66FFFFFF</colordiffuse>					<texture background="true">osd/osd_play.png</texture>					<visible>Player.Playing + ![Player.Rewinding | Player.Forwarding | Player.Seeking | [Player.DisplayAfterSeek + !String.IsEmpty(Player.SeekOffset)]]</visible>				</control>				<control type="image" id="1">					<width>270</width>					<height>270</height>					<colordiffuse>66FFFFFF</colordiffuse>					<texture background="true">$VAR[DialogSeekBarIcons]</texture>				</control>				<control type="image" id="1">					<width>270</width>					<height>270</height>					<colordiffuse>66FFFFFF</colordiffuse>					<texture background="true">osd/osd_rw.png</texture>					<visible>[[Player.Playing + !String.IsEmpty(Player.SeekOffset)] | Player.Seeking] + [String.Contains(Player.SeekOffset,-) | String.Contains(Player.SeekStepSize,-)] + !Player.Paused</visible>				</control>				<control type="image" id="1">					<width>270</width>					<height>270</height>					<colordiffuse>66FFFFFF</colordiffuse>					<texture background="true">osd/osd_ff.png</texture>					<visible>[[Player.Playing + !String.IsEmpty(Player.SeekOffset)] | Player.Seeking] + ![String.Contains(Player.SeekOffset,-) | String.Contains(Player.SeekStepSize,-)] + !Player.Paused</visible>				</control>			</control>			<control type="group" id="1">				<left>475</left>				<top>222</top>				<control type="group" id="1">					<visible>!Player.ChapterCount</visible>					<control type="label" id="1">						<description>Seek Time Label</description>						<width>323</width>						<height>20</height>						<font>FontSize_24</font>						<textcolor>viewsinfo</textcolor>						<shadowcolor>77000000</shadowcolor>						<align>center</align>						<aligny>center</aligny>						<label>$VAR[DialogSeekBarLabel]</label>						<animation type="Conditional" reversible="false" condition="Player.Paused  + ![Player.Forwarding | Player.Rewinding | Player.Caching]" loop="true">							<effect type="fade" start="0" end="100" time="400" delay="0" />							<effect type="fade" start="100" end="0" time="400" delay="5000" />							<effect type="fade" start="100" end="0" time="400" delay="10000" />						</animation>					</control>					<control type="label" id="1">						<description>Seek Time Label</description>						<width>323</width>						<height>20</height>						<font>FontSize_24</font>						<textcolor>viewsinfo</textcolor>						<shadowcolor>77000000</shadowcolor>						<align>center</align>						<aligny>center</aligny>						<label>$LOCALIZE[31305] [COLOR=osdinfo]$INFO[Player.FinishTime][/COLOR]</label>						<visible>!Player.Playing + !Player.Forwarding + !Player.Rewinding + !Player.Caching</visible>						<animation type="Conditional" reversible="false" condition="Player.Paused + ![Player.Playing | Player.Forwarding | Player.Rewinding | Player.Caching]" loop="true">							<effect type="fade" start="0" end="100" time="400" delay="5400" />							<effect type="fade" start="100" end="0" time="400" delay="10000" />						</animation>					</control>				</control>				<control type="group" id="1">					<visible>Player.ChapterCount</visible>					<control type="label" id="1">						<description>Seek Time Label</description>						<width>323</width>						<height>20</height>						<font>FontSize_24</font>						<textcolor>viewsinfo</textcolor>						<shadowcolor>77000000</shadowcolor>						<align>center</align>						<aligny>center</aligny>						<label>$VAR[DialogSeekBarLabel]</label>						<animation type="Conditional" reversible="false" condition="Player.Paused  + ![Player.Forwarding | Player.Rewinding | Player.Caching]" loop="true">							<effect type="fade" start="0" end="100" time="400" delay="0" />							<effect type="fade" start="100" end="0" time="400" delay="5000" />							<effect type="fade" start="100" end="0" time="400" delay="15000" />						</animation>					</control>					<control type="label" id="1">						<description>Seek Time Label</description>						<width>323</width>						<height>20</height>						<font>FontSize_24</font>						<textcolor>viewsinfo</textcolor>						<shadowcolor>77000000</shadowcolor>						<align>center</align>						<aligny>center</aligny>						<label>$LOCALIZE[31305] [COLOR=osdinfo]$INFO[Player.FinishTime][/COLOR]</label>						<visible>!Player.Playing + !Player.Forwarding + !Player.Rewinding + !Player.Caching</visible>						<animation type="Conditional" reversible="false" condition="Player.Paused + ![Player.Playing | Player.Forwarding | Player.Rewinding | Player.Caching]" loop="true">							<effect type="fade" start="0" end="100" time="400" delay="5400" />							<effect type="fade" start="100" end="0" time="400" delay="10000" />							<effect type="fade" start="100" end="0" time="400" delay="15000" />						</animation>					</control>					<control type="label" id="1">						<description>Chapter Label</description>						<width>323</width>						<height>20</height>						<font>FontSize_24</font>						<textcolor>viewsinfo</textcolor>						<shadowcolor>77000000</shadowcolor>						<align>center</align>						<aligny>center</aligny>						<label>$LOCALIZE[21396]: [COLOR=osdinfo]$INFO[Player.Chapter]$INFO[Player.ChapterCount, / ][/COLOR]</label>						<visible>!Player.Playing + !Player.Forwarding + !Player.Rewinding + !Player.Caching</visible>						<animation type="Conditional" reversible="false" condition="Player.Paused + ![Player.Playing | Player.Forwarding | Player.Rewinding | Player.Caching]" loop="true">							<effect type="fade" start="0" end="100" time="400" delay="10400" />							<effect type="fade" start="100" end="0" time="400" delay="15000" />						</animation>					</control>				</control>				<control type="grouplist" id="1">					<left>14</left>					<top>220</top>					<width>295</width>					<height>500</height>					<orientation>horizontal</orientation>					<control type="label" id="1">						<description>Time Elapsed</description>						<width>110</width>						<height>95</height>						<font>FontSize_24</font>						<textcolor>88white</textcolor>						<shadowcolor>77000000</shadowcolor>						<align>right</align>						<aligny>center</aligny>						<label>$VAR[DialogSeekBarTime]+</label>					</control>					<control type="group" id="1">						<width>72</width>						<control type="image" id="1">							<left>-8</left>							<top>5</top>							<width>88</width>							<height>88</height>							<colordiffuse>99white</colordiffuse>							<aspectratio>keep</aspectratio>							<texture background="true" border="5" fallback="osd/progress/0.png">$INFO[Control.GetLabel(32),osd/progress/p,.png]</texture>						</control>					</control>					<control type="label" id="1">						<description>Time Remaining</description>						<width>110</width>						<height>95</height>						<font>FontSize_24</font>						<textcolor>88white</textcolor>						<shadowcolor>77000000</shadowcolor>						<align>left</align>						<aligny>center</aligny>						<label>-$INFO[Player.TimeRemaining]</label>					</control>				</control>				<control type="progress" id="32">					<info>Player.Progress</info>					<include>HiddenItem</include>					<visible>false</visible>				</control>			</control>		</control>		<!-- Seekbar (Simple for Default VideoInfo) -->		<control type="group" id="1">			<left>45</left>			<top>615</top>			<visible>!String.IsEqual(Skin.String(FullScreenVideoStyle),2)</visible>			<visible>Window.IsActive(FullScreenVideo) + [[Player.Paused | Player.Forwarding | Player.Rewinding | Player.Seeking | Player.DisplayAfterSeek | Player.Caching] + String.IsEqual(Skin.String(DialogSeekBarStyle),2)] + ![Player.ShowInfo | Window.IsActive(VideoOSD) | Window.IsActive(SubtitleSearch) | Window.IsActive(ShutdownMenu) | Window.IsActive(favourites) | Window.IsActive(BusyDialog) | Window.IsActive(NumericInput) | Window.IsActive(PVROSDChannels) | Window.IsActive(PVROSDGuide) | String.IsEmpty(Player.TimeRemaining)]</visible>			<include>OSDAnimation</include>			<include content="SeekBarSimple">				<param name="progressbar_id" value="3"/>			</include>			<control type="progress" id="3">				<info>Player.Progress</info>				<include>HiddenItem</include>				<visible>false</visible>			</control>		</control>		<!-- Seekbar (Simple for Simple VideoInfo) -->		<control type="group" id="1">			<left>45</left>			<top>615</top>			<visible>String.IsEqual(Skin.String(FullScreenVideoStyle),2)</visible>			<visible>Window.IsActive(FullScreenVideo) + [Player.Paused | Player.Forwarding | Player.Rewinding | Player.Seeking | Player.DisplayAfterSeek | Player.Caching] + ![Player.ShowInfo | Window.IsActive(SelectDialog) | Window.IsActive(SliderDialog) | Window.IsActive(ShutdownMenu) | Window.IsActive(favourites) | Window.IsActive(VideoBookmarks) | Window.IsActive(PVROSDChannels) | Window.IsActive(PVROSDGuide) | String.IsEmpty(Player.TimeRemaining)]</visible>			<include>OSDAnimation</include>			<include>KaiToastSlideAnimations</include>			<include content="SeekBarSimple">				<param name="progressbar_id" value="4"/>			</include>			<control type="progress" id="4">				<info>Player.Progress</info>				<include>HiddenItem</include>				<visible>false</visible>			</control>		</control>		<!-- ===================== -->		<!-- == Weather & Clock == -->		<!-- ===================== -->		<control type="group" id="1">			<left>25</left>			<top>45</top>			<include>OpenCloseSlideAnimation</include>			<animation type="Visible">				<include>CommonOpenEffect</include>			</animation>			<animation type="Hidden">				<include>CommonCloseEffect</include>			</animation>			<include>WeatherAndClock</include>			<visible>Player.ShowInfo | [Window.IsActive(VideoOSD) + !String.IsEqual(Skin.String(FullScreenVideoStyle),2)]</visible>		</control>	</controls></window>