<?xml version="1.0" encoding="utf-8"?>
<window>
	<defaultcontrol>-</defaultcontrol>
	<controls>
		<control type="button">
			<left>1860</left>
			<top>30</top>
			<width>30</width>
			<height>30</height>
			<texturefocus>close-window-focus.png</texturefocus>
			<texturenofocus>close-window-nofocus.png</texturenofocus>
			<onclick>PreviousMenu</onclick>
			<visible>Skin.HasSetting(TouchScreenMode)</visible>
		</control>
		<!-- media infos -->
		<control type="group">
			<left>30</left>
			<top>945</top>
			<visible>Player.ShowInfo + Player.HasMedia</visible>
			<include>VisibleFadeEffect</include>
			<control type="image">
				<left>-30</left>
				<top>0</top>
				<width>750</width>
				<height>120</height>
				<texture border="2">gradient2.png</texture>
			</control>
			<control type="image">
				<left>22</left>
				<top>12</top>
				<width>94</width>
				<height>94</height>
				<texture>$INFO[MusicPlayer.Cover]</texture>
			</control>
			<control type="image">
				<left>14</left>
				<top>10</top>
				<width>106</width>
				<height>98</height>
				<texture>cdcase.png</texture>
				<visible>!Skin.HasSetting(HideMusicCase)</visible>
			</control>
			<control type="label">
				<left>135</left>
				<top>14</top>
				<width>600</width>
				<height>30</height>
				<label>$INFO[MusicPlayer.Title]</label>
				<align>left</align>
				<aligny>center</aligny>
				<font>font-19</font>
				<textcolor>white</textcolor>
				<shadowcolor>black</shadowcolor>
			</control>
			<control type="label">
				<left>135</left>
				<top>45</top>
				<width>600</width>
				<height>30</height>
				<label>$INFO[MusicPlayer.Artist]$INFO[MusicPlayer.Album, - ]</label>
				<align>left</align>
				<aligny>center</aligny>
				<font>font-19</font>
				<textcolor>white</textcolor>
				<shadowcolor>black</shadowcolor>
			</control>
			<control type="label">
				<left>120</left>
				<top>76</top>
				<width>105</width>
				<height>30</height>
				<label>$INFO[MusicPlayer.Time]</label>
				<align>right</align>
				<aligny>center</aligny>
				<font>font-19</font>
				<textcolor>grey</textcolor>
				<shadowcolor>black</shadowcolor>
			</control>
			<control type="progress">
				<description>progress control</description>
				<left>228</left>
				<top>82</top>
				<width>399</width>
				<height>22</height>
				<info>Player.progress</info>
			</control>
			<control type="slider" id="888">
				<description>Slider</description>
				<left>228</left>
				<top>82</top>
				<width>399</width>
				<height>22</height>
				<action>seek</action>
			</control>
			<control type="label">
				<left>630</left>
				<top>76</top>
				<width>105</width>
				<height>30</height>
				<label>$INFO[MusicPlayer.Duration]</label>
				<align>left</align>
				<aligny>center</aligny>
				<font>font-19</font>
				<textcolor>grey</textcolor>
				<shadowcolor>black</shadowcolor>
			</control>
		</control>
	</controls>
</window>
