<?xml version="1.0" encoding="UTF-8"?>
<colors>
	<color name="primary_background">FFF73737</color>
	<color name="secondary_background">FFF73737</color>
	<color name="background">FF000000</color>
	<color name="black">FF000000</color>
	<color name="white">FFF0F0F0</color>
	<color name="grey">FFA0A0A0</color>
	<color name="blue">FFb61414</color>
	<color name="red">FFCE4421</color>
	<color name="button_focus">FFF73737</color>
	<color name="text_shadow">22000000</color>
	<color name="border_alpha">60FFFFFF</color>
	<color name="disabled">40FFFFFF</color>
	<color name="selected">FF24C6C9</color>
	<color name="invalid">FFFF0000</color>
</colors>
