<?xml version="1.0" encoding="UTF-8"?>
<window>
	<defaultcontrol always="true">9000</defaultcontrol>
	<onunload condition="System.HasAddon(script.skinshortcuts)">RunScript(script.skinshortcuts,type=buildxml&amp;mainmenuID=9000&amp;levels=2&amp;options=noGroups)</onunload>
	<onunload condition="!String.IsEmpty(Skin.String(FanartTimePerImage))">RunScript(script.grab.fanart,mode=random,refresh=$INFO[Skin.String(FanartTimePerImage)])</onunload>
	<onunload condition="String.IsEmpty(Skin.String(FanartTimePerImage))">RunScript(script.grab.fanart,mode=random,refresh=7)</onunload>
	<onunload condition="!String.IsEmpty(Window(Home).Property(OverlayUnwatched)) + !String.IsEmpty(Window(Home).Property(OverlayWatched)) + !Skin.HasSetting(coloredflags)">SetProperty(Overlay.Path,overlays/showcase/1/,Home)</onunload>
	<onunload condition="!String.IsEmpty(Window(Home).Property(OverlayUnwatched)) + !String.IsEmpty(Window(Home).Property(OverlayWatched)) + Skin.HasSetting(coloredflags)">SetProperty(Overlay.Path,overlays/showcase/4/,Home)</onunload>
	<onunload condition="String.IsEmpty(Window(Home).Property(OverlayUnwatched)) + !String.IsEmpty(Window(Home).Property(OverlayWatched)) + !Skin.HasSetting(coloredflags)">SetProperty(Overlay.Path,overlays/showcase/2/,Home)</onunload>
	<onunload condition="String.IsEmpty(Window(Home).Property(OverlayUnwatched)) + !String.IsEmpty(Window(Home).Property(OverlayWatched)) + Skin.HasSetting(coloredflags)">SetProperty(Overlay.Path,overlays/showcase/5/,Home)</onunload>
	<onunload condition="!String.IsEmpty(Window(Home).Property(OverlayUnwatched)) + String.IsEmpty(Window(Home).Property(OverlayWatched)) + !Skin.HasSetting(coloredflags)">SetProperty(Overlay.Path,overlays/showcase/3/,Home)</onunload>
	<onunload condition="!String.IsEmpty(Window(Home).Property(OverlayUnwatched)) + String.IsEmpty(Window(Home).Property(OverlayWatched)) + Skin.HasSetting(coloredflags)">SetProperty(Overlay.Path,overlays/showcase/6/,Home)</onunload>
	<controls>
		<include>CommonBackground</include>
		<control type="group">
			<visible>Skin.HasSetting(MakeItSnow)</visible>
			<include>SnowBackground</include>
		</control>
		<include>Topbar</include>
		<control type="group">
			<top>59</top>
			<include>WindowOpenCloseAnimation</include>
			<include>SystemLeftPanel</include>
			<visible>!Window.IsActive(script-skinshortcuts.xml)</visible>
			<control type="list" id="9000">
				<left>82</left>
				<top>32</top>
				<width>356</width>
				<height>909</height>
				<onleft>9010</onleft>
				<onright>9010</onright>
				<onup>9000</onup>
				<ondown>9000</ondown>
				<pagecontrol />
				<scrolltime tween="quadratic" easing="out">200</scrolltime>
				<visible>!Window.IsActive(1140) + !Window.IsActive(1117)</visible>
				<include>SettingsFadeAnimation</include>
				<itemlayout height="90" width="356">
					<control type="image">
						<top>30</top>
						<width>356</width>
						<height>60</height>
						<texture border="1">separator2.png</texture>
					</control>
					<control type="label">
						<width>356</width>
						<height>90</height>
						<font>font15</font>
						<textoffsetx>20</textoffsetx>
						<textcolor>grey2</textcolor>
						<selectedcolor>$VAR[ThemeLabelColor]</selectedcolor>
						<align>right</align>
						<label>$INFO[ListItem.Label]</label>
					</control>
				</itemlayout>
				<focusedlayout height="90" width="356">
					<control type="image">
						<top>30</top>
						<width>356</width>
						<height>60</height>
						<texture border="1">separator2.png</texture>
					</control>
					<control type="image">
						<width>356</width>
						<height>90</height>
						<texture colordiffuse="$VAR[HighlightBarColor]" border="4">listselect_fo.png</texture>
						<animation effect="fade" start="100" end="40" time="300" tween="sine" easing="inout" condition="!Control.HasFocus(9000)">Conditional</animation>
					</control>
					<control type="label">
						<width>356</width>
						<height>90</height>
						<font>font15</font>
						<textoffsetx>20</textoffsetx>
						<textcolor>white</textcolor>
						<selectedcolor>$VAR[ThemeLabelColor]</selectedcolor>
						<align>right</align>
						<label>$INFO[ListItem.Label]</label>
					</control>
				</focusedlayout>
				<content>
					<item id="9">
						<label>31445</label>
						<onclick>noop</onclick>
						<icon />
					</item>
					<item id="1">
						<label>513</label>
						<onclick>noop</onclick>
						<icon />
					</item>
					<item id="6">
						<label>31365</label>
						<onclick>noop</onclick>
						<icon />
					</item>
					<item id="2">
						<label>16000</label>
						<onclick>noop</onclick>
						<icon />
					</item>
					<item id="4">
						<label>10038</label>
						<onclick>noop</onclick>
						<icon />
					</item>
					<item id="8">
						<label>31155</label>
						<onclick>noop</onclick>
						<icon />
					</item>
					<item id="3">
						<label>31014</label>
						<onclick>noop</onclick>
						<icon />
					</item>
					<item id="5">
						<label>SiLVO $LOCALIZE[31014]</label>
						<onclick>noop</onclick>
						<icon />
					</item>
					<item id="7">
						<label>10043</label>
						<onclick>noop</onclick>
						<icon />
					</item>
				</content>
			</control>
			<control type="image">
				<description>LOGO</description>
				<left>60</left>
				<top>875</top>
				<width>400</width>
				<height>130</height>
				<texture>aeon-nox-logo.png</texture>
			</control>
			<include>SystemRightPanel</include>
			<control type="image">
				<description>separator image</description>
				<left>522</left>
				<top>782</top>
				<width>1316</width>
				<height>60</height>
				<texture border="1">separator2.png</texture>
			</control>
			<control type="textbox">
				<description>description area</description>
				<left>552</left>
				<top>850</top>
				<width>1256</width>
				<height>130</height>
				<font>font16bold_textbox</font>
				<textcolor>grey2</textcolor>
				<label>$VAR[SkinSettingsDescriptionVar]</label>
				<autoscroll time="3000" delay="4000" repeat="5000">true</autoscroll>
				<animation effect="fade" start="0" end="100" time="300" tween="sine" easing="inout">Visible</animation>
				<animation effect="fade" start="100" end="0" time="0" tween="sine" easing="inout">Hidden</animation>
				<visible>!Window.IsActive(1140) + !Window.IsActive(1117)</visible>
			</control>
			<control type="scrollbar" id="60">
				<left>1838</left>
				<top>32</top>
				<width>14</width>
				<height>789</height>
				<onleft>9010</onleft>
				<onright>9010</onright>
				<ondown>60</ondown>
				<onup>60</onup>
				<showonepage>false</showonepage>
				<texturesliderbackground />
				<texturesliderbar colordiffuse="55ffffff" border="1">scrollbar/texturesliderbar2.png</texturesliderbar>
				<texturesliderbarfocus border="1">scrollbar/texturesliderbar2.png</texturesliderbarfocus>
			</control>
			<control type="group" id="9010">
				<visible>!Window.IsActive(1140) + !Window.IsActive(1117)</visible>
				<include>SettingsFadeAnimation</include>
				<control type="grouplist" id="9009">
					<description>control area</description>
					<left>522</left>
					<top>32</top>
					<width>1316</width>
					<height>810</height>
					<pagecontrol>60</pagecontrol>
					<onleft>9000</onleft>
					<onright>60</onright>
					<onup>9009</onup>
					<ondown>9009</ondown>
					<visible>Container(9000).HasFocus(9)</visible>
					<control type="button" id="1000">
						<include>SettingsButtonCommonValues</include>
						<label>31911</label>
						<onclick>RunScript(script.skinshortcuts,type=manage&amp;group=mainmenu)</onclick>
					</control>
					<control type="button" id="1001">
						<include>SettingsButtonCommonValues</include>
						<label>31913</label>
						<label2>[COLOR $VAR[ThemeLabelColor]]$VAR[lowermainmenuVar][/COLOR]</label2>
						<onclick>Skin.ToggleSetting(lowermainmenu)</onclick>
						<visible>!String.IsEqual(Skin.String(MainMenu.Layout),vertical)</visible>
					</control>
					<control type="button" id="1002">
						<include>SettingsButtonCommonValues</include>
						<label>31928</label>
						<label2>[COLOR $VAR[ThemeLabelColor]]$VAR[MainMenuLayoutVar][/COLOR]</label2>
						<onclick>SetProperty(CustomSelectMainMenuLayout,True)</onclick>
						<onclick>ActivateWindow(1129)</onclick>
					</control>
					<control type="radiobutton" id="1003">
						<include>SettingsButtonCommonValues</include>
						<label>   - $LOCALIZE[31263]</label>
						<onclick>Skin.ToggleSetting(Disable.IconsMenuLabel)</onclick>
						<selected>Skin.HasSetting(Disable.IconsMenuLabel)</selected>
						<visible>String.IsEqual(Skin.String(MainMenu.Layout),icons)</visible>
					</control>
					<control type="button" id="1004">
						<include>SettingsButtonCommonValues</include>
						<label>$LOCALIZE[31603]</label>
						<label2>[COLOR $VAR[ThemeLabelColor]]$VAR[HomeMenuNavVar][/COLOR]</label2>
						<onclick>Skin.ToggleSetting(HomeMenuNavVar)</onclick>
					</control>
					<control type="radiobutton" id="1015">
						<include>SettingsButtonCommonValues</include>
						<label>$LOCALIZE[31436]</label>
						<onclick>Skin.ToggleSetting(CenteredInfoLine)</onclick>
						<selected>Skin.HasSetting(CenteredInfoLine)</selected>
						<visible>!String.IsEqual(Skin.String(MainMenu.Layout),vertical)</visible>
					</control>
					<control type="button" id="1005">
						<include>SettingsButtonCommonValues</include>
						<label>$LOCALIZE[20304]</label>
						<label2>[COLOR $VAR[ThemeLabelColor]]$VAR[RSSLabelVar][/COLOR]</label2>
						<onclick>$VAR[RSSPositionVar]</onclick>
						<visible>system.getbool(lookandfeel.enablerssfeeds) + !String.IsEqual(Skin.String(MainMenu.Layout),vertical)</visible>
					</control>
					<control type="button" id="1006">
						<include>SettingsButtonCommonValues</include>
						<label>$LOCALIZE[20304]</label>
						<label2>[COLOR $VAR[ThemeLabelColor]]$VAR[VerticalMenuRSSLabelVar][/COLOR]</label2>
						<onclick>$VAR[VerticalMenuRSSPositionVar]</onclick>
						<visible>system.getbool(lookandfeel.enablerssfeeds) + String.IsEqual(Skin.String(MainMenu.Layout),vertical)</visible>
					</control>
					<control type="button" id="1007">
						<include>SettingsButtonCommonValues</include>
						<label>$LOCALIZE[31280]</label>
						<label2>[COLOR $VAR[ThemeLabelColor]]$VAR[VerticalMenuSystemBarPositionLabelVar][/COLOR]</label2>
						<onclick>$VAR[VerticalMenuSystemBarPositionVar]</onclick>
						<visible>String.IsEqual(Skin.String(MainMenu.Layout),vertical) + !system.getbool(lookandfeel.enablerssfeeds)</visible>
					</control>
					<control type="radiobutton" id="1008">
						<include>SettingsButtonCommonValues</include>
						<label>   - $LOCALIZE[31157]</label>
						<onclick>Skin.ToggleSetting(Enable.VisibleSubmenu)</onclick>
						<selected>Skin.HasSetting(Enable.VisibleSubmenu)</selected>
						<visible>[!String.IsEqual(Skin.String(MainMenu.Layout),vertical) + !String.IsEqual(Skin.String(RSS.Position),$LOCALIZE[571]) + system.getbool(lookandfeel.enablerssfeeds)] | [!String.IsEqual(Skin.String(MainMenu.Layout),vertical) + !system.getbool(lookandfeel.enablerssfeeds)]</visible>
					</control>
					<control type="radiobutton" id="1010">
						<include>SettingsButtonCommonValues</include>
						<label>$LOCALIZE[31158]</label>
						<onclick>Skin.ToggleSetting(Disable.SearchButton)</onclick>
						<selected>Skin.HasSetting(Disable.SearchButton)</selected>
						<visible>System.HasAddon(script.globalsearch)</visible>
					</control>
					<control type="button" id="1013">
						<include>SettingsButtonCommonValues</include>
						<label>31978</label>
						<onclick>RunScript(script.skinshortcuts,type=resetall)</onclick>
					</control>
				</control>
				<control type="grouplist" id="9001">
					<description>control area</description>
					<left>522</left>
					<top>32</top>
					<width>1316</width>
					<height>810</height>
					<pagecontrol>60</pagecontrol>
					<onleft>9000</onleft>
					<onright>60</onright>
					<onup>9001</onup>
					<ondown>9001</ondown>
					<visible>Container(9000).HasFocus(1)</visible>
					<control type="radiobutton" id="1009">
						<width>1316</width>
						<height>90</height>
						<textoffsetx>30</textoffsetx>
						<label>$LOCALIZE[31154]</label>
						<onclick>Skin.ToggleSetting(Enable.ArtistSlideshowOnHome)</onclick>
						<selected>Skin.HasSetting(Enable.ArtistSlideshowOnHome)</selected>
						<visible>System.HasAddon(script.artistslideshow)</visible>
					</control>
					<control type="radiobutton" id="1016">
						<include>SettingsButtonCommonValues</include>
						<label>$LOCALIZE[31446]</label>
						<onclick>Skin.ToggleSetting(Home.Hide)</onclick>
						<selected>Skin.HasSetting(Home.Hide)</selected>
					</control>
					<control type="radiobutton" id="1014">
						<include>SettingsButtonCommonValues</include>
						<label>$LOCALIZE[31343]</label>
						<onclick>Skin.ToggleSetting(Disable.FanartTitle)</onclick>
						<selected>!Skin.HasSetting(Disable.FanartTitle)</selected>
					</control>
					<control type="radiobutton" id="1011">
						<include>SettingsButtonCommonValues</include>
						<label>20083</label>
						<onclick>Skin.ToggleSetting(Disable.Musicinfo)</onclick>
						<selected>!Skin.HasSetting(Disable.Musicinfo)</selected>
					</control>
					<control type="radiobutton" id="1012">
						<include>SettingsButtonCommonValues</include>
						<label>20176</label>
						<onclick>Skin.ToggleSetting(Disable.Videoinfo)</onclick>
						<selected>!Skin.HasSetting(Disable.Videoinfo)</selected>
					</control>
				</control>
				<control type="grouplist" id="9002">
					<description>control area</description>
					<left>522</left>
					<top>32</top>
					<width>1316</width>
					<height>810</height>
					<pagecontrol>60</pagecontrol>
					<onleft>9000</onleft>
					<onright>60</onright>
					<onup>9002</onup>
					<ondown>9002</ondown>
					<visible>Container(9000).HasFocus(2)</visible>
					<control type="button" id="2004">
						<include>SettingsButtonCommonValues</include>
						<label>31371</label>
						<label2>[COLOR $VAR[ThemeLabelColor]]$VAR[ViewPlotLocalizeVar][/COLOR]</label2>
						<onclick>Skin.ToggleSetting(ViewInfoPlotToggle)</onclick>
					</control>
					<control type="radiobutton" id="2000">
						<include>SettingsButtonCommonValues</include>
						<label>20189</label>
						<onclick>Skin.ToggleSetting(Enable.AutoScroll)</onclick>
						<selected>Skin.HasSetting(Enable.AutoScroll)</selected>
					</control>
					<control type="radiobutton" id="2001">
						<include>SettingsButtonCommonValues</include>
						<label>31124</label>
						<onclick>Skin.ToggleSetting(Disable.ShowBackgroundVideo)</onclick>
						<selected>!Skin.HasSetting(Disable.ShowBackgroundVideo)</selected>
					</control>
					<control type="radiobutton" id="2002">
						<include>SettingsButtonCommonValues</include>
						<label>31125</label>
						<onclick>Skin.ToggleSetting(Disable.ShowBackgroundVis)</onclick>
						<selected>!Skin.HasSetting(Disable.ShowBackgroundVis)</selected>
					</control>
					<control type="radiobutton" id="2005">
						<include>SettingsButtonCommonValues</include>
						<label>$LOCALIZE[31291]</label>
						<onclick>Skin.ToggleSetting(Disable.ScrollLabel)</onclick>
						<selected>Skin.HasSetting(Disable.ScrollLabel)</selected>
					</control>
					<control type="button" id="2007">
						<include>SettingsButtonCommonValues</include>
						<label>$LOCALIZE[31192]</label>
						<label2>[COLOR $VAR[ThemeLabelColor]]$INFO[Skin.String(CustomDefaultBackground.path)][/COLOR]</label2>
						<onclick>SetProperty(CustomSelectDefaultBackground,True)</onclick>
						<onclick>ActivateWindow(1129)</onclick>
					</control>
				</control>
				<control type="grouplist" id="9003">
					<description>control area</description>
					<left>522</left>
					<top>32</top>
					<width>1316</width>
					<height>810</height>
					<pagecontrol>60</pagecontrol>
					<onleft>9000</onleft>
					<onright>60</onright>
					<onup>9003</onup>
					<ondown>9003</ondown>
					<visible>Container(9000).HasFocus(3)</visible>
					<control type="radiobutton" id="3007">
						<include>SettingsButtonCommonValues</include>
						<label>$LOCALIZE[31282]</label>
						<onclick>Skin.ToggleSetting(Enable.StartupIntro)</onclick>
						<selected>Skin.HasSetting(Enable.StartupIntro)</selected>
					</control>
					<control type="radiobutton" id="3005">
						<include>SettingsButtonCommonValues</include>
						<label>31083</label>
						<onclick>Skin.ToggleSetting(Disable.NextAired)</onclick>
						<selected>!Skin.HasSetting(Disable.NextAired)</selected>
						<visible>System.HasAddon(script.tv.show.next.aired)</visible>
					</control>
					<control type="radiobutton" id="3004">
						<include>SettingsButtonCommonValues</include>
						<label>$LOCALIZE[31121]</label>
						<onclick condition="!System.HasAddon(plugin.program.autocompletion)">InstallAddon(plugin.program.autocompletion)</onclick>
						<onclick condition="System.HasAddon(plugin.program.autocompletion)">Skin.ToggleSetting(Enable.Autocomplete)</onclick>
						<selected>Skin.HasSetting(Enable.Autocomplete)</selected>
					</control>
					<control type="button" id="3008">
						<include>SettingsButtonCommonValues</include>
						<label>   - $LOCALIZE[5]</label>
						<onclick>Addon.OpenSettings(plugin.program.autocompletion)</onclick>
						<visible>Skin.HasSetting(Enable.Autocomplete) + System.HasAddon(plugin.program.autocompletion)</visible>
					</control>
					<control type="button" id="3000">
						<include>SettingsButtonCommonValues</include>
						<label>31015</label>
						<label2>[COLOR $VAR[ThemeLabelColor]]$INFO[Skin.String(VideoGenreFanartPath)][/COLOR]</label2>
						<onclick>Skin.SetPath(VideoGenreFanartPath)</onclick>
					</control>
					<control type="button" id="3002">
						<include>SettingsButtonCommonValues</include>
						<label>   - $LOCALIZE[10035]</label>
						<onclick>Skin.Reset(VideoGenreFanartPath)</onclick>
						<visible>!String.IsEmpty(Skin.String(VideoGenreFanartPath))</visible>
					</control>
					<control type="button" id="3001">
						<include>SettingsButtonCommonValues</include>
						<label>31017</label>
						<label2>[COLOR $VAR[ThemeLabelColor]]$INFO[Skin.String(MusicGenreFanartPath)][/COLOR]</label2>
						<onclick>Skin.SetPath(MusicGenreFanartPath)</onclick>
					</control>
					<control type="button" id="3003">
						<include>SettingsButtonCommonValues</include>
						<label>   - $LOCALIZE[10035]</label>
						<onclick>Skin.Reset(MusicGenreFanartPath)</onclick>
						<visible>!String.IsEmpty(Skin.String(MusicGenreFanartPath))</visible>
					</control>
					<control type="radiobutton" id="3006">
						<include>SettingsButtonCommonValues</include>
						<label>$LOCALIZE[31313]</label>
						<onclick>Skin.Togglesetting(MakeItSnow)</onclick>
						<selected>Skin.HasSetting(MakeItSnow)</selected>
					</control>
				</control>
				<control type="grouplist" id="9004">
					<description>control area</description>
					<left>522</left>
					<top>32</top>
					<width>1316</width>
					<height>810</height>
					<pagecontrol>60</pagecontrol>
					<onleft>9000</onleft>
					<onright>60</onright>
					<onup>9004</onup>
					<ondown>9004</ondown>
					<visible>Container(9000).HasFocus(4)</visible>
					<control type="button" id="4001">
						<include>SettingsButtonCommonValues</include>
						<label>31939</label>
						<label2>[COLOR $VAR[ThemeLabelColor]]$VAR[InfoPanelDelayLocalizeVar][/COLOR]</label2>
						<onclick condition="Skin.HasSetting(Enable.ManualInfoPanel)">Skin.Reset(Enable.ManualInfoPanel)</onclick>
						<onclick>$VAR[InfoPanelDelayOnClickVar]</onclick>
					</control>
					<control type="radiobutton" id="4002">
						<include>SettingsButtonCommonValues</include>
						<label>31941</label>
						<onclick>SetProperty(OfferReloadAfterConfirm,True,Home)</onclick>
						<onclick>ActivateWindow(1126)</onclick>
						<selected>Skin.HasSetting(KioskMode.Enabled)</selected>
					</control>
					<control type="button" id="4003">
						<include>SettingsButtonCommonValues</include>
						<label>31915</label>
						<label2>[COLOR $VAR[ThemeLabelColor]]$VAR[HorizontalListNavVar][/COLOR]</label2>
						<onclick>Skin.ToggleSetting(HorizontalListNav)</onclick>
					</control>
					<control type="button" id="4004">
						<include>SettingsButtonCommonValues</include>
						<label>31943</label>
						<onclick>ActivateWindow(1127)</onclick>
					</control>
					<control type="button" id="4005">
						<include>SettingsButtonCommonValues</include>
						<label>31094</label>
						<label2>[COLOR $VAR[ThemeLabelColor]]$VAR[SlimListSettingVar][/COLOR]</label2>
						<onclick>Skin.ToggleSetting(Enable.SlimList)</onclick>
					</control>
					<control type="radiobutton" id="4006">
						<include>SettingsButtonCommonValues</include>
						<label>31961</label>
						<onclick>Skin.ToggleSetting(Enable.HideRatings)</onclick>
						<selected>Skin.HasSetting(Enable.HideRatings)</selected>
					</control>
					<control type="radiobutton" id="4010">
						<include>SettingsButtonCommonValues</include>
						<label>$LOCALIZE[31283]</label>
						<onclick>Skin.ToggleSetting(Enable.AutoOpenMediaMenuOnMouseOver)</onclick>
						<selected>Skin.HasSetting(Enable.AutoOpenMediaMenuOnMouseOver)</selected>
						<visible>system.getbool(input.enablemouse)</visible>
					</control>
				</control>
				<control type="grouplist" id="9005">
					<description>control area</description>
					<left>522</left>
					<top>32</top>
					<width>1316</width>
					<height>810</height>
					<pagecontrol>60</pagecontrol>
					<onleft>9000</onleft>
					<onright>60</onright>
					<onup>9005</onup>
					<ondown>9005</ondown>
					<visible>Container(9000).HasFocus(5)</visible>
					<control type="radiobutton" id="5000">
						<onclick>Skin.ToggleSetting(Enable.AnimatedBackgrounds)</onclick>
						<selected>Skin.HasSetting(Enable.AnimatedBackgrounds)</selected>
						<label>$LOCALIZE[31989]</label>
						<include>SettingsButtonCommonValues</include>
					</control>
					<control type="button" id="5001">
						<include>SettingsButtonCommonValues</include>
						<label>$LOCALIZE[31260]</label>
						<label2>[COLOR $VAR[ThemeLabelColor]]$VAR[FanartTimePerImageLabelVar][/COLOR]</label2>
						<onclick>SetProperty(CustomSelectFanartTimePerImage,True)</onclick>
						<onclick>ActivateWindow(1129)</onclick>
					</control>
					<control type="radiobutton" id="5009">
						<onclick>Skin.ToggleSetting(Enable.Set.LiveBackground)</onclick>
						<selected>Skin.HasSetting(Enable.Set.LiveBackground)</selected>
						<label>$LOCALIZE[31164]</label>
						<include>SettingsButtonCommonValues</include>
					</control>
					<control type="radiobutton" id="5014">
						<onclick>Skin.ToggleSetting(Enable.HourMinuteDuration)</onclick>
						<selected>Skin.HasSetting(Enable.HourMinuteDuration)</selected>
						<label>$LOCALIZE[31194]</label>
						<include>SettingsButtonCommonValues</include>
					</control>
					<control type="radiobutton" id="5004">
						<onclick condition="System.HasAddon(resource.images.studios.coloured)">Skin.ToggleSetting(coloredflags)</onclick>
						<onclick condition="!System.HasAddon(resource.images.studios.coloured)">InstallAddon(resource.images.studios.coloured)</onclick>
						<selected>Skin.HasSetting(coloredflags)</selected>
						<label>$LOCALIZE[31975]</label>
						<width>1316</width>
						<height>90</height>
						<font>font15</font>
						<textoffsetx>30</textoffsetx>
					</control>
					<control type="radiobutton" id="5008">
						<onclick>Skin.ToggleSetting(launchmusicfullscreen)</onclick>
						<selected>Skin.HasSetting(launchmusicfullscreen)</selected>
						<label>$LOCALIZE[31972]</label>
						<width>1316</width>
						<height>90</height>
						<font>font15</font>
						<textoffsetx>30</textoffsetx>
					</control>
					<control type="button" id="5010">
						<onclick>Skin.Reset(pathlogosartists)</onclick>
						<onclick>Skin.SetPath(pathlogosartists)</onclick>
						<label>$LOCALIZE[31175]</label>
						<label2>[COLOR $VAR[ThemeLabelColor]]$INFO[Skin.String(pathlogosartists)][/COLOR]</label2>
						<width>1316</width>
						<height>90</height>
						<font>font15</font>
						<textoffsetx>30</textoffsetx>
					</control>
					<control type="radiobutton" id="5015">
						<include>SettingsButtonCommonValues</include>
						<label>$LOCALIZE[31191]</label>
						<onclick>Skin.ToggleSetting(Enable.CasesLiveBG)</onclick>
						<selected>Skin.HasSetting(Enable.CasesLiveBG)</selected>
					</control>
					<control type="button" id="5006">
						<onclick>Skin.ToggleSetting(useclearcases)</onclick>
						<label>$LOCALIZE[31974]</label>
						<label2>[COLOR $VAR[ThemeLabelColor]]$VAR[SelectCaseVar][/COLOR]</label2>
						<width>1316</width>
						<height>90</height>
						<font>font15</font>
						<textoffsetx>30</textoffsetx>
					</control>
				</control>
				<control type="grouplist" id="9006">
					<description>control area</description>
					<left>522</left>
					<top>32</top>
					<width>1316</width>
					<height>810</height>
					<pagecontrol>60</pagecontrol>
					<onleft>9000</onleft>
					<onright>60</onright>
					<onup>9006</onup>
					<ondown>9006</ondown>
					<visible>Container(9000).HasFocus(6)</visible>
					<control type="button" id="6000">
						<include>SettingsButtonCommonValues</include>
						<label>31911</label>
						<onclick>RunScript(script.skinshortcuts,type=manage&amp;group=mainmenu)</onclick>
					</control>
					<control type="button" id="6001">
						<include>SettingsButtonCommonValues</include>
						<label>$LOCALIZE[31281]</label>
						<onclick condition="!System.HasAddon(script.skin.helper.colorpicker)">InstallAddon(script.skin.helper.colorpicker)</onclick>
						<onclick condition="System.HasAddon(script.skin.helper.colorpicker)">ActivateWindow(1140)</onclick>
					</control>
					<control type="button" id="6002">
						<include>SettingsButtonCommonValues</include>
						<label>$LOCALIZE[31375]</label>
						<onclick>ActivateWindow(1115)</onclick>
					</control>
					<control type="button" id="6003">
						<include>SettingsButtonCommonValues</include>
						<label>$LOCALIZE[31376]</label>
						<onclick>ActivateWindow(1120)</onclick>
					</control>
					<control type="button" id="6004">
						<include>SettingsButtonCommonValues</include>
						<label>$LOCALIZE[20159]</label>
						<onclick>ActivateWindow(1114)</onclick>
					</control>
					<control type="button" id="6005">
						<include>SettingsButtonCommonValues</include>
						<label>$LOCALIZE[31502]</label>
						<onclick>ActivateWindow(1150)</onclick>
					</control>
					<control type="image" id="6010">
						<description>separator image</description>
						<width>1316</width>
						<height>2</height>
						<texture colordiffuse="$VAR[ThemeLabelColor]">new_pvr/osd_line_white.png</texture>
					</control>
					<control type="button" id="6007">
						<include>SettingsButtonCommonValues</include>
						<label>Set Weather background</label>
						<onclick condition="!System.HasAddon(script.image.resource.select)">InstallAddon(script.image.resource.select)</onclick>
						<onclick condition="System.HasAddon(script.image.resource.select)">RunScript(script.image.resource.select,property=weatherfanart&amp;type=resource.images.weatherfanart)</onclick>
					</control>
					<control type="button" id="6008">
						<include>SettingsButtonCommonValues</include>
						<label>Set Weather icons</label>
						<onclick condition="!System.HasAddon(script.image.resource.select)">InstallAddon(script.image.resource.select)</onclick>
						<onclick condition="System.HasAddon(script.image.resource.select)">RunScript(script.image.resource.select,property=weathericons&amp;type=resource.images.weathericons)</onclick>
					</control>
				</control>
				<control type="grouplist" id="9008">
					<description>control area</description>
					<left>522</left>
					<top>32</top>
					<width>1316</width>
					<height>810</height>
					<pagecontrol>60</pagecontrol>
					<onleft>9000</onleft>
					<onright>60</onright>
					<onup>9008</onup>
					<ondown>9008</ondown>
					<visible>Container(9000).HasFocus(8)</visible>
					<control type="button" id="8001">
						<label>31736</label>
						<label2>[COLOR $VAR[ThemeLabelColor]]$VAR[WidgetTransLabelVar]%[/COLOR]</label2>
						<onclick>SetProperty(CustomSelectWidgetOpacity,True)</onclick>
						<onclick>ActivateWindow(1129)</onclick>
						<include>SettingsButtonCommonValues</include>
					</control>
					<control type="radiobutton" id="8002">
						<label>31737</label>
						<onclick>Skin.ToggleSetting(Enable.GlobalWidgetBack)</onclick>
						<selected>Skin.HasSetting(Enable.GlobalWidgetBack)</selected>
						<include>SettingsButtonCommonValues</include>
					</control>
					<control type="button" id="8003">
						<label>   - $LOCALIZE[31702]</label>
						<label2>[COLOR $VAR[ThemeLabelColor]]$VAR[WidgetBackLabelVar][/COLOR]</label2>
						<visible>Skin.HasSetting(Enable.GlobalWidgetBack)</visible>
						<onclick>SetProperty(CustomSelectWidgetBack,True)</onclick>
						<onclick>ActivateWindow(1129)</onclick>
						<include>SettingsButtonCommonValues</include>
					</control>
					<control type="radiobutton" id="8004">
						<label>31738</label>
						<onclick>Skin.ToggleSetting(Enable.ListWidgetAutoscroll)</onclick>
						<selected>Skin.HasSetting(Enable.ListWidgetAutoscroll)</selected>
						<include>SettingsButtonCommonValues</include>
					</control>
					<control type="button" id="8006">
						<label>31740</label>
						<label2>[COLOR $VAR[ThemeLabelColor]]$VAR[WidgetCaseInfoVar][/COLOR]</label2>
						<onclick>SetProperty(CustomSelectWidgetCaseInfo,True)</onclick>
						<onclick>ActivateWindow(1129)</onclick>
						<include>SettingsButtonCommonValues</include>
					</control>
				</control>
				<control type="grouplist" id="9007">
					<description>control area</description>
					<left>522</left>
					<top>2</top>
					<width>1316</width>
					<height>900</height>
					<pagecontrol>60</pagecontrol>
					<onleft>9000</onleft>
					<onright>60</onright>
					<onup>9007</onup>
					<ondown>9007</ondown>
					<visible>Container(9000).HasFocus(7)</visible>
					<usecontrolcoords>true</usecontrolcoords>
					<control type="image" id="7000">
						<description>LOGO</description>
						<left>383</left>
						<top>10</top>
						<width>550</width>
						<height>178.75</height>
						<texture>aeon-nox-logo.png</texture>
					</control>
					<control type="label" id="7001">
						<top>-18</top>
						<width>1316</width>
						<height>30</height>
						<align>center</align>
						<textcolor>grey</textcolor>
						<font>font_skinversion</font>
						<label>$INFO[System.AddonVersion(skin.aeon.nox.silvo),v,]</label>
					</control>
					<control type="group" id="7900">
						<height>135</height>
						<control type="image" id="7002">
							<description>LOGO</description>
							<left>179</left>
							<width>300</width>
							<height>250</height>
							<aspectratio  align="center" aligny="top">keep</aspectratio>
							<texture>xbmc-logo.png</texture>
						</control>
						<control type="image" id="7020">
							<description>LOGO</description>
							<left>837</left>
							<width>300</width>
							<height>250</height>
							<aspectratio  align="center" aligny="top">keep</aspectratio>
							<texture>libreelec/Logo.png</texture>
						</control>
					</control>
					<control type="label" id="7003">
						<top>-45</top>
						<width>1316</width>
						<height>95</height>
						<textoffsetx>30</textoffsetx>
						<align>center</align>
						<textcolor>grey</textcolor>
						<font>font_kodiversion</font>
						<label>$VAR[KodiVersionLabelVar]</label>
					</control>
					<control type="image" id="7004">
						<top>-90</top>
						<width>1316</width>
						<height>90</height>
						<texture border="1">separator5.png</texture>
					</control>
					<control type="button" id="7005">
						<width>1316</width>
						<height>90</height>
						<textoffsetx>30</textoffsetx>
						<align>center</align>
						<font>font15</font>
						<label>$LOCALIZE[31337]</label>
						<onclick>ActivateWindow(1117)</onclick>
					</control>
					<control type="button" id="7006">
						<width>1316</width>
						<height>90</height>
						<textoffsetx>30</textoffsetx>
						<align>center</align>
						<font>font15</font>
						<label>$LOCALIZE[31338]</label>
						<onclick>ToggleDebug</onclick>
					</control>
					<control type="button" id="7007">
						<width>1316</width>
						<height>90</height>
						<textoffsetx>30</textoffsetx>
						<align>center</align>
						<font>font15</font>
						<label>$LOCALIZE[31339]</label>
						<onclick>Skin.ToggleDebug</onclick>
					</control>
					<control type="button" id="7008">
						<width>1316</width>
						<height>90</height>
						<textoffsetx>30</textoffsetx>
						<align>center</align>
						<font>font15</font>
						<label>$LOCALIZE[31403]</label>
						<onclick>SetProperty(ResetSkinSettings,True,Home)</onclick>
						<onclick>ActivateWindow(1126)</onclick>
					</control>
					<control type="button" id="7009">
						<width>1316</width>
						<height>90</height>
						<textoffsetx>30</textoffsetx>
						<align>center</align>
						<font>font15</font>
						<label>FAQ</label>
						<onclick>SetProperty(FAQ,True)</onclick>
						<onclick>SetProperty(TextViewerHeader,[B]FAQ[/B],Home)</onclick>
						<onclick>ActivateWindow(1112)</onclick>
					</control>
				</control>
			</control>
		</control>
	</controls>
</window>