<?xml version="1.0" encoding="UTF-8"?>
<!-- Aeon MQ 5 Helix 6.1.9 -->
<!-- Isengard 7.1.10 -->
<!-- Krypton 9.1.15 -->
<window>
	<!-- <defaultcontrol>10</defaultcontrol> -->
	<controls>
		<control type="group">
			<include>Animation_TopDialogPopup</include>
			<include>Dialogs_DoubleBar</include>
			<control type="label" id="1">
				<include>Dialogs_Label1</include>
				<!-- <label>$LOCALIZE[13406]</label> -->
			</control>
			<control type="label" id="2">
				<include>Dialogs_Label2</include>
			</control>
			<control type="label" id="3">
				<include>Dialogs_Label4</include>
			</control>
			<control type="label" id="4">
				<include>Dialogs_Label3</include>
			</control>
			<control type="textbox" id="9">
				<include>DialogTextBox</include>
				<label>-</label>
			</control>
			<control type="button" id="10"><!-- no -->
				<posx>490</posx>
				<posy>30</posy>
				<height>29</height>
				<width>150</width>
				<align>center</align>
				<textcolor>FFFFFAF0</textcolor>
				<focusedcolor>FF101010</focusedcolor>
				<font>Font_18A</font>
				<label>106</label>
				<textoffsetx>0</textoffsetx>
				<textwidth>180</textwidth>
				<texturefocus>settings_button_focus.png</texturefocus>
				<texturenofocus>-</texturenofocus>
				<onleft>11</onleft>
				<onright>11</onright>
				<onup>11</onup>
				<ondown>11</ondown>
			</control>
			<control type="button" id="11"><!-- yes -->
				<posx>640</posx>
				<posy>30</posy>
				<height>29</height>
				<width>150</width>
				<align>center</align>
				<textcolor>FFFFFAF0</textcolor>
				<focusedcolor>FF101010</focusedcolor>
				<font>Font_18A</font>
				<label>107</label>
				<textoffsetx>0</textoffsetx>
				<textwidth>180</textwidth>
				<texturefocus>settings_button_focus.png</texturefocus>
				<texturenofocus>-</texturenofocus>
				<onleft>10</onleft>
				<onright>10</onright>
				<onup>10</onup>
				<ondown>10</ondown>
			</control>
			<control type="progress" id="404">
				<posy>28</posy>
				<include>Dialogs_Progress</include>
				<info>System.Progressbar</info>
			</control>
			<control type="label">
				<posx>640</posx>
				<posy>4</posy>
				<width>50</width>
				<height>35</height>
				<align>left</align>
				<textcolor>$VAR[value_headercolor]</textcolor>
				<font>Font_18A</font>
				<scroll>true</scroll>
				<label>$INFO[System.Progressbar,,%]</label>
			</control>
		</control>
	</controls>
</window>