<?xml version="1.0" encoding="UTF-8"?>
<window id="6010" type="dialog">
	<!-- Aeon MQ 7 -->
	<!-- Clima -->
	<defaultcontrol>-</defaultcontrol>
	<include>SubMenuCommon</include>
	<controls>
	<control type="group">
	<include condition="Window.IsVisible(6000)">MenuCustom</include>
	<control type="group">
	<!-- default group -->
	<include>Animation_SubMenu</include>
	<include condition="Window.IsVisible(6000)">SubmenuGoTo</include>
	<include condition="Window.IsVisible(Home)">SubMenuDefault</include>
	<control type="panel" id="9000">
	<include condition="Window.IsVisible(6000)">SubmenuCustomList</include>
	<include condition="Window.IsVisible(Home) + !Skin.HasSetting(mainmenuvertical)">SubmenuHList</include>
	<include condition="Window.IsVisible(Home) + Skin.HasSetting(mainmenuvertical)">SubmenuVList</include>
	<content>
	<item>
	<label fallback="31014">$VAR[value_menu1001.label]</label>
	<property name="condition">$INFO[skin.string(menu1001.visible)]</property>
	<property name="name">menu1001</property>
	<property name="id">$INFO[skin.string(menu1001.master)]</property>
	<onclick condition="Window.IsVisible(6000)">SetFocus(5000)</onclick>
	<onclick condition="Window.IsVisible(Home)">Dialog.Close(6010)</onclick>
	<onclick condition="Window.IsVisible(Home)">Skin.SetString(submenu_action,$VAR[value_menu1001.action])</onclick>
	<visible>![String.IsEmpty(skin.string(menu1001.master)) | String.Contains(skin.string(menu1001.visible),off)] | Window.IsVisible(6000)</visible>
	</item>
	<item>
	<label fallback="31014">$VAR[value_menu1002.label]</label>
	<property name="condition">$INFO[skin.string(menu1002.visible)]</property>
	<property name="name">menu1002</property>
	<property name="id">$INFO[skin.string(menu1002.master)]</property>
	<onclick condition="Window.IsVisible(6000)">SetFocus(5000)</onclick>
	<onclick condition="Window.IsVisible(Home)">Dialog.Close(6010)</onclick>
	<onclick condition="Window.IsVisible(Home)">Skin.SetString(submenu_action,$VAR[value_menu1002.action])</onclick>
	<visible>![String.IsEmpty(skin.string(menu1002.master)) | String.Contains(skin.string(menu1002.visible),off)] | Window.IsVisible(6000)</visible>
	</item>
	<item>
	<label fallback="31014">$VAR[value_menu1003.label]</label>
	<property name="condition">$INFO[skin.string(menu1003.visible)]</property>
	<property name="name">menu1003</property>
	<property name="id">$INFO[skin.string(menu1003.master)]</property>
	<onclick condition="Window.IsVisible(6000)">SetFocus(5000)</onclick>
	<onclick condition="Window.IsVisible(Home)">Dialog.Close(6010)</onclick>
	<onclick condition="Window.IsVisible(Home)">Skin.SetString(submenu_action,$VAR[value_menu1003.action])</onclick>
	<visible>![String.IsEmpty(skin.string(menu1003.master)) | String.Contains(skin.string(menu1003.visible),off)] | Window.IsVisible(6000)</visible>
	</item>
	<item>
	<label fallback="31014">$VAR[value_menu1004.label]</label>
	<property name="condition">$INFO[skin.string(menu1004.visible)]</property>
	<property name="name">menu1004</property>
	<property name="id">$INFO[skin.string(menu1004.master)]</property>
	<onclick condition="Window.IsVisible(6000)">SetFocus(5000)</onclick>
	<onclick condition="Window.IsVisible(Home)">Dialog.Close(6010)</onclick>
	<onclick condition="Window.IsVisible(Home)">Skin.SetString(submenu_action,$VAR[value_menu1004.action])</onclick>
	<visible>![String.IsEmpty(skin.string(menu1004.master)) | String.Contains(skin.string(menu1004.visible),off)] | Window.IsVisible(6000)</visible>
	</item>
	<item>
	<label fallback="31014">$VAR[value_menu1005.label]</label>
	<property name="condition">$INFO[skin.string(menu1005.visible)]</property>
	<property name="name">menu1005</property>
	<property name="id">$INFO[skin.string(menu1005.master)]</property>
	<onclick condition="Window.IsVisible(6000)">SetFocus(5000)</onclick>
	<onclick condition="Window.IsVisible(Home)">Dialog.Close(6010)</onclick>
	<onclick condition="Window.IsVisible(Home)">Skin.SetString(submenu_action,$VAR[value_menu1005.action])</onclick>
	<visible>![String.IsEmpty(skin.string(menu1005.master)) | String.Contains(skin.string(menu1005.visible),off)] | Window.IsVisible(6000)</visible>
	</item>
	<item>
	<label fallback="31014">$VAR[value_menu1006.label]</label>
	<property name="condition">$INFO[skin.string(menu1006.visible)]</property>
	<property name="name">menu1006</property>
	<property name="id">$INFO[skin.string(menu1006.master)]</property>
	<onclick condition="Window.IsVisible(6000)">SetFocus(5000)</onclick>
	<onclick condition="Window.IsVisible(Home)">Dialog.Close(6010)</onclick>
	<onclick condition="Window.IsVisible(Home)">Skin.SetString(submenu_action,$VAR[value_menu1006.action])</onclick>
	<visible>![String.IsEmpty(skin.string(menu1006.master)) | String.Contains(skin.string(menu1006.visible),off)] | Window.IsVisible(6000)</visible>
	</item>
	<item>
	<label fallback="31014">$VAR[value_menu1007.label]</label>
	<property name="condition">$INFO[skin.string(menu1007.visible)]</property>
	<property name="name">menu1007</property>
	<property name="id">$INFO[skin.string(menu1007.master)]</property>
	<onclick condition="Window.IsVisible(6000)">SetFocus(5000)</onclick>
	<onclick condition="Window.IsVisible(Home)">Dialog.Close(6010)</onclick>
	<onclick condition="Window.IsVisible(Home)">Skin.SetString(submenu_action,$VAR[value_menu1007.action])</onclick>
	<visible>![String.IsEmpty(skin.string(menu1007.master)) | String.Contains(skin.string(menu1007.visible),off)] | Window.IsVisible(6000)</visible>
	</item>
	<item>
	<label fallback="31014">$VAR[value_menu1008.label]</label>
	<property name="condition">$INFO[skin.string(menu1008.visible)]</property>
	<property name="name">menu1008</property>
	<property name="id">$INFO[skin.string(menu1008.master)]</property>
	<onclick condition="Window.IsVisible(6000)">SetFocus(5000)</onclick>
	<onclick condition="Window.IsVisible(Home)">Dialog.Close(6010)</onclick>
	<onclick condition="Window.IsVisible(Home)">Skin.SetString(submenu_action,$VAR[value_menu1008.action])</onclick>
	<visible>![String.IsEmpty(skin.string(menu1008.master)) | String.Contains(skin.string(menu1008.visible),off)] | Window.IsVisible(6000)</visible>
	</item>
	<item>
	<label fallback="31014">$VAR[value_menu1009.label]</label>
	<property name="condition">$INFO[skin.string(menu1009.visible)]</property>
	<property name="name">menu1009</property>
	<property name="id">$INFO[skin.string(menu1009.master)]</property>
	<onclick condition="Window.IsVisible(6000)">SetFocus(5000)</onclick>
	<onclick condition="Window.IsVisible(Home)">Dialog.Close(6010)</onclick>
	<onclick condition="Window.IsVisible(Home)">Skin.SetString(submenu_action,$VAR[value_menu1009.action])</onclick>
	<visible>![String.IsEmpty(skin.string(menu1009.master)) | String.Contains(skin.string(menu1009.visible),off)] | Window.IsVisible(6000)</visible>
	</item>
	<item>
	<label fallback="31014">$VAR[value_menu1010.label]</label>
	<property name="condition">$INFO[skin.string(menu1010.visible)]</property>
	<property name="name">menu1010</property>
	<property name="id">$INFO[skin.string(menu1010.master)]</property>
	<onclick condition="Window.IsVisible(6000)">SetFocus(5000)</onclick>
	<onclick condition="Window.IsVisible(Home)">Dialog.Close(6010)</onclick>
	<onclick condition="Window.IsVisible(Home)">Skin.SetString(submenu_action,$VAR[value_menu1010.action])</onclick>
	<visible>![String.IsEmpty(skin.string(menu1010.master)) | String.Contains(skin.string(menu1010.visible),off)] | Window.IsVisible(6000)</visible>
	</item>
	<item>
	<label fallback="31014">$VAR[value_menu1011.label]</label>
	<property name="condition">$INFO[skin.string(menu1011.visible)]</property>
	<property name="name">menu1011</property>
	<property name="id">$INFO[skin.string(menu1011.master)]</property>
	<onclick condition="Window.IsVisible(6000)">SetFocus(5000)</onclick>
	<onclick condition="Window.IsVisible(Home)">Dialog.Close(6010)</onclick>
	<onclick condition="Window.IsVisible(Home)">Skin.SetString(submenu_action,$VAR[value_menu1011.action])</onclick>
	<visible>![String.IsEmpty(skin.string(menu1011.master)) | String.Contains(skin.string(menu1011.visible),off)] | Window.IsVisible(6000)</visible>
	</item>
	<item>
	<label fallback="31014">$VAR[value_menu1012.label]</label>
	<property name="condition">$INFO[skin.string(menu1012.visible)]</property>
	<property name="name">menu1012</property>
	<property name="id">$INFO[skin.string(menu1012.master)]</property>
	<onclick condition="Window.IsVisible(6000)">SetFocus(5000)</onclick>
	<onclick condition="Window.IsVisible(Home)">Dialog.Close(6010)</onclick>
	<onclick condition="Window.IsVisible(Home)">Skin.SetString(submenu_action,$VAR[value_menu1012.action])</onclick>
	<visible>![String.IsEmpty(skin.string(menu1012.master)) | String.Contains(skin.string(menu1012.visible),off)] | Window.IsVisible(6000)</visible>
	</item>
	<item>
	<label fallback="31014">$VAR[value_menu1013.label]</label>
	<property name="condition">$INFO[skin.string(menu1013.visible)]</property>
	<property name="name">menu1013</property>
	<property name="id">$INFO[skin.string(menu1013.master)]</property>
	<onclick condition="Window.IsVisible(6000)">SetFocus(5000)</onclick>
	<onclick condition="Window.IsVisible(Home)">Dialog.Close(6010)</onclick>
	<onclick condition="Window.IsVisible(Home)">Skin.SetString(submenu_action,$VAR[value_menu1013.action])</onclick>
	<visible>![String.IsEmpty(skin.string(menu1013.master)) | String.Contains(skin.string(menu1013.visible),off)] | Window.IsVisible(6000)</visible>
	</item>
	<item>
	<label fallback="31014">$VAR[value_menu1014.label]</label>
	<property name="condition">$INFO[skin.string(menu1014.visible)]</property>
	<property name="name">menu1014</property>
	<property name="id">$INFO[skin.string(menu1014.master)]</property>
	<onclick condition="Window.IsVisible(6000)">SetFocus(5000)</onclick>
	<onclick condition="Window.IsVisible(Home)">Dialog.Close(6010)</onclick>
	<onclick condition="Window.IsVisible(Home)">Skin.SetString(submenu_action,$VAR[value_menu1014.action])</onclick>
	<visible>![String.IsEmpty(skin.string(menu1014.master)) | String.Contains(skin.string(menu1014.visible),off)] | Window.IsVisible(6000)</visible>
	</item>
	<item>
	<label fallback="31014">$VAR[value_menu1015.label]</label>
	<property name="condition">$INFO[skin.string(menu1015.visible)]</property>
	<property name="name">menu1015</property>
	<property name="id">$INFO[skin.string(menu1015.master)]</property>
	<onclick condition="Window.IsVisible(6000)">SetFocus(5000)</onclick>
	<onclick condition="Window.IsVisible(Home)">Dialog.Close(6010)</onclick>
	<onclick condition="Window.IsVisible(Home)">Skin.SetString(submenu_action,$VAR[value_menu1015.action])</onclick>
	<visible>![String.IsEmpty(skin.string(menu1015.master)) | String.Contains(skin.string(menu1015.visible),off)] | Window.IsVisible(6000)</visible>
	</item>
	<item>
	<label fallback="31014">$VAR[value_menu1016.label]</label>
	<property name="condition">$INFO[skin.string(menu1016.visible)]</property>
	<property name="name">menu1016</property>
	<property name="id">$INFO[skin.string(menu1016.master)]</property>
	<onclick condition="Window.IsVisible(6000)">SetFocus(5000)</onclick>
	<onclick condition="Window.IsVisible(Home)">Dialog.Close(6010)</onclick>
	<onclick condition="Window.IsVisible(Home)">Skin.SetString(submenu_action,$VAR[value_menu1016.action])</onclick>
	<visible>![String.IsEmpty(skin.string(menu1016.master)) | String.Contains(skin.string(menu1016.visible),off)] | Window.IsVisible(6000)</visible>
	</item>
	<item>
	<label fallback="31014">$VAR[value_menu1017.label]</label>
	<property name="condition">$INFO[skin.string(menu1017.visible)]</property>
	<property name="name">menu1017</property>
	<property name="id">$INFO[skin.string(menu1017.master)]</property>
	<onclick condition="Window.IsVisible(6000)">SetFocus(5000)</onclick>
	<onclick condition="Window.IsVisible(Home)">Dialog.Close(6010)</onclick>
	<onclick condition="Window.IsVisible(Home)">Skin.SetString(submenu_action,$VAR[value_menu1017.action])</onclick>
	<visible>![String.IsEmpty(skin.string(menu1017.master)) | String.Contains(skin.string(menu1017.visible),off)] | Window.IsVisible(6000)</visible>
	</item>
	<item>
	<label fallback="31014">$VAR[value_menu1018.label]</label>
	<property name="condition">$INFO[skin.string(menu1018.visible)]</property>
	<property name="name">menu1018</property>
	<property name="id">$INFO[skin.string(menu1018.master)]</property>
	<onclick condition="Window.IsVisible(6000)">SetFocus(5000)</onclick>
	<onclick condition="Window.IsVisible(Home)">Dialog.Close(6010)</onclick>
	<onclick condition="Window.IsVisible(Home)">Skin.SetString(submenu_action,$VAR[value_menu1018.action])</onclick>
	<visible>![String.IsEmpty(skin.string(menu1018.master)) | String.Contains(skin.string(menu1018.visible),off)] | Window.IsVisible(6000)</visible>
	</item>
	<item>
	<label fallback="31014">$VAR[value_menu1019.label]</label>
	<property name="condition">$INFO[skin.string(menu1019.visible)]</property>
	<property name="name">menu1019</property>
	<property name="id">$INFO[skin.string(menu1019.master)]</property>
	<onclick condition="Window.IsVisible(6000)">SetFocus(5000)</onclick>
	<onclick condition="Window.IsVisible(Home)">Dialog.Close(6010)</onclick>
	<onclick condition="Window.IsVisible(Home)">Skin.SetString(submenu_action,$VAR[value_menu1019.action])</onclick>
	<visible>![String.IsEmpty(skin.string(menu1019.master)) | String.Contains(skin.string(menu1019.visible),off)] | Window.IsVisible(6000)</visible>
	</item>
	<item>
	<label fallback="31014">$VAR[value_menu1020.label]</label>
	<property name="condition">$INFO[skin.string(menu1020.visible)]</property>
	<property name="name">menu1020</property>
	<property name="id">$INFO[skin.string(menu1020.master)]</property>
	<onclick condition="Window.IsVisible(6000)">SetFocus(5000)</onclick>
	<onclick condition="Window.IsVisible(Home)">Dialog.Close(6010)</onclick>
	<onclick condition="Window.IsVisible(Home)">Skin.SetString(submenu_action,$VAR[value_menu1020.action])</onclick>
	<visible>![String.IsEmpty(skin.string(menu1020.master)) | String.Contains(skin.string(menu1020.visible),off)] | Window.IsVisible(6000)</visible>
	</item>
	</content>
	</control>
	</control>
	</control>
	</controls>
</window>