<?xml version="1.0" encoding="UTF-8"?>
<includes>
	<!-- Aeon MQ 7 -->
	<include name="LyricsDefault_Manfeed">

		<!-- ######################################################################### Letras layout estilo default ######################################################################### -->
		<control type="group">
			<animation effect="slide" end="0,120" time="300" tween="quadratic" condition="Window.IsActive(musicosd) + Skin.HasSetting(EnableLyricsManfeed)">Conditional</animation>
			<animation effect="slide" end="0,0" start="0,-540" time="200" tween="quadratic" easing="out" condition="Skin.HasSetting(EnableLyricsManfeed)">WindowOpen</animation>
			<animation effect="slide" start="0,0" end="0,-540" time="200" tween="quadratic" easing="out" condition="Skin.HasSetting(EnableLyricsManfeed)">WindowClose</animation>

			<animation effect="slide" start="0,-500" end="0,0" time="700" tween="sine" easing="inout" delay="4000" condition="!Skin.HasSetting(EnableLyricsManfeed)">WindowOpen</animation>
			<animation effect="slide" start="0,-500" end="0,0" time="700" tween="sine" easing="inout" delay="1000" condition="!Skin.HasSetting(EnableLyricsManfeed)">Visible</animation>
			<!-- siguientes pistas -->
			<control type="group">
				<visible>!Skin.HasSetting(EnableLyricsManfeed) + !StringCompare(skin.string(vis_layout),karaoke) + !Window.IsActive(musicosd)</visible>

				<!-- Para proximas faixas -->
				<control type="button">	
					<left>38</left>
					<top>519</top>
					<width>375</width>
					<height>30</height>
					<label>31325</label>
					<font>Font_button</font>
					<align>left</align>
					<textoffsetx>60</textoffsetx>
					<onclick>ActivateWindow(5600)</onclick>
					<textcolor>80FFFAF0</textcolor>
					<focusedcolor>FFFFFAF0</focusedcolor>
					<texturefocus diffuse="gradient_button.png">grey.png</texturefocus>
					<visible>![IsEmpty(MusicPlayer.offset(1).Artist) | Skin.HasSetting(nonexttracks_on)]</visible>
				</control>
				<control type="image">
					<left>60</left>
					<top>518</top>
					<width>30</width>
					<height>30</height>
					<texture>arrow_left.png</texture>
					<colordiffuse>80FFFAF0</colordiffuse>
					<include>Animation_Fade</include>
					<visible>![IsEmpty(MusicPlayer.offset(1).Artist) | Skin.HasSetting(nonexttracks_on)]</visible>
				</control>
				<!-- Para Menu -->
				<!--			<control type="button">	
				<left>1508</left>
				<top>519</top>
				<width>375</width>
				<height>30</height>
				<label>31238</label>
				<font>Font_button</font>
				<align>right</align>
				<textoffsetx>60</textoffsetx>
				<onclick>ActivateWindow(120)</onclick>
				<textcolor>80FFFAF0</textcolor>
				<focusedcolor>FFFFFAF0</focusedcolor>
				<texturefocus flipx="true" diffuse="gradient_button.png">grey.png</texturefocus>
				<texturenofocus>-</texturenofocus>
			</control>
			<control type="image">
				<left>1830</left>
				<top>518</top>
				<width>30</width>
				<height>30</height>
				<texture flipx="true">arrow_left.png</texture>
				<colordiffuse>80FFFAF0</colordiffuse>
				<include>Animation_Fade</include>
			</control>-->

			</control>


			<!-- ** Required ** Do not change <id> or <type> (Text box for lyrics) -->
			<control type="textbox" id="100">
				<description>textarea</description>
				<left>45</left>
				<top>50</top>
				<width>1830</width>
				<height>330</height>
				<align>center</align>
				<font>fontScriptLyrics</font>
				<textcolor>white</textcolor>
			</control>
			<!-- ** Required ** Do not change <id> or <type> (Smooth scrolling list for lyrics) -->
			<control type="list" id="110">
				<left>45</left>
				<top>50</top>
				<width>1830</width>
				<height>470</height>
				<!--				<height>330</height>-->
				<onleft>111</onleft>
				<onright>111</onright>
				<onup>110</onup>
				<ondown>110</ondown>
				<pagecontrol>111</pagecontrol>
				<scrolltime tween="quadratic" easing="out">300</scrolltime>
				<itemlayout height="52">
					<control type="group">
						<visible>!Skin.HasSetting(EnableLyricsManfeed) + !StringCompare(skin.string(vis_layout),karaoke) + !Window.IsActive(musicosd)</visible>
						<control type="label">
							<left>2</left>
							<top>0</top>
							<width>1620</width>
							<height>33</height>
							<info>ListItem.Label</info>
							<font>Font_lyrics</font>
							<align>left</align>
							<aligny>top</aligny>
							<textcolor>black</textcolor>
						</control>
						<control type="label">
							<left>-1</left>
							<top>0</top>
							<width>1620</width>
							<height>33</height>
							<info>ListItem.Label</info>
							<font>Font_lyrics</font>
							<align>left</align>
							<aligny>top</aligny>
							<textcolor>black</textcolor>
						</control>
						<control type="label">
							<left>1</left>
							<top>2</top>
							<width>1620</width>
							<height>33</height>
							<info>ListItem.Label</info>
							<font>Font_lyrics</font>
							<align>left</align>
							<aligny>top</aligny>
							<textcolor>black</textcolor>
						</control>
						<control type="label">
							<left>0</left>
							<top>-1</top>
							<width>1620</width>
							<height>33</height>
							<info>ListItem.Label</info>
							<font>Font_lyrics</font>
							<align>left</align>
							<aligny>top</aligny>
							<textcolor>black</textcolor>
						</control>
						<control type="label">
							<width>1620</width>
							<height>33</height>
							<info>ListItem.Label</info>
							<font>Font_lyrics</font>
							<align>left</align>
							<aligny>top</aligny>
							<textcolor>FFE9F2F3</textcolor>
						</control>
					</control>
				</itemlayout>
				<focusedlayout height="52">
					<control type="group">
						<visible>!Skin.HasSetting(EnableLyricsManfeed) + !StringCompare(skin.string(vis_layout),karaoke) + !Window.IsActive(musicosd)</visible>
						<control type="label">
							<left>2</left>
							<top>-6</top>
							<width>1620</width>
							<height>33</height>
							<info>ListItem.Label</info>
							<font>Font_lyricsfocus</font>
							<align>left</align>
							<aligny>top</aligny>
							<textcolor>black</textcolor>
						</control>
						<control type="label">
							<left>-1</left>
							<top>-6</top>
							<width>1620</width>
							<height>33</height>
							<info>ListItem.Label</info>
							<font>Font_lyricsfocus</font>
							<align>left</align>
							<aligny>top</aligny>
							<textcolor>black</textcolor>
						</control>
						<control type="label">
							<left>1</left>
							<top>-4</top>
							<width>1620</width>
							<height>33</height>
							<info>ListItem.Label</info>
							<font>Font_lyricsfocus</font>
							<align>left</align>
							<aligny>top</aligny>
							<textcolor>black</textcolor>
						</control>
						<control type="label">
							<left>0</left>
							<top>-7</top>
							<width>1620</width>
							<height>33</height>
							<info>ListItem.Label</info>
							<font>Font_lyricsfocus</font>
							<align>left</align>
							<aligny>top</aligny>
							<textcolor>black</textcolor>
						</control>
						<control type="label">
							<left>0</left>
							<top>-7</top>
							<width>1620</width>
							<height>33</height>
							<info>ListItem.Label</info>
							<font>Font_lyricsfocus</font>
							<align>left</align>
							<aligny>top</aligny>
							<textcolor>$INFO[Skin.String(colorheader)]</textcolor>
						</control>
					</control>
				</focusedlayout>
			</control>
			<!-- ** Required ** Do not change <id> or <type> (Song Chooser if it gets it wrong) -->
			<control type="list" id="120">
				<left>45</left>
				<top>5</top>
				<width>1830</width>
				<height>405</height>
				<!--				<height>250</height>-->
				<onleft>121</onleft>
				<onright>121</onright>
				<onup>120</onup>
				<ondown>120</ondown>
				<pagecontrol>121</pagecontrol>
				<scrolltime tween="quadratic" easing="out">200</scrolltime>
				<itemlayout height="60" width="1830">
					<control type="group">
						<visible>!Skin.HasSetting(EnableLyricsManfeed) + !StringCompare(skin.string(vis_layout),karaoke) + !Window.IsActive(musicosd)</visible>
						<control type="image">
							<left>1</left>
							<width>1820</width>
							<height>60</height>
							<texture border="1">separator2.png</texture>
						</control>
						<control type="label">
							<width>1820</width>
							<height>60</height>
							<font>fontScriptLyrics</font>
							<textoffsetx>15</textoffsetx>
							<textcolor>white</textcolor>
							<selectedcolor>$VAR[ThemeLabelColor]</selectedcolor>
							<label>$INFO[ListItem.Label]</label>
						</control>
						<control type="label">
							<width>1820</width>
							<height>60</height>
							<font>fontScriptLyrics</font>
							<textoffsetx>15</textoffsetx>
							<textcolor>white</textcolor>
							<selectedcolor>$VAR[ThemeLabelColor]</selectedcolor>
							<align>right</align>
							<label>$INFO[ListItem.Label2]</label>
						</control>
					</control>
				</itemlayout>
				<focusedlayout height="60" width="1830">
					<control type="group">
						<visible>!Skin.HasSetting(EnableLyricsManfeed) + !StringCompare(skin.string(vis_layout),karaoke) + !Window.IsActive(musicosd)</visible>
						<control type="image">
							<left>1</left>
							<width>1820</width>
							<height>60</height>
							<texture colordiffuse="$VAR[HighlightBarColor]" border="5">listselect_fo.png</texture>
							<visible>Control.HasFocus(120)</visible>
							<include>VisibleFadeAnimation</include>
						</control>
						<control type="label">
							<width>1820</width>
							<height>60</height>
							<font>fontScriptLyrics</font>
							<textoffsetx>15</textoffsetx>
							<textcolor>white</textcolor>
							<selectedcolor>$VAR[ThemeLabelColor]</selectedcolor>
							<label>$INFO[ListItem.Label]</label>
							<animation effect="fade" start="100" end="70" time="300" tween="sine" easing="inout" condition="!Control.HasFocus(120)">Conditional</animation>
						</control>
						<control type="label">
							<width>1820</width>
							<height>60</height>
							<font>fontScriptLyrics</font>
							<textoffsetx>15</textoffsetx>
							<textcolor>grey</textcolor>
							<selectedcolor>$VAR[ThemeLabelColor]</selectedcolor>
							<align>right</align>
							<label>$INFO[ListItem.Label2]</label>
							<animation effect="fade" start="100" end="70" time="300" tween="sine" easing="inout" condition="!Control.HasFocus(120)">Conditional</animation>
						</control>
					</control>
				</focusedlayout>
			</control>
			<control type="label">
				<description>Scraper label</description>
				<left>870</left>
				<top>1020</top>
				<width>825</width>
				<height>45</height>
				<label>$LOCALIZE[31205] - $INFO[Control.GetLabel(200)]</label>
				<font>font12_title</font>
				<align>right</align>
				<textcolor>grey2</textcolor>
				<visible>false</visible>
			</control>

			<!-- Scraper -->
			<control type="label" id="200">
				<description>Scraper label</description>
				<visible>false</visible>
			</control>

			<control type="spincontrol" id="111">
				<visible>false</visible>
			</control>
			<!-- ** Required ** Do not change <id> or <type> -->
			<control type="spincontrol" id="121">
				<visible>false</visible>
			</control>

		</control>
		<!-- ** Required ** Do not change <id> or <type> -->
		<!-- ** Required ** Do not change <id> or <type> -->

		<!-- ######################################################################### Letras en modo MANFEED ##################################################  -->

		<control type="group">
			<!--			<visible>!String.IsEmpty(Container(110).ListItem.Label) + !String.Contains(Container(110).ListItem.Label,@) + !String.Contains(Container(110).ListItem.Label,chorus) + !String.Contains(Container(110).ListItem.Label,lrc) + !String.Contains(Container(110).ListItem.Label,lyric) + !String.Contains(Container(110).ListItem.Label,qq) + !String.Contains(Container(110).ListItem.Label,www)</visible>-->
			<visible>Skin.HasSetting(EnableLyricsManfeed) + !StringCompare(skin.string(vis_layout),karaoke) + !Window.IsActive(musicosd)</visible>
			<animation effect="slide" end="0,100" time="1" tween="quadratic" condition="Skin.HasSetting(Similar_Artist_JohnyBee)">Conditional</animation>

			<!--			<top>100</top>-->

			<control type="group">
				<visible>!String.IsEmpty(Container(110).ListItem.Label)</visible>
				<control type="group">
					<visible>[!String.IsEmpty(Window(Home).Property(culrc.islrc)) + Integer.IsGreater(Container(110).ListItem.Property(duration),299) + !Integer.IsGreater(Container(110).ListItem.Property(duration),1449)] | String.IsEmpty(Container(110).ListItem.Property(part4))</visible>
					<!--Short LINEA 1 & 6-->
					<control type="group">
						<left>510</left>
						<top>-20</top>
						<animation effect="rotate" center="auto" start="4" end="4" time="0" condition="true">Conditional</animation>
						<control type="textbox">
							<visible>!Container(110).OnNext + !Container(110).OnPrevious + String.EndsWith(Container(110).Currentitem,1)</visible>
							<animation effect="slide" start="0,-600" end="0,0" time="250" tween="sine" easing="out" reversible="false">Visible</animation>
							<animation effect="fade" start="0" end="0" time="10">Hidden</animation>
							<left>-1</left>
							<top>-1</top>
							<include>line1</include>
							<label>$INFO[Container(110).ListItem.Property(part1)] $INFO[Container(110).ListItem.Property(part2)] $INFO[Container(110).ListItem.Property(part3)] $INFO[Container(110).ListItem.Property(part4)]</label>
							<textcolor>black</textcolor>
						</control>
						<control type="textbox">
							<visible>!Container(110).OnNext + !Container(110).OnPrevious + String.EndsWith(Container(110).Currentitem,1)</visible>
							<animation effect="slide" start="0,-600" end="0,0" time="250" tween="sine" easing="out" reversible="false">Visible</animation>
							<animation effect="fade" start="0" end="0" time="10">Hidden</animation>
							<left>2</left>
							<top>2</top>
							<include>line1</include>
							<label>$INFO[Container(110).ListItem.Property(part1)] $INFO[Container(110).ListItem.Property(part2)] $INFO[Container(110).ListItem.Property(part3)] $INFO[Container(110).ListItem.Property(part4)]</label>
							<textcolor>black</textcolor>
						</control>
						<control type="textbox">
							<visible>!Container(110).OnNext + !Container(110).OnPrevious + String.EndsWith(Container(110).Currentitem,1)</visible>
							<animation effect="slide" start="0,-600" end="0,0" time="250" tween="sine" easing="out" reversible="false">Visible</animation>
							<animation effect="fade" start="0" end="0" time="10">Hidden</animation>
							<left>0</left>
							<top>0</top>
							<include>line1</include>
							<shadowcolor>black</shadowcolor>
							<label>[COLOR=ff69bbd3]$INFO[Container(110).ListItem.Property(part1)] [/COLOR][COLOR=ffe16b6b]$INFO[Container(110).ListItem.Property(part2)] [/COLOR][COLOR=fff8e950]$INFO[Container(110).ListItem.Property(part3)] [/COLOR][COLOR=fffffaf0]$INFO[Container(110).ListItem.Property(part4)][/COLOR]</label>
						</control>
						<control type="textbox">
							<visible>!Container(110).OnNext + !Container(110).OnPrevious + String.EndsWith(Container(110).Currentitem,6)</visible>
							<animation effect="slide" start="0,-600" end="0,0" time="250" tween="sine" easing="out" reversible="false">Visible</animation>
							<animation effect="fade" start="0" end="0" time="10">Hidden</animation>
							<left>-1</left>
							<top>-1</top>
							<include>line1</include>
							<label>$INFO[Container(110).ListItem.Property(part1)] $INFO[Container(110).ListItem.Property(part2)] $INFO[Container(110).ListItem.Property(part3)] $INFO[Container(110).ListItem.Property(part4)]</label>
							<textcolor>black</textcolor>
						</control>
						<control type="textbox">
							<visible>!Container(110).OnNext + !Container(110).OnPrevious + String.EndsWith(Container(110).Currentitem,6)</visible>
							<animation effect="slide" start="0,-600" end="0,0" time="250" tween="sine" easing="out" reversible="false">Visible</animation>
							<animation effect="fade" start="0" end="0" time="10">Hidden</animation>
							<left>2</left>
							<top>2</top>
							<include>line1</include>
							<label>$INFO[Container(110).ListItem.Property(part1)] $INFO[Container(110).ListItem.Property(part2)] $INFO[Container(110).ListItem.Property(part3)] $INFO[Container(110).ListItem.Property(part4)]</label>
							<textcolor>black</textcolor>
						</control>
						<control type="textbox">
							<visible>!Container(110).OnNext + !Container(110).OnPrevious + String.EndsWith(Container(110).Currentitem,6)</visible>
							<animation effect="slide" start="0,-600" end="0,0" time="250" tween="sine" easing="out" reversible="false">Visible</animation>
							<animation effect="fade" start="0" end="0" time="10">Hidden</animation>
							<left>0</left>
							<top>0</top>
							<include>line1</include>
							<shadowcolor>black</shadowcolor>
							<label>[COLOR=ff69bbd3]$INFO[Container(110).ListItem.Property(part1)] [/COLOR][COLOR=ffe16b6b]$INFO[Container(110).ListItem.Property(part2)] [/COLOR][COLOR=fff8e950]$INFO[Container(110).ListItem.Property(part3)] [/COLOR][COLOR=fffffaf0]$INFO[Container(110).ListItem.Property(part4)][/COLOR]</label>
						</control>
					</control>
					<!--Short LINEA 3 & 8-->
					<control type="group">
						<left>510</left>
						<top>-20</top>
						<animation effect="rotate" center="auto" start="4" end="4" time="0" condition="true">Conditional</animation>
						<control type="textbox">
							<visible>!Container(110).OnNext + !Container(110).OnPrevious + String.EndsWith(Container(110).Currentitem,3)</visible>
							<animation effect="slide" start="-900,0" end="0,0" time="250" tween="sine" easing="out" reversible="false">Visible</animation>
							<animation effect="fade" start="0" end="0" time="10">Hidden</animation>
							<label>$INFO[Container(110).ListItem.Property(part1)] $INFO[Container(110).ListItem.Property(part2)] $INFO[Container(110).ListItem.Property(part3)][CR]$INFO[Container(110).ListItem.Property(part4)]</label>
							<include>line3</include>
							<left>-1</left>
							<top>-1</top>
							<textcolor>black</textcolor>
						</control>
						<control type="textbox">
							<visible>!Container(110).OnNext + !Container(110).OnPrevious + String.EndsWith(Container(110).Currentitem,3)</visible>
							<animation effect="slide" start="-900,0" end="0,0" time="250" tween="sine" easing="out" reversible="false">Visible</animation>
							<animation effect="fade" start="0" end="0" time="10">Hidden</animation>
							<label>$INFO[Container(110).ListItem.Property(part1)] $INFO[Container(110).ListItem.Property(part2)] $INFO[Container(110).ListItem.Property(part3)][CR]$INFO[Container(110).ListItem.Property(part4)]</label>
							<include>line3</include>
							<left>3</left>
							<top>3</top>
							<textcolor>black</textcolor>
						</control>
						<control type="textbox">
							<visible>!Container(110).OnNext + !Container(110).OnPrevious + String.EndsWith(Container(110).Currentitem,3)</visible>
							<animation effect="slide" start="-900,0" end="0,0" time="250" tween="sine" easing="out" reversible="false">Visible</animation>
							<animation effect="fade" start="0" end="0" time="10">Hidden</animation>
							<label>[COLOR=ffff9a32]$INFO[Container(110).ListItem.Property(part1)] [/COLOR][COLOR=ffbcfb24]$INFO[Container(110).ListItem.Property(part2)] [/COLOR][COLOR=ff9a9699]$INFO[Container(110).ListItem.Property(part3)][CR][/COLOR][COLOR=fffffaf0]$INFO[Container(110).ListItem.Property(part4)][/COLOR]</label>
							<include>line3</include>
							<left>0</left>
							<top>0</top>
							<shadowcolor>black</shadowcolor>
						</control>
						<control type="textbox">
							<visible>!Container(110).OnNext + !Container(110).OnPrevious + String.EndsWith(Container(110).Currentitem,8)</visible>
							<animation effect="slide" start="-900,0" end="0,0" time="250" tween="sine" easing="out" reversible="false">Visible</animation>
							<animation effect="fade" start="0" end="0" time="10">Hidden</animation>
							<label>$INFO[Container(110).ListItem.Property(part1)] $INFO[Container(110).ListItem.Property(part2)] $INFO[Container(110).ListItem.Property(part3)][CR]$INFO[Container(110).ListItem.Property(part4)]</label>
							<include>line3</include>
							<left>-1</left>
							<top>-1</top>
							<textcolor>black</textcolor>
						</control>
						<control type="textbox">
							<visible>!Container(110).OnNext + !Container(110).OnPrevious + String.EndsWith(Container(110).Currentitem,8)</visible>
							<animation effect="slide" start="-900,0" end="0,0" time="250" tween="sine" easing="out" reversible="false">Visible</animation>
							<animation effect="fade" start="0" end="0" time="10">Hidden</animation>
							<label>$INFO[Container(110).ListItem.Property(part1)] $INFO[Container(110).ListItem.Property(part2)] $INFO[Container(110).ListItem.Property(part3)][CR]$INFO[Container(110).ListItem.Property(part4)]</label>
							<include>line3</include>
							<left>3</left>
							<top>3</top>
							<textcolor>black</textcolor>
						</control>
						<control type="textbox">
							<visible>!Container(110).OnNext + !Container(110).OnPrevious + String.EndsWith(Container(110).Currentitem,8)</visible>
							<animation effect="slide" start="-900,0" end="0,0" time="250" tween="sine" easing="out" reversible="false">Visible</animation>
							<animation effect="fade" start="0" end="0" time="10">Hidden</animation>
							<label>[COLOR=ffff9a32]$INFO[Container(110).ListItem.Property(part1)] [/COLOR][COLOR=ffbcfb24]$INFO[Container(110).ListItem.Property(part2)] [/COLOR][COLOR=ff9a9699]$INFO[Container(110).ListItem.Property(part3)][CR][/COLOR][COLOR=fffffaf0]$INFO[Container(110).ListItem.Property(part4)][/COLOR]</label>
							<include>line3</include>
							<left>0</left>
							<top>0</top>
							<shadowcolor>black</shadowcolor>
						</control>
					</control>
					<!--Short LINEA 5 & 0-->
					<control type="group">
						<left>510</left>
						<top>-20</top>
						<animation effect="rotate" center="auto" start="4" end="4" time="0" condition="true">Conditional</animation>
						<control type="textbox">
							<visible>!Container(110).OnNext + !Container(110).OnPrevious + String.EndsWith(Container(110).Currentitem,5)</visible>
							<animation effect="zoom" center="auto" start="0" end="100" time="250" reversible="false">Visible</animation>
							<animation effect="fade" start="0" end="0" time="10">Hidden</animation>
							<left>-1</left>
							<top>-1</top>
							<width>900</width>
							<height>600</height>
							<label>$INFO[Container(110).ListItem.Property(part1)] $INFO[Container(110).ListItem.Property(part2)] $INFO[Container(110).ListItem.Property(part3)][CR]$INFO[Container(110).ListItem.Property(part4)]</label>
							<font>lyrsh50</font>
							<align>center</align>
							<aligny>center</aligny>
							<textcolor>black</textcolor>
						</control>
						<control type="textbox">
							<visible>!Container(110).OnNext + !Container(110).OnPrevious + String.EndsWith(Container(110).Currentitem,5)</visible>
							<animation effect="zoom" center="auto" start="0" end="100" time="250" reversible="false">Visible</animation>
							<animation effect="fade" start="0" end="0" time="10">Hidden</animation>
							<left>2</left>
							<top>2</top>
							<width>900</width>
							<height>600</height>
							<label>$INFO[Container(110).ListItem.Property(part1)] $INFO[Container(110).ListItem.Property(part2)] $INFO[Container(110).ListItem.Property(part3)][CR]$INFO[Container(110).ListItem.Property(part4)]</label>
							<font>lyrsh50</font>
							<align>center</align>
							<aligny>center</aligny>
							<textcolor>black</textcolor>
						</control>
						<control type="textbox">
							<visible>!Container(110).OnNext + !Container(110).OnPrevious + String.EndsWith(Container(110).Currentitem,5)</visible>
							<animation effect="zoom" center="auto" start="0" end="100" time="250" reversible="false">Visible</animation>
							<animation effect="fade" start="0" end="0" time="10">Hidden</animation>
							<left>0</left>
							<top>0</top>
							<width>900</width>
							<height>600</height>
							<font>lyrsh50</font>
							<shadowcolor>black</shadowcolor>
							<align>center</align>
							<aligny>center</aligny>
							<label>[COLOR=ff00bfc0]$INFO[Container(110).ListItem.Property(part1)] [/COLOR][COLOR=ff98ea33]$INFO[Container(110).ListItem.Property(part2)] [/COLOR][COLOR=fffffaf0]$INFO[Container(110).ListItem.Property(part3)][/COLOR][CR][COLOR=ffdaa8ea]$INFO[Container(110).ListItem.Property(part4)][/COLOR]</label>
						</control>
						<control type="textbox">
							<visible>!Container(110).OnNext + !Container(110).OnPrevious + String.EndsWith(Container(110).Currentitem,0)</visible>
							<animation effect="zoom" center="auto" start="0" end="100" time="250" reversible="false">Visible</animation>
							<animation effect="fade" start="0" end="0" time="10">Hidden</animation>
							<left>-1</left>
							<top>-1</top>
							<width>900</width>
							<height>600</height>
							<label>$INFO[Container(110).ListItem.Property(part1)] $INFO[Container(110).ListItem.Property(part2)] $INFO[Container(110).ListItem.Property(part3)][CR]$INFO[Container(110).ListItem.Property(part4)]</label>
							<font>lyrsh50</font>
							<align>center</align>
							<aligny>center</aligny>
							<textcolor>black</textcolor>
						</control>
						<control type="textbox">
							<visible>!Container(110).OnNext + !Container(110).OnPrevious + String.EndsWith(Container(110).Currentitem,0)</visible>
							<animation effect="zoom" center="auto" start="0" end="100" time="250" reversible="false">Visible</animation>
							<animation effect="fade" start="0" end="0" time="10">Hidden</animation>
							<left>2</left>
							<top>2</top>
							<width>900</width>
							<height>600</height>
							<label>$INFO[Container(110).ListItem.Property(part1)] $INFO[Container(110).ListItem.Property(part2)] $INFO[Container(110).ListItem.Property(part3)][CR]$INFO[Container(110).ListItem.Property(part4)]</label>
							<font>lyrsh50</font>
							<align>center</align>
							<aligny>center</aligny>
							<textcolor>black</textcolor>
						</control>
						<control type="textbox">
							<visible>!Container(110).OnNext + !Container(110).OnPrevious + String.EndsWith(Container(110).Currentitem,0)</visible>
							<animation effect="zoom" center="auto" start="0" end="100" time="250" reversible="false">Visible</animation>
							<animation effect="fade" start="0" end="0" time="10">Hidden</animation>
							<left>0</left>
							<top>0</top>
							<width>900</width>
							<height>600</height>
							<font>lyrsh50</font>
							<shadowcolor>black</shadowcolor>
							<align>center</align>
							<aligny>center</aligny>
							<label>[COLOR=ff00bfc0]$INFO[Container(110).ListItem.Property(part1)] [/COLOR][COLOR=ff98ea33]$INFO[Container(110).ListItem.Property(part2)] [/COLOR][COLOR=fffffaf0]$INFO[Container(110).ListItem.Property(part3)][/COLOR][CR][COLOR=ffdaa8ea]$INFO[Container(110).ListItem.Property(part4)][/COLOR]</label>
						</control>
					</control>
					<!--Short LINEA 7 & 2-->
					<control type="group">
						<left>510</left>
						<top>-20</top>
						<animation effect="rotate" center="auto" start="4" end="4" time="0" condition="true">Conditional</animation>
						<control type="textbox">
							<visible>!Container(110).OnNext + !Container(110).OnPrevious + String.EndsWith(Container(110).Currentitem,7)</visible>
							<animation effect="slide" start="900,0" end="0,0" time="250" tween="sine" easing="out" reversible="false">Visible</animation>
							<animation effect="fade" start="0" end="0" time="10">Hidden</animation>
							<left>-1</left>
							<top>-1</top>
							<include>line7</include>
							<label>$INFO[Container(110).ListItem.Property(part1)] $INFO[Container(110).ListItem.Property(part2)] $INFO[Container(110).ListItem.Property(part3)][CR]$INFO[Container(110).ListItem.Property(part4)]</label>
							<textcolor>black</textcolor>
						</control>
						<control type="textbox">
							<visible>!Container(110).OnNext + !Container(110).OnPrevious + String.EndsWith(Container(110).Currentitem,7)</visible>
							<animation effect="slide" start="900,0" end="0,0" time="250" tween="sine" easing="out" reversible="false">Visible</animation>
							<animation effect="fade" start="0" end="0" time="10">Hidden</animation>
							<left>2</left>
							<top>2</top>
							<include>line7</include>
							<label>$INFO[Container(110).ListItem.Property(part1)] $INFO[Container(110).ListItem.Property(part2)] $INFO[Container(110).ListItem.Property(part3)][CR]$INFO[Container(110).ListItem.Property(part4)]</label>
							<textcolor>black</textcolor>
						</control>
						<control type="textbox">
							<visible>!Container(110).OnNext + !Container(110).OnPrevious + String.EndsWith(Container(110).Currentitem,7)</visible>
							<animation effect="slide" start="900,0" end="0,0" time="250" tween="sine" easing="out" reversible="false">Visible</animation>
							<animation effect="fade" start="0" end="0" time="10">Hidden</animation>
							<left>0</left>
							<top>0</top>
							<include>line7</include>
							<shadowcolor>black</shadowcolor>
							<label>[COLOR=ff4cb050]$INFO[Container(110).ListItem.Property(part1)] [/COLOR][COLOR=fffec106]$INFO[Container(110).ListItem.Property(part2)] [/COLOR][COLOR=ff2095f4]$INFO[Container(110).ListItem.Property(part3)][/COLOR][CR][COLOR=fffffaf0]$INFO[Container(110).ListItem.Property(part4)][/COLOR]</label>
						</control>
						<control type="textbox">
							<visible>!Container(110).OnNext + !Container(110).OnPrevious + String.EndsWith(Container(110).Currentitem,2)</visible>
							<animation effect="slide" start="900,0" end="0,0" time="250" tween="sine" easing="out" reversible="false">Visible</animation>
							<animation effect="fade" start="0" end="0" time="10">Hidden</animation>
							<left>-1</left>
							<top>-1</top>
							<include>line7</include>
							<label>$INFO[Container(110).ListItem.Property(part1)] $INFO[Container(110).ListItem.Property(part2)] $INFO[Container(110).ListItem.Property(part3)][CR]$INFO[Container(110).ListItem.Property(part4)]</label>
							<textcolor>black</textcolor>
						</control>
						<control type="textbox">
							<visible>!Container(110).OnNext + !Container(110).OnPrevious + String.EndsWith(Container(110).Currentitem,2)</visible>
							<animation effect="slide" start="900,0" end="0,0" time="250" tween="sine" easing="out" reversible="false">Visible</animation>
							<animation effect="fade" start="0" end="0" time="10">Hidden</animation>
							<left>2</left>
							<top>2</top>
							<include>line7</include>
							<label>$INFO[Container(110).ListItem.Property(part1)] $INFO[Container(110).ListItem.Property(part2)] $INFO[Container(110).ListItem.Property(part3)][CR]$INFO[Container(110).ListItem.Property(part4)]</label>
							<textcolor>black</textcolor>
						</control>
						<control type="textbox">
							<visible>!Container(110).OnNext + !Container(110).OnPrevious + String.EndsWith(Container(110).Currentitem,2)</visible>
							<animation effect="slide" start="900,0" end="0,0" time="250" tween="sine" easing="out" reversible="false">Visible</animation>
							<animation effect="fade" start="0" end="0" time="10">Hidden</animation>
							<left>0</left>
							<top>0</top>
							<include>line7</include>
							<shadowcolor>black</shadowcolor>
							<label>[COLOR=ff4cb050]$INFO[Container(110).ListItem.Property(part1)] [/COLOR][COLOR=fffec106]$INFO[Container(110).ListItem.Property(part2)] [/COLOR][COLOR=ff2095f4]$INFO[Container(110).ListItem.Property(part3)][/COLOR][CR][COLOR=fffffaf0]$INFO[Container(110).ListItem.Property(part4)][/COLOR]</label>
						</control>
					</control>
					<!--Short LINEA 9 & 4-->
					<control type="group">
						<left>510</left>
						<top>-20</top>
						<animation effect="rotate" center="auto" start="4" end="4" time="0" condition="true">Conditional</animation>
						<control type="textbox">
							<visible>!Container(110).OnNext + !Container(110).OnPrevious + String.EndsWith(Container(110).Currentitem,9)</visible>
							<animation effect="zoom" center="auto" start="400" end="100" time="250" reversible="false">Visible</animation>
							<animation effect="fade" start="0" end="0" time="10">Hidden</animation>
							<left>-1</left>
							<top>-1</top>
							<include>line9</include>
							<label>$INFO[Container(110).ListItem.Property(part1)] $INFO[Container(110).ListItem.Property(part2)] $INFO[Container(110).ListItem.Property(part3)][CR]$INFO[Container(110).ListItem.Property(part4)]</label>
							<textcolor>black</textcolor>
						</control>
						<control type="textbox">
							<visible>!Container(110).OnNext + !Container(110).OnPrevious + String.EndsWith(Container(110).Currentitem,9)</visible>
							<animation effect="zoom" center="auto" start="400" end="100" time="250" reversible="false">Visible</animation>
							<animation effect="fade" start="0" end="0" time="10">Hidden</animation>
							<left>2</left>
							<top>2</top>
							<include>line9</include>
							<label>$INFO[Container(110).ListItem.Property(part1)] $INFO[Container(110).ListItem.Property(part2)] $INFO[Container(110).ListItem.Property(part3)][CR]$INFO[Container(110).ListItem.Property(part4)]</label>
							<textcolor>black</textcolor>
						</control>
						<control type="textbox">
							<visible>!Container(110).OnNext + !Container(110).OnPrevious + String.EndsWith(Container(110).Currentitem,9)</visible>
							<animation effect="zoom" center="auto" start="400" end="100" time="250" reversible="false">Visible</animation>
							<animation effect="fade" start="0" end="0" time="10">Hidden</animation>
							<left>0</left>
							<top>0</top>
							<include>line9</include>
							<shadowcolor>black</shadowcolor>
							<label>[COLOR=ff00e676]$INFO[Container(110).ListItem.Property(part1)] [/COLOR][COLOR=fffffaf0]$INFO[Container(110).ListItem.Property(part2)] [/COLOR][COLOR=fffb8c00]$INFO[Container(110).ListItem.Property(part3)][/COLOR][CR][COLOR=ffb39ddb]$INFO[Container(110).ListItem.Property(part4)][/COLOR]</label>
						</control>
						<control type="textbox">
							<visible>!Container(110).OnNext + !Container(110).OnPrevious + String.EndsWith(Container(110).Currentitem,4)</visible>
							<animation effect="zoom" center="auto" start="400" end="100" time="250" reversible="false">Visible</animation>
							<animation effect="fade" start="0" end="0" time="10">Hidden</animation>
							<left>-1</left>
							<top>-1</top>
							<include>line9</include>
							<label>$INFO[Container(110).ListItem.Property(part1)] $INFO[Container(110).ListItem.Property(part2)] $INFO[Container(110).ListItem.Property(part3)][CR]$INFO[Container(110).ListItem.Property(part4)]</label>
							<textcolor>black</textcolor>
						</control>
						<control type="textbox">
							<visible>!Container(110).OnNext + !Container(110).OnPrevious + String.EndsWith(Container(110).Currentitem,4)</visible>
							<animation effect="zoom" center="auto" start="400" end="100" time="250" reversible="false">Visible</animation>
							<animation effect="fade" start="0" end="0" time="10">Hidden</animation>
							<left>2</left>
							<top>2</top>
							<include>line9</include>
							<label>$INFO[Container(110).ListItem.Property(part1)] $INFO[Container(110).ListItem.Property(part2)] $INFO[Container(110).ListItem.Property(part3)][CR]$INFO[Container(110).ListItem.Property(part4)]</label>
							<textcolor>black</textcolor>
						</control>
						<control type="textbox">
							<visible>!Container(110).OnNext + !Container(110).OnPrevious + String.EndsWith(Container(110).Currentitem,4)</visible>
							<animation effect="zoom" center="auto" start="400" end="100" time="250" reversible="false">Visible</animation>
							<animation effect="fade" start="0" end="0" time="10">Hidden</animation>
							<left>0</left>
							<top>0</top>
							<include>line9</include>
							<shadowcolor>black</shadowcolor>
							<label>[COLOR=ff00e676]$INFO[Container(110).ListItem.Property(part1)] [/COLOR][COLOR=fffffaf0]$INFO[Container(110).ListItem.Property(part2)] [/COLOR][COLOR=fffb8c00]$INFO[Container(110).ListItem.Property(part3)][/COLOR][CR][COLOR=ffb39ddb]$INFO[Container(110).ListItem.Property(part4)][/COLOR]</label>
						</control>
					</control>
				</control>	
				<control type="group">
					<visible>!String.IsEmpty(Container(110).ListItem.Property(part4)) + [Integer.IsGreater(Container(110).ListItem.Property(duration),1449) | String.IsEmpty(Window(Home).Property(culrc.islrc))]</visible>
					<!--Line 1-->
					<control type="grouplist">
						<left>0</left>
					      <top>199</top>
					      <width>1920</width>
					      <height>100</height>
					      <itemgap>10</itemgap>
					      <scrolltime>0</scrolltime>
					      <orientation>horizontal</orientation>
					      <visible>true</visible>
					      <align>center</align>
						<include content="Lyrics1">
						</include>
					</control>
					<control type="grouplist">
						<left>4</left>
					      <top>203</top>
					      <width>1920</width>
					      <height>100</height>
					      <itemgap>10</itemgap>
					      <scrolltime>0</scrolltime>
					      <orientation>horizontal</orientation>
					      <visible>true</visible>
					      <align>center</align>
						<include content="Lyrics1">
						</include>
					</control>
					<control type="grouplist">
						<left>1</left>
					      <top>200</top>
					      <width>1920</width>
					      <height>100</height>
					      <itemgap>10</itemgap>
					      <scrolltime>0</scrolltime>
					      <orientation>horizontal</orientation>
					      <visible>true</visible>
					      <align>center</align>
						<include content="Lyrics1">
							<param name="col11">ff69bbd3</param>
							<param name="col12">ffe16b6b</param>
							<param name="col13">fff8e950</param>
						</include>
					</control>
					<include content="Lyrics1b">
						<param name="1b_left">509</param>
						<param name="1b_top">223</param>
					</include>
					<include content="Lyrics1b">
						<param name="1b_left">513</param>
						<param name="1b_top">227</param>
					</include>
					<include content="Lyrics1b">
						<param name="col14">fffffaf0</param>
					</include>
					<!--Line 2-->
					<include content="Lyrics2">
					</include>
					<include content="Lyrics2">
						<param name="2_left">4</param>
						<param name="2_top">254</param>
					</include>
					<include content="Lyrics2">
						<param name="col21">ff4cb050</param>
						<param name="col22">fffec106</param>
						<param name="col23">ff2095f4</param>
						<param name="col24">fffffaf0</param>
						<param name="2_left">1</param>
						<param name="2_top">251</param>
					</include>
					<!--Line 3-->
					<control type="grouplist">
						<left>0</left>
					      <top>199</top>
					      <width>1920</width>
					      <height>120</height>
					      <itemgap>3</itemgap>
					      <scrolltime>0</scrolltime>
					      <orientation>horizontal</orientation>
					      <visible>true</visible>
					      <align>center</align>
						<include content="Lyrics3">
						</include>
					</control>
					<control type="grouplist">
						<left>4</left>
					      <top>203</top>
					      <width>1920</width>
					      <height>120</height>
					      <itemgap>3</itemgap>
					      <scrolltime>0</scrolltime>
					      <orientation>horizontal</orientation>
					      <visible>true</visible>
					      <align>center</align>
						<include content="Lyrics3">
						</include>
					</control>
					<control type="grouplist">
						<left>1</left>
					      <top>200</top>
					      <width>1920</width>
					      <height>120</height>
					      <itemgap>3</itemgap>
					      <scrolltime>0</scrolltime>
					      <orientation>horizontal</orientation>
					      <visible>true</visible>
					      <align>center</align>
						<include content="Lyrics3">
							<param name="col31">ffff9a32</param>
							<param name="col32">ffbcfb24</param>
							<param name="col33">ff9a9699</param>
						</include>
					</control>
					<include content="Lyrics3b">
						<param name="3b_left">509</param>
						<param name="3b_top">229</param>
					</include>
					<include content="Lyrics3b">
						<param name="3b_left">513</param>
						<param name="3b_top">233</param>
					</include>
					<include content="Lyrics3b">
						<param name="col34">fffffaf0</param>
					</include>
					<!--Line 4-->
					<include content="Lyrics4">
					</include>
					<include content="Lyrics4">
						<param name="4_left">114</param>
						<param name="4_top">34</param>
					</include>
					<include content="Lyrics4">
						<param name="col41">ffFF4E50</param>
						<param name="col42">ffFC913A</param>
						<param name="col43">ffF9D423</param>
						<param name="col44">fffffaf0</param>
						<param name="4_left">111</param>
						<param name="4_top">31</param>
					</include>
					<!--Line 5-->
					<control type="grouplist">
						<left>1950</left>
					      <top>99</top>
					      <width>1920</width>
					      <height>350</height>
					      <itemgap>10</itemgap>
					      <scrolltime>0</scrolltime>
					      <orientation>horizontal</orientation>
					      <visible>true</visible>
					      <align>center</align>
						<include content="Lyrics5">
						</include>
					</control>
					<control type="grouplist">
						<left>1954</left>
					      <top>103</top>
					      <width>1920</width>
					      <height>350</height>
					      <itemgap>10</itemgap>
					      <scrolltime>0</scrolltime>
					      <orientation>horizontal</orientation>
					      <visible>true</visible>
					      <align>center</align>
						<include content="Lyrics5">
						</include>
					</control>
					<control type="grouplist">
						<left>1951</left>
					      <top>100</top>
					      <width>1920</width>
					      <height>350</height>
					      <itemgap>10</itemgap>
					      <scrolltime>0</scrolltime>
					      <orientation>horizontal</orientation>
					      <visible>true</visible>
					      <align>center</align>
						<include content="Lyrics5">
							<param name="col51">ff00bfc0</param>
							<param name="col52">ff98ea33</param>
							<param name="col53">fffffaf0</param>
							<param name="col54">ffdaa8ea</param>
						</include>
					</control>
					<!--Line 6-->
					<control type="grouplist">
						<left>0</left>
					      <top>-201</top>
					      <width>1920</width>
					      <height>100</height>
					      <itemgap>10</itemgap>
					      <scrolltime>0</scrolltime>
					      <orientation>horizontal</orientation>
					      <visible>true</visible>
					      <align>center</align>
						<include content="Lyrics6">
						</include>
					</control>
					<control type="grouplist">
						<left>4</left>
					      <top>-197</top>
					      <width>1920</width>
					      <height>100</height>
					      <itemgap>10</itemgap>
					      <scrolltime>0</scrolltime>
					      <orientation>horizontal</orientation>
					      <visible>true</visible>
					      <align>center</align>
						<include content="Lyrics6">
						</include>
					</control>
					<control type="grouplist">
						<left>1</left>
					      <top>-200</top>
					      <width>1920</width>
					      <height>100</height>
					      <itemgap>10</itemgap>
					      <scrolltime>0</scrolltime>
					      <orientation>horizontal</orientation>
					      <visible>true</visible>
					      <align>center</align>
						<include content="Lyrics6">
							<param name="col61">ffff9c00</param>
							<param name="col62">ff86b8b1</param>
							<param name="col63">fff2f26f</param>
						</include>
					</control>
					<include content="Lyrics6b">
						<param name="6b_left">509</param>
						<param name="6b_top">223</param>
					</include>
					<include content="Lyrics6b">
						<param name="6b_left">513</param>
						<param name="6b_top">227</param>
					</include>
					<include content="Lyrics6b">
						<param name="col64">fffffaf0</param>
					</include>
					<!--Line 7-->
					<include content="Lyrics7">
					</include>
					<include content="Lyrics7">
						<param name="7_left">14</param>
						<param name="7_top">4</param>
					</include>
					<include content="Lyrics7">
						<param name="col71">ffEA80FC</param>
						<param name="col72">ffFFEB3B</param>
						<param name="col73">ff4DD0E1</param>
						<param name="col74">fffffaf0</param>
						<param name="7_left">11</param>
						<param name="7_top">1</param>
					</include>
					<!--Line 8-->
					<control type="grouplist">
						<left>0</left>
					      <top>199</top>
					      <width>1920</width>
					      <height>140</height>
					      <itemgap>10</itemgap>
					      <scrolltime>0</scrolltime>
					      <orientation>horizontal</orientation>
					      <visible>true</visible>
					      <align>center</align>
						<include content="Lyrics8">
						</include>
					</control>
					<control type="grouplist">
						<left>4</left>
					      <top>203</top>
					      <width>1920</width>
					      <height>140</height>
					      <itemgap>10</itemgap>
					      <scrolltime>0</scrolltime>
					      <orientation>horizontal</orientation>
					      <visible>true</visible>
					      <align>center</align>
						<include content="Lyrics8">
						</include>
					</control>
					<control type="grouplist">
						<left>1</left>
					      <top>200</top>
					      <width>1920</width>
					      <height>140</height>
					      <itemgap>10</itemgap>
					      <scrolltime>0</scrolltime>
					      <orientation>horizontal</orientation>
					      <visible>true</visible>
					      <align>center</align>
						<include content="Lyrics8">
							<param name="col81">ff4cb050</param>
							<param name="col82">fffec106</param>
							<param name="col83">ff2095f4</param>
						</include>
					</control>
					<include content="Lyrics8b">
						<param name="8b_left">509</param>
						<param name="8b_top">269</param>
					</include>
					<include content="Lyrics8b">
						<param name="8b_left">513</param>
						<param name="8b_top">273</param>
					</include>
					<include content="Lyrics8b">
						<param name="col84">fffffaf0</param>
					</include>
					<!--Line 9-->
					<include content="Lyrics9">
					</include>
					<include content="Lyrics9">
						<param name="9_left">24</param>
						<param name="9_top">-16</param>
					</include>
					<include content="Lyrics9">
						<param name="col91">ff00e676</param>
						<param name="col92">fffffaf0</param>
						<param name="col93">fffb8c00</param>
						<param name="col94">ffb39ddb</param>
						<param name="9_left">21</param>
						<param name="9_top">-19</param>
					</include>
					<!--Line 10-->
					<include content="Lyrics10">
					</include>
					<include content="Lyrics10">
						<param name="10_left">4</param>
						<param name="10_top">154</param>
					</include>
					<include content="Lyrics10">
						<param name="col101">ffff9800</param>
						<param name="col102">ff00bcd4</param>
						<param name="col103">fffffaf0</param>
						<param name="col104">fff29ab8</param>
						<param name="10_left">1</param>
						<param name="10_top">151</param>
					</include>
					<!--Line 11-->
					<include content="Lyrics11">
					</include>
					<include content="Lyrics11">
						<param name="11_left">4</param>
						<param name="11_top">254</param>
					</include>
					<include content="Lyrics11">
						<param name="col111">ff52bbb7</param>
						<param name="col112">fffab649</param>
						<param name="col113">ffef4051</param>
						<param name="col114">ff84efbb</param>
						<param name="11_left">1</param>
						<param name="11_top">251</param>
					</include>
					<!--Line 12-->
					<include content="Lyrics12">
					</include>
					<include content="Lyrics12">
						<param name="12_left">14</param>
						<param name="12_top">4</param>
					</include>
					<include content="Lyrics12">
						<param name="col121">ffEA80FC</param>
						<param name="12_left">11</param>
						<param name="12_top">1</param>
					</include>
					<include content="Lyrics12b">
					</include>
					<include content="Lyrics12b">
						<param name="12b_left">14</param>
						<param name="12b_top">184</param>
					</include>
					<include content="Lyrics12b">
						<param name="col122">ffFFEB3B</param>
						<param name="col123">ff4DD0E1</param>
						<param name="12b_left">11</param>
						<param name="12b_top">181</param>
					</include>
					<include content="Lyrics12c">
					</include>
					<include content="Lyrics12c">
						<param name="12c_left">14</param>
						<param name="12c_top">4</param>
					</include>
					<include content="Lyrics12c">
						<param name="col124">fffffaf0</param>
						<param name="12c_left">11</param>
						<param name="12c_top">1</param>
					</include>
					<!--Line 13-->
					<control type="grouplist">
						<left>0</left>
					      <top>199</top>
					      <width>1920</width>
					      <height>125</height>
					      <itemgap>10</itemgap>
					      <scrolltime>0</scrolltime>
					      <orientation>horizontal</orientation>
					      <visible>true</visible>
					      <align>center</align>
						<include content="Lyrics13">
						</include>
					</control>
					<control type="grouplist">
						<left>4</left>
					      <top>203</top>
					      <width>1920</width>
					      <height>125</height>
					      <itemgap>10</itemgap>
					      <scrolltime>0</scrolltime>
					      <orientation>horizontal</orientation>
					      <visible>true</visible>
					      <align>center</align>
						<include content="Lyrics13">
						</include>
					</control>
					<control type="grouplist">
						<left>1</left>
					      <top>200</top>
					      <width>1920</width>
					      <height>125</height>
					      <itemgap>10</itemgap>
					      <scrolltime>0</scrolltime>
					      <orientation>horizontal</orientation>
					      <visible>true</visible>
					      <align>center</align>
						<include content="Lyrics13">
							<param name="col131">ff00BFC0</param>
							<param name="col132">ff98EA33</param>
							<param name="col133">ffF7F6E4</param>
						</include>
					</control>
					<include content="Lyrics13b">
						<param name="13b_left">509</param>
						<param name="13b_top">219</param>
					</include>
					<include content="Lyrics13b">
						<param name="13b_left">513</param>
						<param name="13b_top">223</param>
					</include>
					<include content="Lyrics13b">
						<param name="col134">ffDAA8EA</param>
					</include>
					<!--Line 14-->
					<control type="grouplist">
						<left>0</left>
					      <top>169</top>
					      <width>2020</width>
					      <height>350</height>
					      <itemgap>20</itemgap>
					      <scrolltime>0</scrolltime>
					      <orientation>horizontal</orientation>
					      <visible>true</visible>
					      <align>center</align>
						<include content="Lyrics14">
							<param name="col141">black</param>
						</include>
					</control>
					<control type="grouplist">
						<left>0</left>
					      <top>169</top>
					      <width>2020</width>
					      <height>350</height>
					      <itemgap>20</itemgap>
					      <scrolltime>0</scrolltime>
					      <orientation>horizontal</orientation>
					      <visible>true</visible>
					      <align>center</align>
						<include content="Lyrics14">
							<param name="col142">black</param>
						</include>
					</control>
					<control type="grouplist">
						<left>0</left>
					      <top>169</top>
					      <width>2020</width>
					      <height>350</height>
					      <itemgap>20</itemgap>
					      <scrolltime>0</scrolltime>
					      <orientation>horizontal</orientation>
					      <visible>true</visible>
					      <align>center</align>
						<include content="Lyrics14">
							<param name="col143">black</param>
						</include>
					</control>
					<control type="grouplist">
					      <top>173</top>
						<left>4</left>
					      <width>2020</width>
					      <height>350</height>
					      <itemgap>20</itemgap>
					      <scrolltime>0</scrolltime>
					      <orientation>horizontal</orientation>
					      <visible>true</visible>
					      <align>center</align>
						<include content="Lyrics14">
							<param name="col141">black</param>
						</include>
					</control>
					<control type="grouplist">
					      <top>173</top>
						<left>4</left>
					      <width>2020</width>
					      <height>350</height>
					      <itemgap>20</itemgap>
					      <scrolltime>0</scrolltime>
					      <orientation>horizontal</orientation>
					      <visible>true</visible>
					      <align>center</align>
						<include content="Lyrics14">
							<param name="col142">black</param>
						</include>
					</control>
					<control type="grouplist">
						<top>173</top>
						<left>4</left>
					      <width>2020</width>
					      <height>350</height>
					      <itemgap>20</itemgap>
					      <scrolltime>0</scrolltime>
					      <orientation>horizontal</orientation>
					      <visible>true</visible>
					      <align>center</align>
						<include content="Lyrics14">
							<param name="col143">black</param>
						</include>
					</control>
					<control type="grouplist">
						<top>170</top>
						<left>1</left>
					      <width>2020</width>
					      <height>350</height>
					      <itemgap>20</itemgap>
					      <scrolltime>0</scrolltime>
					      <orientation>horizontal</orientation>
					      <visible>true</visible>
					      <align>center</align>
						<include content="Lyrics14">
							<param name="col141">ffFF9800</param>
						</include>
					</control>
					<control type="grouplist">
						<top>170</top>
						<left>1</left>
					      <width>2020</width>
					      <height>350</height>
					      <itemgap>20</itemgap>
					      <scrolltime>0</scrolltime>
					      <orientation>horizontal</orientation>
					      <visible>true</visible>
					      <align>center</align>
						<include content="Lyrics14">
							<param name="col142">fffffaf0</param>
						</include>
					</control>
					<control type="grouplist">
						<top>170</top>
						<left>1</left>
					      <width>2020</width>
					      <height>350</height>
					      <itemgap>20</itemgap>
					      <scrolltime>0</scrolltime>
					      <orientation>horizontal</orientation>
					      <visible>true</visible>
					      <align>center</align>
						<include content="Lyrics14">
							<param name="col143">ff00BCD4</param>
						</include>
					</control>
					<include content="Lyrics14b">
						<param name="col144">black</param>
					</include>
					<include content="Lyrics14b">
						<param name="14b_left">613</param>
						<param name="14b_top">343</param>
						<param name="col144">black</param>
					</include>
					<include content="Lyrics14b">
						<param name="14b_left">611</param>
						<param name="14b_top">341</param>
						<param name="col144">fff395b5</param>
					</include>
					<!--Line 15-->
					<include content="Lyrics15">
					</include>
					<include content="Lyrics15">
						<param name="15_left">174</param>
						<param name="15_top">4</param>
					</include>
					<include content="Lyrics15">
						<param name="col151">ffaee23a</param>
						<param name="col152">fffffaf0</param>
						<param name="col153">ff02a8c6</param>
						<param name="col154">ffd865d1</param>
						<param name="15_left">171</param>
						<param name="15_top">1</param>
					</include>
				</control>
			</control>

		</control>	

	</include>


	<include name="LyricsDefault">
		<!-- ######################################################################### Letras layout estilo default ######################################################################### -->

		<control type="group">
			<animation effect="slide" start="0,-500" end="0,0" time="700" tween="sine" easing="inout" delay="4000">WindowOpen</animation>
			<animation effect="slide" start="0,-500" end="0,0" time="700" tween="sine" easing="inout" delay="1000">Visible</animation>
			<visible>Player.HasAudio + Window.IsVisible(2006) + ![Window.IsVisible(120) | Window.IsVisible(122) | Window.IsVisible(5600) | Skin.HasSetting(nolyrics_on) | Skin.HasSetting(novisfurniture)]</visible>
			<!-- Para proximas faixas -->
			<control type="button">	
				<left>38</left>
				<top>519</top>
				<width>375</width>
				<height>30</height>
				<label>31325</label>
				<font>Font_button</font>
				<align>left</align>
				<textoffsetx>60</textoffsetx>
				<onclick>ActivateWindow(5600)</onclick>
				<textcolor>80FFFAF0</textcolor>
				<focusedcolor>FFFFFAF0</focusedcolor>
				<texturefocus diffuse="gradient_button.png">grey.png</texturefocus>
				<visible>![IsEmpty(MusicPlayer.offset(1).Artist) | Skin.HasSetting(nonexttracks_on)]</visible>
			</control>
			<control type="image">
				<left>60</left>
				<top>518</top>
				<width>30</width>
				<height>30</height>
				<texture>arrow_left.png</texture>
				<colordiffuse>80FFFAF0</colordiffuse>
				<include>Animation_Fade</include>
				<visible>![IsEmpty(MusicPlayer.offset(1).Artist) | Skin.HasSetting(nonexttracks_on)]</visible>
			</control>
			<!-- Para Menu -->
			<!--			<control type="button">	
				<left>1508</left>
				<top>519</top>
				<width>375</width>
				<height>30</height>
				<label>31238</label>
				<font>Font_button</font>
				<align>right</align>
				<textoffsetx>60</textoffsetx>
				<onclick>ActivateWindow(120)</onclick>
				<textcolor>80FFFAF0</textcolor>
				<focusedcolor>FFFFFAF0</focusedcolor>
				<texturefocus flipx="true" diffuse="gradient_button.png">grey.png</texturefocus>
				<texturenofocus>-</texturenofocus>
			</control>
			<control type="image">
				<left>1830</left>
				<top>518</top>
				<width>30</width>
				<height>30</height>
				<texture flipx="true">arrow_left.png</texture>
				<colordiffuse>80FFFAF0</colordiffuse>
				<include>Animation_Fade</include>
			</control>-->
			<!-- Scraper -->
			<control type="label" id="200">	
				<visible>false</visible>
			</control>
			<!-- ** Required ** Do not change <id> or <type> -->
			<control type="list" id="110">
				<left>60</left>
				<top>30</top>
				<width>1620</width>
				<height>470</height>
				<onleft condition="![IsEmpty(MusicPlayer.offset(1).Artist) | Skin.HasSetting(nonexttracks_on)]">ActivateWindow(5600)</onleft>
				<!--				<onright>ActivateWindow(120)</onright>-->
				<onup>999</onup>
				<ondown>110</ondown>
				<viewtype label="535">list</viewtype>
				<pagecontrol>111</pagecontrol>
				<scrolltime>200</scrolltime>
				<itemlayout height="52">
					<control type="label">
						<left>2</left>
						<top>0</top>
						<width>1620</width>
						<height>33</height>
						<info>ListItem.Label</info>
						<font>Font_lyrics</font>
						<align>left</align>
						<aligny>top</aligny>
						<textcolor>black</textcolor>
					</control>
					<control type="label">
						<left>-1</left>
						<top>0</top>
						<width>1620</width>
						<height>33</height>
						<info>ListItem.Label</info>
						<font>Font_lyrics</font>
						<align>left</align>
						<aligny>top</aligny>
						<textcolor>black</textcolor>
					</control>
					<control type="label">
						<left>1</left>
						<top>2</top>
						<width>1620</width>
						<height>33</height>
						<info>ListItem.Label</info>
						<font>Font_lyrics</font>
						<align>left</align>
						<aligny>top</aligny>
						<textcolor>black</textcolor>
					</control>
					<control type="label">
						<left>0</left>
						<top>-1</top>
						<width>1620</width>
						<height>33</height>
						<info>ListItem.Label</info>
						<font>Font_lyrics</font>
						<align>left</align>
						<aligny>top</aligny>
						<textcolor>black</textcolor>
					</control>
					<control type="label">
						<width>1620</width>
						<height>33</height>
						<info>ListItem.Label</info>
						<font>Font_lyrics</font>
						<align>left</align>
						<aligny>top</aligny>
						<textcolor>FFE9F2F3</textcolor>
					</control>
				</itemlayout>
				<focusedlayout height="52">
					<control type="label">
						<left>2</left>
						<top>-6</top>
						<width>1620</width>
						<height>33</height>
						<info>ListItem.Label</info>
						<font>Font_lyricsfocus</font>
						<align>left</align>
						<aligny>top</aligny>
						<textcolor>black</textcolor>
					</control>
					<control type="label">
						<left>-1</left>
						<top>-6</top>
						<width>1620</width>
						<height>33</height>
						<info>ListItem.Label</info>
						<font>Font_lyricsfocus</font>
						<align>left</align>
						<aligny>top</aligny>
						<textcolor>black</textcolor>
					</control>
					<control type="label">
						<left>1</left>
						<top>-4</top>
						<width>1620</width>
						<height>33</height>
						<info>ListItem.Label</info>
						<font>Font_lyricsfocus</font>
						<align>left</align>
						<aligny>top</aligny>
						<textcolor>black</textcolor>
					</control>
					<control type="label">
						<left>0</left>
						<top>-7</top>
						<width>1620</width>
						<height>33</height>
						<info>ListItem.Label</info>
						<font>Font_lyricsfocus</font>
						<align>left</align>
						<aligny>top</aligny>
						<textcolor>black</textcolor>
					</control>
					<control type="label">
						<left>0</left>
						<top>-7</top>
						<width>1620</width>
						<height>33</height>
						<info>ListItem.Label</info>
						<font>Font_lyricsfocus</font>
						<align>left</align>
						<aligny>top</aligny>
						<textcolor>$INFO[Skin.String(colorheader)]</textcolor>
					</control>
				</focusedlayout>
			</control>
			<control type="spincontrol" id="111">
				<visible>false</visible>
			</control>
			<!-- ** Required ** Do not change <id> or <type> -->
			<control type="list" id="120">
				<left>150</left>
				<top>105</top>
				<width>1620</width>
				<height>405</height>
				<onleft condition="![IsEmpty(MusicPlayer.offset(1).Artist) | Skin.HasSetting(nonexttracks_on)]">ActivateWindow(5600)</onleft>
				<!--				<onright>ActivateWindow(120)</onright>-->
				<onup>120</onup>
				<ondown>120</ondown>
				<viewtype label="535">list</viewtype>
				<pagecontrol>121</pagecontrol>
				<scrolltime>200</scrolltime>
				<itemlayout height="52">
					<control type="label">
						<left>0</left>
						<top>4</top>
						<width>1620</width>
						<height>33</height>
						<info>ListItem.Label</info>
						<font>Font_list</font>
						<align>center</align>
						<aligny>center</aligny>
						<textcolor>80FFFAF0</textcolor>
					</control>
				</itemlayout>
				<focusedlayout height="52">
					<control type="image">
						<left>0</left>
						<top>4</top>
						<width>1620</width>
						<height>52</height>
						<texture>gradient_focus.png</texture>
						<colordiffuse>$INFO[Skin.String(colorheader)]</colordiffuse>
						<visible>Control.HasFocus(120)</visible>
					</control>
					<control type="label">
						<left>-82</left>
						<top>4</top>
						<width>1620</width>
						<height>33</height>
						<info>ListItem.Label</info>
						<font>Font_title</font>
						<align>center</align>
						<aligny>center</aligny>
						<textcolor>$INFO[Skin.String(colorheader)]</textcolor>
					</control>
				</focusedlayout>
			</control>
			<control type="spincontrol" id="121">
				<visible>false</visible>
			</control>
		</control>
	</include>

	<!-- ######################################################################### Letras em modo karaoke ######################################################################### -->
	<include name="LyricsKaraoke">
		<control type="group">	
			<animation effect="slide" start="-1920,0" end="0,0" time="700" tween="sine" easing="inout" delay="1000">WindowOpen</animation>
			<animation effect="slide" start="-1920,0" end="0,0" time="700" tween="sine" easing="inout" delay="1000">Visible</animation>
			<animation effect="slide" start="0,0" end="-1920,0" time="400" tween="sine" easing="inout">WindowClose</animation>
			<animation effect="slide" start="0,0" end="-1920,0" time="400" tween="sine" easing="inout">Hidden</animation>
			<visible>Player.HasAudio + ![Window.IsVisible(120) | Window.IsVisible(122) | Window.IsVisible(5600)]</visible>
			<control type="image">
				<left>0</left>
				<top>0</top>
				<width>1920</width>
				<height>1080</height>
				<texture>black.png</texture>
				<colordiffuse>C3FFFFFF</colordiffuse>
			</control>
			<control type="image">
				<left>0</left>
				<top>94</top>
				<width>1920</width>
				<height>45</height>
				<texture flipy="true">shadow_h.png</texture>
				<colordiffuse>C3FFFFFF</colordiffuse>
			</control>
			<control type="image">
				<left>0</left>
				<top>0</top>
				<width>1920</width>
				<height>94</height>
				<texture>black.png</texture>
				<colordiffuse>C3FFFFFF</colordiffuse>
			</control>
			<control type="image">
				<left>0</left>
				<top>0</top>
				<width>1920</width>
				<height>92</height>
				<texture>black.png</texture>
				<colordiffuse>90FFFFFF</colordiffuse>
			</control>
			<!-- Titulo -->
			<control type="label">	
				<left>75</left>
				<top>18</top>
				<width>1770</width>
				<height>30</height>
				<label>[COLOR=$INFO[Skin.String(colorheader)]]$INFO[MusicPlayer.Artist][/COLOR] - $INFO[MusicPlayer.Title]</label>
				<font>Font_title</font>
				<align>center</align>
				<textcolor>FFFFFAF0</textcolor>
			</control>
			<control type="image">
				<left>1845</left>
				<top>1020</top>
				<width>30</width>
				<height>30</height>
				<texture flipx="true">arrow_left.png</texture>
				<colordiffuse>30FFFAF0</colordiffuse>
				<include>Animation_Fade</include>
			</control>
			<!-- Para Menu -->
			<!--			<control type="label">	
				<left>1830</left>
				<top>1020</top>
				<width>225</width>
				<height>30</height>
				<label>31238</label>
				<font>Font_button</font>
				<align>right</align>
				<textcolor>30FFFAF0</textcolor>
			</control>-->
			<!-- Scraper -->
			<control type="label" id="200">	
				<visible>false</visible>
			</control>
			<!-- ** Required ** Do not change <id> or <type> -->
			<control type="list" id="110">
				<left>150</left>
				<top>135</top>
				<width>1620</width>
				<height>885</height>
				<!--				<onright>ActivateWindow(120)</onright>-->
				<onup>999</onup>
				<ondown>110</ondown>
				<viewtype label="535">list</viewtype>
				<pagecontrol>111</pagecontrol>
				<scrolltime>200</scrolltime>
				<itemlayout height="52">
					<control type="label">
						<left>0</left>
						<top>4</top>
						<width>1620</width>
						<height>33</height>
						<info>ListItem.Label</info>
						<font>Font_list</font>
						<align>center</align>
						<aligny>center</aligny>
						<textcolor>80FFFAF0</textcolor>
					</control>
				</itemlayout>
				<focusedlayout height="52">
					<control type="image">
						<left>0</left>
						<top>4</top>
						<width>1620</width>
						<height>52</height>
						<texture>gradient_focus.png</texture>
						<colordiffuse>$INFO[Skin.String(colorheader)]</colordiffuse>
						<visible>Control.HasFocus(110)</visible>
					</control>
					<control type="label">
						<left>-82</left>
						<top>4</top>
						<width>1770</width>
						<height>33</height>
						<info>ListItem.Label</info>
						<font>Font_title</font>
						<align>center</align>
						<aligny>center</aligny>
						<textcolor>$INFO[Skin.String(colorheader)]</textcolor>
					</control>
				</focusedlayout>
			</control>
			<control type="spincontrol" id="111">
				<visible>false</visible>
			</control>
			<!-- ** Required ** Do not change <id> or <type> -->
			<control type="list" id="120">
				<left>150</left>
				<top>135</top>
				<width>1620</width>
				<height>885</height>
				<!--				<onright>ActivateWindow(120)</onright>-->
				<onup>120</onup>
				<ondown>120</ondown>
				<viewtype label="535">list</viewtype>
				<pagecontrol>121</pagecontrol>
				<scrolltime>200</scrolltime>
				<itemlayout height="52">
					<control type="label">
						<left>0</left>
						<top>4</top>
						<width>1620</width>
						<height>33</height>
						<info>ListItem.Label</info>
						<font>Font_list</font>
						<align>center</align>
						<aligny>center</aligny>
						<textcolor>80FFFAF0</textcolor>
					</control>
				</itemlayout>
				<focusedlayout height="52">
					<control type="image">
						<left>0</left>
						<top>4</top>
						<width>1620</width>
						<height>52</height>
						<texture>gradient_focus.png</texture>
						<colordiffuse>$INFO[Skin.String(colorheader)]</colordiffuse>
						<visible>Control.HasFocus(120)</visible>
					</control>
					<control type="label">
						<left>-82</left>
						<top>4</top>
						<width>1620</width>
						<height>33</height>
						<info>ListItem.Label</info>
						<font>Font_title</font>
						<align>center</align>
						<aligny>center</aligny>
						<textcolor>$INFO[Skin.String(colorheader)]</textcolor>
					</control>
				</focusedlayout>
			</control>
			<control type="spincontrol" id="121">
				<visible>false</visible>
			</control>
		</control>
	</include>
	<!-- ######################################################################### Letras em modo MANFEED ######################################################################### -->
	<include name="LyricsManfeed">
		<control type="group">
			<control type="group">
				<animation effect="slide" end="0,120" time="300" tween="quadratic" condition="Window.IsActive(musicosd)">Conditional</animation>
				<animation effect="slide" end="0,0" start="0,-540" time="200" tween="quadratic" easing="out">WindowOpen</animation>
				<animation effect="slide" start="0,0" end="0,-540" time="200" tween="quadratic" easing="out">WindowClose</animation>
				<!-- ** Required ** Do not change <id> or <type> (Text box for lyrics) -->
				<control type="textbox" id="100">
					<description>textarea</description>
					<left>45</left>
					<top>50</top>
					<width>1830</width>
					<height>330</height>
					<align>center</align>
					<font>fontScriptLyrics</font>
					<textcolor>white</textcolor>
				</control>
				<!-- ** Required ** Do not change <id> or <type> (Smooth scrolling list for lyrics) -->
				<control type="list" id="110">
					<left>45</left>
					<top>50</top>
					<width>1830</width>
					<height>330</height>
					<onleft>111</onleft>
					<onright>111</onright>
					<onup>110</onup>
					<ondown>110</ondown>
					<pagecontrol>111</pagecontrol>
					<scrolltime tween="quadratic" easing="out">300</scrolltime>
					<itemlayout height="110">
					</itemlayout>
					<focusedlayout height="110">
					</focusedlayout>
				</control>
				<!-- ** Required ** Do not change <id> or <type> (Song Chooser if it gets it wrong) -->
				<control type="list" id="120">
					<left>45</left>
					<top>5</top>
					<width>1830</width>
					<height>250</height>
					<onleft>121</onleft>
					<onright>121</onright>
					<onup>120</onup>
					<ondown>120</ondown>
					<pagecontrol>121</pagecontrol>
					<scrolltime tween="quadratic" easing="out">200</scrolltime>
					<itemlayout height="60" width="1830">
						<control type="image">
							<left>1</left>
							<width>1820</width>
							<height>60</height>
							<texture border="1">separator2.png</texture>
						</control>
						<control type="label">
							<width>1820</width>
							<height>60</height>
							<font>fontScriptLyrics</font>
							<textoffsetx>15</textoffsetx>
							<textcolor>white</textcolor>
							<selectedcolor>$VAR[ThemeLabelColor]</selectedcolor>
							<label>$INFO[ListItem.Label]</label>
						</control>
						<control type="label">
							<width>1820</width>
							<height>60</height>
							<font>fontScriptLyrics</font>
							<textoffsetx>15</textoffsetx>
							<textcolor>white</textcolor>
							<selectedcolor>$VAR[ThemeLabelColor]</selectedcolor>
							<align>right</align>
							<label>$INFO[ListItem.Label2]</label>
						</control>
					</itemlayout>
					<focusedlayout height="60" width="1830">
						<control type="image">
							<left>1</left>
							<width>1820</width>
							<height>60</height>
							<texture colordiffuse="$VAR[HighlightBarColor]" border="5">listselect_fo.png</texture>
							<visible>Control.HasFocus(120)</visible>
							<include>VisibleFadeAnimation</include>
						</control>
						<control type="label">
							<width>1820</width>
							<height>60</height>
							<font>fontScriptLyrics</font>
							<textoffsetx>15</textoffsetx>
							<textcolor>white</textcolor>
							<selectedcolor>$VAR[ThemeLabelColor]</selectedcolor>
							<label>$INFO[ListItem.Label]</label>
							<animation effect="fade" start="100" end="70" time="300" tween="sine" easing="inout" condition="!Control.HasFocus(120)">Conditional</animation>
						</control>
						<control type="label">
							<width>1820</width>
							<height>60</height>
							<font>fontScriptLyrics</font>
							<textoffsetx>15</textoffsetx>
							<textcolor>grey</textcolor>
							<selectedcolor>$VAR[ThemeLabelColor]</selectedcolor>
							<align>right</align>
							<label>$INFO[ListItem.Label2]</label>
							<animation effect="fade" start="100" end="70" time="300" tween="sine" easing="inout" condition="!Control.HasFocus(120)">Conditional</animation>
						</control>
					</focusedlayout>
				</control>
				<control type="label">
					<description>Scraper label</description>
					<left>870</left>
					<top>1020</top>
					<width>825</width>
					<height>45</height>
					<label>$LOCALIZE[31205] - $INFO[Control.GetLabel(200)]</label>
					<font>font12_title</font>
					<align>right</align>
					<textcolor>grey2</textcolor>
					<visible>false</visible>
				</control>
				<control type="label" id="200">
					<description>Scraper label</description>
					<visible>false</visible>
				</control>
			</control>
			<!-- ** Required ** Do not change <id> or <type> -->
			<!-- ** Required ** Do not change <id> or <type> -->
			<control type="group">
				<visible>!String.IsEmpty(Container(110).ListItem.Label) + !String.Contains(Container(110).ListItem.Label,@) + !String.Contains(Container(110).ListItem.Label,chorus) + !String.Contains(Container(110).ListItem.Label,lrc) + !String.Contains(Container(110).ListItem.Label,lyric) + !String.Contains(Container(110).ListItem.Label,qq) + !String.Contains(Container(110).ListItem.Label,www)</visible>
				<control type="group">
					<visible>[!String.IsEmpty(Window(Home).Property(culrc.islrc)) + Integer.IsGreater(Container(110).ListItem.Property(duration),299) + !Integer.IsGreater(Container(110).ListItem.Property(duration),1449)] | String.IsEmpty(Container(110).ListItem.Property(part4))</visible>
					<!--Short LINEA 1 & 6-->
					<control type="group">
						<left>510</left>
						<top>10</top>
						<animation effect="rotate" center="auto" start="4" end="4" time="0" condition="true">Conditional</animation>
						<control type="textbox">
							<visible>!Container(110).OnNext + !Container(110).OnPrevious + [String.EndsWith(Container(110).Currentitem,1) | String.EndsWith(Container(110).Currentitem,6)]</visible>
							<animation effect="slide" start="0,-600" end="0,0" time="200" tween="sine" easing="out" reversible="false">Visible</animation>					
							<left>-1</left>
							<top>-1</top>
							<include>line1</include>
							<label>$INFO[Container(110).ListItem.Property(part1)] $INFO[Container(110).ListItem.Property(part2)] $INFO[Container(110).ListItem.Property(part3)] $INFO[Container(110).ListItem.Property(part4)]</label>
							<textcolor>black</textcolor>
						</control>
						<control type="textbox">
							<visible>!Container(110).OnNext + !Container(110).OnPrevious + [String.EndsWith(Container(110).Currentitem,1) | String.EndsWith(Container(110).Currentitem,6)]</visible>
							<animation effect="slide" start="0,-600" end="0,0" time="200" tween="sine" easing="out" reversible="false">Visible</animation>
							<left>2</left>
							<top>2</top>
							<include>line1</include>
							<label>$INFO[Container(110).ListItem.Property(part1)] $INFO[Container(110).ListItem.Property(part2)] $INFO[Container(110).ListItem.Property(part3)] $INFO[Container(110).ListItem.Property(part4)]</label>
							<textcolor>black</textcolor>
						</control>
						<control type="textbox">
							<visible>!Container(110).OnNext + !Container(110).OnPrevious + [String.EndsWith(Container(110).Currentitem,1) | String.EndsWith(Container(110).Currentitem,6)]</visible>
							<animation effect="slide" start="0,-600" end="0,0" time="200" tween="sine" easing="out" reversible="false">Visible</animation>
							<left>0</left>
							<top>0</top>
							<include>line1</include>
							<shadowcolor>black</shadowcolor>
							<label>[COLOR=ff89d5e0]$INFO[Container(110).ListItem.Property(part1)] [/COLOR][COLOR=ffc1ddcc]$INFO[Container(110).ListItem.Property(part2)] [/COLOR][COLOR=ffe9e6bd]$INFO[Container(110).ListItem.Property(part3)] [/COLOR][COLOR=fff4ece1]$INFO[Container(110).ListItem.Property(part4)][/COLOR]</label>
						</control>
					</control>
					<!--Short LINEA 3 & 8-->
					<control type="group">
						<left>510</left>
						<top>10</top>
						<animation effect="rotate" center="auto" start="4" end="4" time="0" condition="true">Conditional</animation>
						<control type="textbox">
							<visible>!Container(110).OnNext + !Container(110).OnPrevious + [String.EndsWith(Container(110).Currentitem,3) | String.EndsWith(Container(110).Currentitem,8)]</visible>
							<animation effect="slide" start="-900,0" end="0,0" time="200" tween="sine" easing="out" reversible="false">Visible</animation>
							<label>$INFO[Container(110).ListItem.Property(part1)] $INFO[Container(110).ListItem.Property(part2)] $INFO[Container(110).ListItem.Property(part3)][CR]$INFO[Container(110).ListItem.Property(part4)]</label>
							<include>line3</include>
							<left>-1</left>
							<top>-1</top>
							<textcolor>black</textcolor>
						</control>
						<control type="textbox">
							<visible>!Container(110).OnNext + !Container(110).OnPrevious + [String.EndsWith(Container(110).Currentitem,3) | String.EndsWith(Container(110).Currentitem,8)]</visible>
							<animation effect="slide" start="-900,0" end="0,0" time="200" tween="sine" easing="out" reversible="false">Visible</animation>
							<label>$INFO[Container(110).ListItem.Property(part1)] $INFO[Container(110).ListItem.Property(part2)] $INFO[Container(110).ListItem.Property(part3)][CR]$INFO[Container(110).ListItem.Property(part4)]</label>
							<include>line3</include>
							<left>3</left>
							<top>3</top>
							<textcolor>black</textcolor>
						</control>
						<control type="textbox">
							<visible>!Container(110).OnNext + !Container(110).OnPrevious + [String.EndsWith(Container(110).Currentitem,3) | String.EndsWith(Container(110).Currentitem,8)]</visible>
							<animation effect="slide" start="-900,0" end="0,0" time="200" tween="sine" easing="out" reversible="false">Visible</animation>
							<label>[COLOR=ff124a8f]$INFO[Container(110).ListItem.Property(part1)] [/COLOR][COLOR=ff15a58f]$INFO[Container(110).ListItem.Property(part2)] [/COLOR][COLOR=ffc4e125]$INFO[Container(110).ListItem.Property(part3)][CR][/COLOR][COLOR=ffd9e898]$INFO[Container(110).ListItem.Property(part4)][/COLOR]</label>
							<include>line3</include>
							<left>0</left>
							<top>0</top>
							<shadowcolor>black</shadowcolor>
						</control>
					</control>
					<!--Short LINEA 5 & 0-->
					<control type="group">
						<left>510</left>
						<top>10</top>
						<animation effect="rotate" center="auto" start="4" end="4" time="0" condition="true">Conditional</animation>
						<control type="textbox">
							<visible>!Container(110).OnNext + !Container(110).OnPrevious + [String.EndsWith(Container(110).Currentitem,5) | String.EndsWith(Container(110).Currentitem,0)]</visible>
							<animation effect="zoom" center="auto" start="0" end="100" time="200" reversible="false">Visible</animation>
							<left>-1</left>
							<top>-1</top>
							<width>900</width>
							<height>600</height>
							<label>$INFO[Container(110).ListItem.Property(part1)] $INFO[Container(110).ListItem.Property(part2)] $INFO[Container(110).ListItem.Property(part3)][CR]$INFO[Container(110).ListItem.Property(part4)]</label>
							<font>lyrics5s</font>
							<align>center</align>
							<aligny>center</aligny>
							<textcolor>black</textcolor>
						</control>
						<control type="textbox">
							<visible>!Container(110).OnNext + !Container(110).OnPrevious + [String.EndsWith(Container(110).Currentitem,5) | String.EndsWith(Container(110).Currentitem,0)]</visible>
							<animation effect="zoom" center="auto" start="0" end="100" time="200" reversible="false">Visible</animation>
							<left>2</left>
							<top>2</top>
							<width>900</width>
							<height>600</height>
							<label>$INFO[Container(110).ListItem.Property(part1)] $INFO[Container(110).ListItem.Property(part2)] $INFO[Container(110).ListItem.Property(part3)][CR]$INFO[Container(110).ListItem.Property(part4)]</label>
							<font>lyrics5s</font>
							<align>center</align>
							<aligny>center</aligny>
							<textcolor>black</textcolor>
						</control>
						<control type="textbox">
							<visible>!Container(110).OnNext + !Container(110).OnPrevious + [String.EndsWith(Container(110).Currentitem,5) | String.EndsWith(Container(110).Currentitem,0)]</visible>
							<animation effect="zoom" center="auto" start="0" end="100" time="200" reversible="false">Visible</animation>
							<left>0</left>
							<top>0</top>
							<width>900</width>
							<height>600</height>
							<font>lyrics5s</font>
							<shadowcolor>black</shadowcolor>
							<align>center</align>
							<aligny>center</aligny>
							<label>[COLOR=ffFF9800]$INFO[Container(110).ListItem.Property(part1)] [/COLOR][COLOR=fffffaf0]$INFO[Container(110).ListItem.Property(part2)] [/COLOR][COLOR=ff00BCD4]$INFO[Container(110).ListItem.Property(part3)][/COLOR][CR][COLOR=ffF06292]$INFO[Container(110).ListItem.Property(part4)][/COLOR]</label>
						</control>
					</control>
					<!--Short LINEA 7 & 2-->
					<control type="group">
						<left>510</left>
						<top>10</top>
						<animation effect="rotate" center="auto" start="4" end="4" time="0" condition="true">Conditional</animation>
						<control type="textbox">
							<visible>!Container(110).OnNext + !Container(110).OnPrevious + [String.EndsWith(Container(110).Currentitem,7) | String.EndsWith(Container(110).Currentitem,2)]</visible>
							<animation effect="slide" start="900,0" end="0,0" time="200" tween="sine" easing="out" reversible="false">Visible</animation>
							<left>-1</left>
							<top>-1</top>
							<include>line7</include>
							<label>$INFO[Container(110).ListItem.Property(part1)] $INFO[Container(110).ListItem.Property(part2)] $INFO[Container(110).ListItem.Property(part3)][CR]$INFO[Container(110).ListItem.Property(part4)]</label>
							<textcolor>black</textcolor>
						</control>
						<control type="textbox">
							<visible>!Container(110).OnNext + !Container(110).OnPrevious + [String.EndsWith(Container(110).Currentitem,7) | String.EndsWith(Container(110).Currentitem,2)]</visible>
							<animation effect="slide" start="900,0" end="0,0" time="200" tween="sine" easing="out" reversible="false">Visible</animation>
							<left>2</left>
							<top>2</top>
							<include>line7</include>
							<label>$INFO[Container(110).ListItem.Property(part1)] $INFO[Container(110).ListItem.Property(part2)] $INFO[Container(110).ListItem.Property(part3)][CR]$INFO[Container(110).ListItem.Property(part4)]</label>
							<textcolor>black</textcolor>
						</control>
						<control type="textbox">
							<visible>!Container(110).OnNext + !Container(110).OnPrevious + [String.EndsWith(Container(110).Currentitem,7) | String.EndsWith(Container(110).Currentitem,2)]</visible>
							<animation effect="slide" start="900,0" end="0,0" time="200" tween="sine" easing="out" reversible="false">Visible</animation>
							<left>0</left>
							<top>0</top>
							<include>line7</include>
							<shadowcolor>black</shadowcolor>
							<label>[COLOR=ff99B898]$INFO[Container(110).ListItem.Property(part1)] [/COLOR][COLOR=ffFF847C]$INFO[Container(110).ListItem.Property(part2)] [/COLOR][COLOR=ffE84A5F]$INFO[Container(110).ListItem.Property(part3)][/COLOR][CR][COLOR=ffFECEA8]$INFO[Container(110).ListItem.Property(part4)][/COLOR]</label>
						</control>
					</control>
					<!--Short LINEA 9 & 4-->
					<control type="group">
						<left>510</left>
						<top>10</top>
						<animation effect="rotate" center="auto" start="4" end="4" time="0" condition="true">Conditional</animation>
						<control type="textbox">
							<visible>!Container(110).OnNext + !Container(110).OnPrevious + [String.EndsWith(Container(110).Currentitem,9) | String.EndsWith(Container(110).Currentitem,4)]</visible>
							<animation effect="zoom" center="auto" start="400" end="100" time="200" reversible="false">Visible</animation>
							<left>-1</left>
							<top>-1</top>
							<include>line9</include>
							<label>$INFO[Container(110).ListItem.Property(part1)] $INFO[Container(110).ListItem.Property(part2)] $INFO[Container(110).ListItem.Property(part3)][CR]$INFO[Container(110).ListItem.Property(part4)]</label>
							<textcolor>black</textcolor>
						</control>
						<control type="textbox">
							<visible>!Container(110).OnNext + !Container(110).OnPrevious + [String.EndsWith(Container(110).Currentitem,9) | String.EndsWith(Container(110).Currentitem,4)]</visible>
							<animation effect="zoom" center="auto" start="400" end="100" time="200" reversible="false">Visible</animation>
							<left>2</left>
							<top>2</top>
							<include>line9</include>
							<label>$INFO[Container(110).ListItem.Property(part1)] $INFO[Container(110).ListItem.Property(part2)] $INFO[Container(110).ListItem.Property(part3)][CR]$INFO[Container(110).ListItem.Property(part4)]</label>
							<textcolor>black</textcolor>
						</control>
						<control type="textbox">
							<visible>!Container(110).OnNext + !Container(110).OnPrevious + [String.EndsWith(Container(110).Currentitem,9) | String.EndsWith(Container(110).Currentitem,4)]</visible>
							<animation effect="zoom" center="auto" start="400" end="100" time="200" reversible="false">Visible</animation>
							<left>0</left>
							<top>0</top>
							<include>line9</include>
							<shadowcolor>black</shadowcolor>
							<label>[COLOR=ffFF4E50]$INFO[Container(110).ListItem.Property(part1)] [/COLOR][COLOR=ffFC913A]$INFO[Container(110).ListItem.Property(part2)] [/COLOR][COLOR=ffF9D423]$INFO[Container(110).ListItem.Property(part3)][/COLOR][CR][COLOR=ffEDE574]$INFO[Container(110).ListItem.Property(part4)][/COLOR]</label>
						</control>
					</control>
				</control>	
				<control type="group">
					<visible>!String.IsEmpty(Container(110).ListItem.Property(part4)) + [Integer.IsGreater(Container(110).ListItem.Property(duration),1449) | String.IsEmpty(Window(Home).Property(culrc.islrc))]</visible>
					<!--LINEA 1-->
					<include content="Dem_lyr1">
					</include>
					<include content="Dem_lyr1">
						<param name="left1">4</param>
						<param name="top1">254</param>
					</include>
					<include content="Dem_lyr1">
						<param name="colorlyr11">ff4cb050</param>
						<param name="colorlyr12">fffec106</param>
						<param name="colorlyr13">ff2095f4</param>
						<param name="colorlyr14">fffffaf0</param>
						<param name="left1">1</param>
						<param name="top1">251</param>
					</include>
					<!--LINEA 2-->
					<control type="grouplist">
						<left>0</left>
					      <top>199</top>
					      <width>1920</width>
					      <height>100</height>
					      <itemgap>10</itemgap>
					      <scrolltime>0</scrolltime>
					      <orientation>horizontal</orientation>
					      <visible>true</visible>
					      <align>center</align>
						<include content="Dem_lyr2">
						</include>
					</control>
					<control type="grouplist">
						<left>4</left>
					      <top>203</top>
					      <width>1920</width>
					      <height>100</height>
					      <itemgap>10</itemgap>
					      <scrolltime>0</scrolltime>
					      <orientation>horizontal</orientation>
					      <visible>true</visible>
					      <align>center</align>
						<include content="Dem_lyr2">
						</include>
					</control>
					<control type="grouplist">
						<left>1</left>
					      <top>200</top>
					      <width>1920</width>
					      <height>100</height>
					      <itemgap>10</itemgap>
					      <scrolltime>0</scrolltime>
					      <orientation>horizontal</orientation>
					      <visible>true</visible>
					      <align>center</align>
						<include content="Dem_lyr2">
							<param name="colorlyr21">ff69bbd3</param>
							<param name="colorlyr22">ffe16b6b</param>
							<param name="colorlyr23">fff8e950</param>
						</include>
					</control>
					<include content="Dem_lyr2b">
						<param name="left2b">509</param>
						<param name="top2b">223</param>
					</include>
					<include content="Dem_lyr2b">
						<param name="left2b">513</param>
						<param name="top2b">227</param>
					</include>
					<include content="Dem_lyr2b">
						<param name="colorlyr2b">fffffaf0</param>
					</include>
					<!--LINEA 3-->
					<include content="Dem_lyr3">
					</include>
					<include content="Dem_lyr3">
						<param name="left3">24</param>
						<param name="top3">-16</param>
					</include>
					<include content="Dem_lyr3">
						<param name="colorlyr31">ff00E676</param>
						<param name="colorlyr32">fffffaf0</param>
						<param name="colorlyr33">ffFB8C00</param>
						<param name="colorlyr34">ffB39DDB</param>
						<param name="left3">21</param>
						<param name="top3">-19</param>
					</include>
					<!--LINEA 4-->
					<include content="Dem_lyr4">
					</include>
					<include content="Dem_lyr4">
						<param name="left4">4</param>
						<param name="top4">254</param>
					</include>
					<include content="Dem_lyr4">
						<param name="colorlyr41">ffef4051</param>
						<param name="colorlyr42">ff51bbb7</param>
						<param name="colorlyr43">fffab649</param>
						<param name="colorlyr44">ff84efbb</param>
						<param name="left4">1</param>
						<param name="top4">251</param>
					</include>
					<!--LINEA 5-->
					<control type="grouplist">
						<left>0</left>
					      <top>199</top>
					      <width>1920</width>
					      <height>100</height>
					      <itemgap>10</itemgap>
					      <scrolltime>0</scrolltime>
					      <orientation>horizontal</orientation>
					      <visible>true</visible>
					      <align>center</align>
						<include content="Dem_lyr5">
						</include>
					</control>
					<control type="grouplist">
						<left>4</left>
					      <top>203</top>
					      <width>1920</width>
					      <height>100</height>
					      <itemgap>10</itemgap>
					      <scrolltime>0</scrolltime>
					      <orientation>horizontal</orientation>
					      <visible>true</visible>
					      <align>center</align>
						<include content="Dem_lyr5">
						</include>
					</control>
					<control type="grouplist">
						<left>1</left>
					      <top>200</top>
					      <width>1920</width>
					      <height>100</height>
					      <itemgap>10</itemgap>
					      <scrolltime>0</scrolltime>
					      <orientation>horizontal</orientation>
					      <visible>true</visible>
					      <align>center</align>
						<include content="Dem_lyr5">
							<param name="colorlyr51">ffa70267</param>
							<param name="colorlyr52">ff339194</param>
							<param name="colorlyr53">fffb6b41</param>
						</include>
					</control>
					<include content="Dem_lyr5b">
						<param name="left5b">509</param>
						<param name="top5b">229</param>
					</include>
					<include content="Dem_lyr5b">
						<param name="left5b">513</param>
						<param name="top5b">233</param>
					</include>
					<include content="Dem_lyr5b">
						<param name="colorlyr5b">fff6d86b</param>
					</include>
					<!--LINEA 6-->
					<include content="Dem_lyr6">
					</include>
					<include content="Dem_lyr6">
						<param name="left6">174</param>
						<param name="top6">4</param>
					</include>
					<include content="Dem_lyr6">
						<param name="colorlyr61">ff00a1b3</param>
						<param name="colorlyr62">ffe5e140</param>
						<param name="colorlyr63">ffa70267</param>
						<param name="colorlyr64">ffcbf0e9</param>
						<param name="left6">171</param>
						<param name="top6">1</param>
					</include>
					<!--LINEA 7-->
					<control type="grouplist">
						<left>0</left>
					      <top>199</top>
					      <width>1920</width>
					      <height>100</height>
					      <itemgap>3</itemgap>
					      <scrolltime>0</scrolltime>
					      <orientation>horizontal</orientation>
					      <visible>true</visible>
					      <align>center</align>
						<include content="Dem_lyr7">
						</include>
					</control>
					<control type="grouplist">
						<left>4</left>
					      <top>203</top>
					      <width>1920</width>
					      <height>100</height>
					      <itemgap>3</itemgap>
					      <scrolltime>0</scrolltime>
					      <orientation>horizontal</orientation>
					      <visible>true</visible>
					      <align>center</align>
						<include content="Dem_lyr7">
						</include>
					</control>
					<control type="grouplist">
						<left>1</left>
					      <top>200</top>
					      <width>1920</width>
					      <height>100</height>
					      <itemgap>3</itemgap>
					      <scrolltime>0</scrolltime>
					      <orientation>horizontal</orientation>
					      <visible>true</visible>
					      <align>center</align>
						<include content="Dem_lyr7">
							<param name="colorlyr71">ff607D8B</param>
							<param name="colorlyr72">ffFF6B6B</param>
							<param name="colorlyr73">ff4ECDC4</param>
						</include>
					</control>
					<include content="Dem_lyr7b">
						<param name="left7b">509</param>
						<param name="top7b">229</param>
					</include>
					<include content="Dem_lyr7b">
						<param name="left7b">513</param>
						<param name="top7b">233</param>
					</include>
					<include content="Dem_lyr7b">
						<param name="colorlyr7b">ffC7F464</param>
					</include>
					<!--LINEA 8-->
					<include content="Dem_lyr8">
					</include>
					<include content="Dem_lyr8">
						<param name="left8">4</param>
						<param name="top8">154</param>
					</include>
					<include content="Dem_lyr8">
						<param name="colorlyr81">ffFF9800</param>
						<param name="colorlyr82">fffffaf0</param>
						<param name="colorlyr83">ff00BCD4</param>
						<param name="colorlyr84">ffF06292</param>
						<param name="left8">1</param>
						<param name="top8">151</param>
					</include>
					<!--LINEA 9-->
					<include content="Dem_lyr9">
					</include>
					<include content="Dem_lyr9">
						<param name="left9">14</param>
						<param name="top9">4</param>
					</include>
					<include content="Dem_lyr9">
						<param name="colorlyr91">ffEA80FC</param>
						<param name="left9">11</param>
						<param name="top9">1</param>
					</include>
					<include content="Dem_lyr9b">
					</include>
					<include content="Dem_lyr9b">
						<param name="left9b">14</param>
						<param name="top9b">184</param>
					</include>
					<include content="Dem_lyr9b">
						<param name="colorlyr92b">ffFFEB3B</param>
						<param name="colorlyr93b">ff4DD0E1</param>
						<param name="left9b">11</param>
						<param name="top9b">181</param>
					</include>
					<include content="Dem_lyr9c">
					</include>
					<include content="Dem_lyr9c">
						<param name="left9c">14</param>
						<param name="top9c">4</param>
					</include>
					<include content="Dem_lyr9c">
						<param name="colorlyr94">fffffaf0</param>
						<param name="left9c">11</param>
						<param name="top9c">1</param>
					</include>
					<!--LINEA 0-->
					<include content="Dem_lyr0">
					</include>
					<include content="Dem_lyr0">
						<param name="left0">14</param>
						<param name="top0">4</param>
					</include>
					<include content="Dem_lyr0">
						<param name="colorlyr01">fff7cb03</param>
						<param name="colorlyr02">ffe6227c</param>
						<param name="colorlyr03">ff76105f</param>
						<param name="colorlyr04">ffFFFDE7</param>
						<param name="left0">11</param>
						<param name="top0">1</param>
					</include>
				</control>
			</control>	
		</control>
	</include>


</includes>