<?xml version="1.0" encoding="UTF-8"?>
<window type="dialog" id="1100">
	<zorder>100</zorder>
	<visible>Skin.HasSetting(dev.grid) | Skin.HasSetting(dev.overlay)</visible>
	<controls>

		<!-- Grid -->
		<control type="group">
			<visible>Skin.HasSetting(dev.grid)</visible>
			<control type="image">
				<include>screen_Dimensions</include>
				<texture>$VAR[window:Grid.Debug]</texture>
				<colordiffuse>ffffffff</colordiffuse>
				<aspectratio>keep</aspectratio>
			</control>
		</control>

		<!-- Info -->
		<control type="group">
			<height>screen_Height</height>
			<visible>Skin.HasSetting(dev.overlay)</visible>
			<control type="grouplist">
				<height>screen_Height</height>
				<itemgap>0</itemgap>
				
				<!-- System -->
				<control type="button" id="200">
					<label>System</label>
					<include>debug_Header</include>
				</control>
				<control type="button" id="205">
					<label>CPU: $INFO[System.CpuUsage]</label>
					<include>debug_Label</include>
				</control>
				<control type="button" id="210">
					<label>RAM: $INFO[System.Memory(used.percent)] used</label>
					<include>debug_Label</include>
				</control>

				<!-- Window -->
				<control type="button">
					<label>Window</label>
					<include>debug_Header</include>
				</control>
				<control type="button">
					<label>System.Window: $INFO[System.CurrentWindow]</label>
					<include>debug_Label</include>
				</control>
				<control type="button">
					<label>System.CurrentControl: $INFO[System.CurrentControl] $INFO[System.CurrentControlID, (ID=,)]</label>
					<include>debug_Label</include>
				</control>

				<!-- Content -->
				<control type="button">
					<label>Content</label>
					<include>debug_Header</include>
				</control>
				<control type="button">
					<label>Container.ViewMode: $INFO[Container.Viewmode, - ]</label>
					<include>debug_Label</include>
				</control>
				<control type="button">
					<label>Container.Content: $INFO[Container.Content]</label>
					<include>debug_Label</include>
				</control>
				<control type="button">
					<label>Container.FolderName: $INFO[Container.FolderName]</label>
					<include>debug_Label</include>
				</control>

				<!-- Path -->
				<control type="button">
					<label>Path</label>
					<include>debug_Header</include>
				</control>
				<control type="button">
					<label>Container.FolderPath: $INFO[Container.FolderPath]</label>
					<include>debug_Label</include>
				</control>
				<control type="button">
					<label>ListItem.FileNameAndPath: $INFO[ListItem.FileNameAndPath]</label>
					<include>debug_Label</include>
				</control>
				<control type="button">
					<label>ListItem.FolderPath: $INFO[ListItem.FolderPath]</label>
					<include>debug_Label</include>
				</control>

				<!-- Labels -->
				<control type="button">
					<label>Labels</label>
					<include>debug_Header</include>
				</control>
				<control type="button">
					<label>ListItem.Label: $INFO[ListItem.Label]</label>
					<include>debug_Label</include>
				</control>
				<control type="button">
					<label>ListItem.Label2: $INFO[ListItem.Label2]</label>
					<include>debug_Label</include>
				</control>
				<control type="button">
					<label>ListItem.DBTYPE: $INFO[ListItem.DBTYPE]</label>
					<include>debug_Label</include>
				</control>
				<control type="button">
					<label>ListItem.DBID: $INFO[ListItem.DBID]</label>
					<include>debug_Label</include>
				</control>
				<!-- Artwork -->
				<control type="button">
					<label>Artwork</label>
					<include>debug_Header</include>
				</control>
				<control type="button">
					<label>ListItem.Icon: $INFO[ListItem.Icon]</label>
					<include>debug_Label</include>
				</control>
				<control type="button">
					<label>ListItem.ActualIcon: $INFO[ListItem.ActualIcon]</label>
					<include>debug_Label</include>
				</control>
				<control type="button">
					<label>ListItem.Art(thumb): $INFO[ListItem.Art(thumb)]</label>
					<include>debug_Label</include>
				</control>
				<control type="button">
					<label>ListItem.Art(poster): $INFO[ListItem.Art(poster)]</label>
					<include>debug_Label</include>
				</control>
				<control type="button">
					<label>ListItem.Art(banner): $INFO[ListItem.Art(banner)]</label>
					<include>debug_Label</include>
				</control>
				<control type="button">
					<label>ListItem.Art(tvshow.banner): $INFO[ListItem.Art(tvshow.banner)]</label>
					<include>debug_Label</include>
				</control>
				<control type="button">
					<label>ListItem.Art(fanart): $INFO[ListItem.Art(fanart)]</label>
					<include>debug_Label</include>
				</control>
				<control type="button">
					<label>ListItem.Art(set.fanart): $INFO[ListItem.Art(set.fanart)]</label>
					<include>debug_Label</include>
				</control>
				<control type="button">
					<label>ListItem.Overlay: $INFO[ListItem.Overlay]</label>
					<include>debug_Label</include>
				</control>
				<control type="button">
					<label>ListItem.Art(landcape): $INFO[ListItem.Art(landscape)]</label>
					<include>debug_Label</include>
				</control>
				<control type="button">
					<label>ListItem.Art(clearlogo): $INFO[ListItem.Art(clearlogo)]</label>
					<include>debug_Label</include>
				</control>
				<control type="button">
					<label>ListItem.Art(tvshow.clearlogo): $INFO[ListItem.Art(tvshow.clearlogo)]</label>
					<include>debug_Label</include>
				</control>
				<control type="button">
					<label>ListItem.Art(clearart): $INFO[ListItem.Art(clearart)]</label>
					<include>debug_Label</include>
				</control>
				<control type="button">
					<label>Container.Art(season.poster): $INFO[Container.Art(season.poster)]</label>
					<include>debug_Label</include>
				</control>
				<control type="button">
					<label>Container.Art(tvshow.fanart): $INFO[Container.Art(tvshow.fanart)]</label>
					<include>debug_Label</include>
				</control>
			</control>
		</control>
	</controls>
</window>