<?xml version="1.0" encoding="UTF-8"?>
<window type="dialog">
	<defaultcontrol>160</defaultcontrol>
	<controls>

	<!--global includes-->
		<include>background_Global</include>

	<!--window chrome-->		
		<control type="group">
			<include>transition_Chrome</include>
			<include content="global_WindowChrome">
				<param name="Title">$VAR[window:Title.Player]</param>
			</include>

		<!--content-->
			<control type="group">
				<top>108</top>
				<left>128</left>

			<!--filename header-->
				<control type="label">
					<width>1664</width>
					<height>90</height>
					<label>$INFO[Player.Filename]</label>
					<haspath>true</haspath>
					<include>global_Header</include>
				</control>

			<!--manual search-->
				<control type="group">
					<top>90</top>
					<control type="button" id="160">
						<width>448</width>
						<textoffsetx>140</textoffsetx>
						<textwidth>448</textwidth>
						<label>$LOCALIZE[31566]</label>
						<font>Black-22</font>
						<onup condition="Integer.IsGreater(Container(150).NumItems(0))">Control.SetFocus(150,9)</onup>
						<onup condition="!Integer.IsGreater(Container(150).NumItems(0))">170</onup>
						<ondown>170</ondown>
						<onright>120</onright>
						<texturenofocus></texturenofocus>
					</control>
					<control type="image">
						<width>108</width>
						<height>90</height>
						<texture colordiffuse="ff000000">colorize/10.png</texture>
						<aspectratio>stretch</aspectratio>
					</control>
					<control type="label">
						<label>&#57488;</label>
						<font>Symbols-26</font>
						<width>108</width>
						<align>center</align>
						<aligny>center</aligny>
					</control>
					<control type="label">
						<label>&#57488;</label>
						<textcolor>$VAR[color:Main]</textcolor>
						<font>Symbols-26</font>
						<width>108</width>
						<align>center</align>
						<aligny>center</aligny>
						<visible>Control.HasFocus(160)</visible>
					</control>
				</control>

			<!-- Subtitle settings -->
				<control type="group">
					<top>180</top>
					<control type="button" id="170">
						<width>448</width>
						<textoffsetx>140</textoffsetx>
						<textwidth>448</textwidth>
						<label>$LOCALIZE[31375]</label>
						<font>Black-22</font>
						<onclick>Close</onclick>
						<onclick condition="VideoPlayer.Content(episodes)">ActivateWindowAndFocus(playersettings,-96,0,-60,0)</onclick>
						<onclick condition="VideoPlayer.Content(movies)">ActivateWindowAndFocus(playersettings,-96,0,-59,0)</onclick>
						<onup>160</onup>
						<ondown condition="Integer.IsGreater(Container(150).NumItems(0))">Control.SetFocus(150,0)</ondown>
						<ondown condition="!Integer.IsGreater(Container(150).NumItems(0))">160</ondown>
						<onright>120</onright>
						<texturenofocus></texturenofocus>
					</control>
					<control type="image">
						<width>108</width>
						<height>90</height>
						<texture colordiffuse="ff000000">colorize/10.png</texture>
						<aspectratio>stretch</aspectratio>
					</control>
					<control type="label">
						<label>&#59014;</label>
						<font>Symbols-26</font>
						<width>108</width>
						<align>center</align>
						<aligny>center</aligny>
					</control>
					<control type="label">
						<label>&#59014;</label>
						<textcolor>$VAR[color:Main]</textcolor>
						<font>Symbols-26</font>
						<width>108</width>
						<align>center</align>
						<aligny>center</aligny>
						<visible>Control.HasFocus(170)</visible>
					</control>
				</control>

			<!--services-->
				<control type="label">
					<top>270</top>
					<width>448</width>
					<height>90</height>
					<include>global_Header</include>
					<label>$LOCALIZE[24018]</label>
				</control>
			
				<control type="list" id="150">
					<top>360</top>
					<height>540</height>
					<onright>120</onright>
					<onup>170</onup>
					<ondown>160</ondown>
					<include>view_List-Commons</include>
					<itemlayout width="448" height="90">
						<control type="image">
							<width>108</width>
							<height>90</height>
							<texture colordiffuse="ff000000">colorize/10.png</texture>
							<aspectratio>stretch</aspectratio>
						</control>
						<control type="label">
							<label>$VAR[symbol:Subtitles]</label>
							<textcolor>$VAR[color:Text.3]</textcolor>
							<selectedcolor>$VAR[color:Accent]</selectedcolor>
							<font>Symbols-26</font>
							<width>108</width>
							<align>center</align>
							<aligny>center</aligny>
						</control>
						<control type="label">
							<left>140</left>
							<width>276</width>
							<height>90</height>
							<aligny>center</aligny>
							<font>Black-22</font>
							<label>$INFO[ListItem.Label]</label>
							<selectedcolor>$VAR[color:Accent]</selectedcolor>
							<textcolor>$VAR[color:Accent]</textcolor>
						</control>
					</itemlayout>
					<focusedlayout width="448" height="90">
						<control type="image">
							<width>448</width>
							<height>90</height>
							<texture colordiffuse="$VAR[color:Accent]">colorize/20.png</texture>
							<aspectratio>stretch</aspectratio>
							<visible>!Control.HasFocus(150) + !Control.HasFocus(160) + !Control.HasFocus(170)</visible>
						</control>
						<control type="image">
							<width>448</width>
							<height>90</height>
							<texture colordiffuse="$VAR[color:Accent]">colorize/75.png</texture>
							<aspectratio>stretch</aspectratio>
							<visible>Control.HasFocus(150)</visible>
						</control>
						<control type="image">
							<width>108</width>
							<height>90</height>
							<texture colordiffuse="ff000000">colorize/10.png</texture>
							<aspectratio>stretch</aspectratio>
						</control>
						<control type="label">
							<label>$VAR[symbol:Subtitles]</label>
							<textcolor>$VAR[color:Text.3]</textcolor>
							<selectedcolor>$VAR[color:Accent]</selectedcolor>
							<font>Symbols-26</font>
							<width>108</width>
							<align>center</align>
							<aligny>center</aligny>
							<visible>!Control.HasFocus(150)</visible>
						</control>
						<control type="label">
							<label>$VAR[symbol:Subtitles]</label>
							<textcolor>$VAR[color:Main]</textcolor>
							<selectedcolor>$VAR[color:Main]</selectedcolor>
							<font>Symbols-26</font>
							<width>108</width>
							<align>center</align>
							<aligny>center</aligny>
							<visible>Control.HasFocus(150)</visible>
						</control>
						<control type="group">
							<left>140</left>
							<control type="label">
								<width>276</width>
								<height>90</height>
								<aligny>center</aligny>
								<font>Black-22</font>
								<label>$INFO[ListItem.Label]</label>
								<textcolor>$VAR[color:Main]</textcolor>
								<selectedcolor>$VAR[color:Main]</selectedcolor>
								<visible>Control.HasFocus(150)</visible>
							</control>
							<control type="label">
								<width>276</width>
								<height>90</height>
								<aligny>center</aligny>
								<font>Black-22</font>
								<label>$INFO[ListItem.Label]</label>
								<textcolor>$VAR[color:Accent]</textcolor>
								<selectedcolor>$VAR[color:Accent]</selectedcolor>
								<visible>!Control.HasFocus(150)</visible>
							</control>
						</control>
					</focusedlayout>
				</control>

			<!--search results-->
				<control type="group">
					<left>512</left>
					<control type="list" id="120">
						<top>90</top>
						<onleft>150</onleft>
						<onup>120</onup>
						<ondown>120</ondown>
						<height>810</height>
						<itemlayout width="1152" height="90">
							<control type="image">
								<width>90</width>
								<height>90</height>
								<texture colordiffuse="ff000000">colorize/10.png</texture>
								<aspectratio>stretch</aspectratio>
							</control>
							<control type="image">
								<left>13</left>
								<top>13</top>
								<width>64</width>
								<height>64</height>
								<aspectratio>keep</aspectratio>
								<texture>$INFO[ListItem.Art(thumb),subtitles/,.png]</texture>
							</control>
							<control type="group">
								<left>108</left>
								<control type="label">
									<top>15</top>
									<width>1058</width>
									<height>45</height>
									<aligny>bottom</aligny>
									<font>Black-24</font>
									<label>$INFO[ListItem.Label]</label>
									<textcolor>$VAR[color:Accent]</textcolor>
								</control>
								<control type="label">
									<top>45</top>
									<width>1058</width>
									<height>45</height>
									<aligny>top</aligny>
									<font>Regular-20</font>
									<label>$INFO[ListItem.Label2]</label>
									<textcolor>$VAR[color:Text.2]</textcolor>
								</control>
							</control>
						</itemlayout>
						<focusedlayout width="1152" height="90">
							<control type="image">
								<width>90</width>
								<height>90</height>
								<texture colordiffuse="ff000000">colorize/20.png</texture>
								<aspectratio>stretch</aspectratio>
								<visible>!Control.HasFocus(120)</visible>
							</control>
							<control type="image">
								<width>1152</width>
								<height>90</height>
								<texture colordiffuse="$VAR[color:Accent]">colorize/75.png</texture>
								<aspectratio>stretch</aspectratio>
								<visible>Control.HasFocus(120)</visible>
							</control>
							<control type="image">
								<left>13</left>
								<top>13</top>
								<width>64</width>
								<height>64</height>
								<aspectratio>keep</aspectratio>
								<texture>$INFO[ListItem.Art(thumb),subtitles/,.png]</texture>
							</control>
							<control type="group">
								<left>108</left>
								<visible>Control.HasFocus(120)</visible>
								<control type="label">
									<top>15</top>
									<width>1058</width>
									<height>45</height>
									<aligny>bottom</aligny>
									<font>Black-24</font>
									<label>$INFO[ListItem.Label]</label>
									<textcolor>$VAR[color:Main]</textcolor>
								</control>
								<control type="label">
									<top>45</top>
									<width>1058</width>
									<height>45</height>
									<aligny>top</aligny>
									<font>Regular-20</font>
									<label>$INFO[ListItem.Label2]</label>
									<textcolor>$VAR[color:Main]</textcolor>
								</control>
							</control>
							<control type="group">
								<left>108</left>
								<visible>!Control.HasFocus(120)</visible>
								<control type="label">
									<top>15</top>
									<width>1058</width>
									<height>45</height>
									<aligny>bottom</aligny>
									<font>Black-24</font>
									<label>$INFO[ListItem.Label]</label>
									<textcolor>$VAR[color:Accent]</textcolor>
								</control>
								<control type="label">
									<top>45</top>
									<width>1058</width>
									<height>45</height>
									<aligny>top</aligny>
									<font>Regular-20</font>
									<label>$INFO[ListItem.Label2]</label>
									<textcolor>$VAR[color:Text.2]</textcolor>
								</control>
							</control>
						</focusedlayout>
					</control>
				</control>
			</control>
		</control>
	</controls>
</window>