<?xml version="1.0" encoding="UTF-8"?>
<includes>

	 <include name="Burns">
	 	<animation type="Conditional" condition="Skin.HasSetting(burns.enable) + ![Skin.HasSetting(home.fx.home.image) + Window.IsActive(Home)]" loop="true">
 			<effect type="zoom" center="960,540" start="100" end="120" time="10000" tween="Sine" easing="InOut"/>
 			<effect type="zoom" center="960,540" start="120" end="100" time="10000" tween="Sine" easing="InOut" delay="10000"/>
 		</animation>
	</include>

	<include name="UnfocusList">
		<param name="FadeCondition" default="false"/>
		<definition>
			<animation type="Conditional" condition="$PARAM[FadeCondition]">
				<effect type="Fade" start="100" end="25" time="150"/>
			</animation>
		</definition>
	</include>

	<include name="slide_Clock">
		<animation effect="slide" end="0,-108" time="300" tween="Sine" easing="In" condition="Window.IsActive(Home) + String.IsEqual(Skin.String(homemenu.layout),horizontal) + !String.IsEqual(Window(Home).Property(ShowClock),true)">Conditional</animation>
	</include>


<!--global-->
	<include name="fadeinout">
		<animation type="WindowOpen">
			<effect type="Fade" start="0" end="100" time="350" />
		</animation>
		<animation type="WindowClose">
			<effect type="Fade" start="100" end="0" time="250" />
		</animation>
		<animation type="Visible">
			<effect type="Fade" start="0" end="100" time="250" />
		</animation>
		<animation type="Hidden">
			<effect type="Fade" start="100" end="0" time="150" />
		</animation>
	</include>

	<include name="fadeout">
		<animation type="WindowClose">
			<effect type="Fade" start="100" end="0" time="250" />
		</animation>
		<animation type="Hidden">
			<effect type="Fade" start="100" end="0" time="150" />
		</animation>
	</include>

	<include name="transition_ViewChange">
		<animation type="WindowOpen">
			<effect type="Fade" start="0" end="100" time="350" />
		</animation>
		<animation type="WindowClose">
			<effect type="Fade" start="100" end="0" time="150" />
		</animation>
		<animation type="Visible">
			<effect type="Fade" start="0" end="100" time="350" />
		</animation>
		<animation type="Hidden">
			<effect type="Fade" start="100" end="0" time="150" />
		</animation>
	</include>


<!--transitions-->
	<include name="transition_HomeAlt">
		<animation type="WindowClose">
			<effect type="Fade" time="transition_Close" start="100" end="0" tween="cubic" easing="InOut"/>
			<effect type="slide" time="transition_Close" start="0,0"  end="0,172" tween="Sine" easing="InOut" center="auto" />
		</animation>
		<animation type="WindowOpen">
			<effect type="Fade" time="transition_Open" start="0" end="100" tween="cubic" easing="InOut"/>
			<effect type="slide" time="transition_Open" start="0,172"  end="0,0" tween="Sine" easing="InOut" center="auto" />
		</animation>

	</include>

	<include name="transition_Content">
		<animation type="WindowOpen">
			<effect type="Fade" time="transition_Open" start="0" end="100" tween="Sine" easing="InOut"/>
			<effect type="slide" time="transition_Open" start="0,108"  end="0,0" tween="Sine" easing="InOut" center="auto" />
		</animation>			
		<animation type="WindowClose">
			<effect type="Fade" time="transition_Close" start="100" end="0" tween="Sine" easing="InOut"/>
			<effect type="slide" time="transition_Close" start="0,0"  end="0,108" tween="Sine" easing="InOut" center="auto" />
		</animation>
		<animation type="Visible">
			<effect type="Fade" time="transition_Open" start="0" end="100" tween="Sine" easing="InOut"/>
			<effect type="slide" time="transition_Open" start="0,108"  end="0,0" tween="Sine" easing="InOut" center="auto" />
		</animation>			
		<animation type="Hidden">
			<effect type="Fade" time="transition_Close" start="100" end="0" tween="Sine" easing="InOut"/>
			<effect type="slide" time="transition_Close" start="0,0"  end="0,108" tween="Sine" easing="InOut" center="auto" />
		</animation>
	</include>

	<include name="transition_Fullscreen">
		<animation type="WindowOpen">
			<effect type="Fade" time="transition_Open" start="0" end="100" tween="Sine" easing="InOut"/>
		</animation>			
		<animation type="WindowClose">
			<effect type="Fade" time="transition_Close" start="100" end="0" tween="Sine" easing="InOut"/>
		</animation>
		<animation type="Visible">
			<effect type="Fade" time="transition_Open" start="0" end="100" tween="Sine" easing="InOut"/>
		</animation>			
		<animation type="Hidden">
			<effect type="Fade" time="transition_Close" start="100" end="0" tween="Sine" easing="InOut"/>
		</animation>
	</include>

	<include name="transition_Chrome">
		<animation type="WindowOpen">
			<effect type="Fade" time="transition_Open" start="0" end="100" tween="Sine" easing="InOut"/>
			<effect type="slide" time="transition_Open" start="0,-108"  end="0,0" tween="Sine" easing="InOut" center="auto" />
		</animation>
		<animation type="WindowClose">
			<effect type="Fade" time="transition_Close" start="100" end="0" tween="Sine" easing="InOut"/>
			<effect type="slide" time="transition_Close" start="0,0"  end="0,-108" tween="Sine" easing="InOut" center="auto" />
		</animation>
		<animation type="Visible">
			<effect type="Fade" time="transition_Open" start="0" end="100" tween="Sine" easing="InOut"/>
			<effect type="slide" time="transition_Open" start="0,-108"  end="0,0" tween="Sine" easing="InOut" center="auto" />
		</animation>
		<animation type="Hidden">
			<effect type="Fade" time="transition_Close" start="100" end="0" tween="Sine" easing="InOut"/>
			<effect type="slide" time="transition_Close" start="0,0"  end="0,-108" tween="Sine" easing="InOut" center="auto" />
		</animation>
	</include>

	<include name="transition_Background">
		<animation type="WindowClose">
			<effect type="Fade" time="transition_Close" start="100" end="0" tween="cubic" easing="InOut"/>
		</animation>
		<animation type="WindowOpen">
			<effect type="Fade" time="transition_Open" start="0" end="100" tween="cubic" easing="InOut"/>
		</animation>
		<animation type="Hidden">
			<effect type="Fade" time="transition_Close" start="100" end="0" tween="cubic" easing="InOut"/>
		</animation>
		<animation type="Visible">
			<effect type="Fade" time="transition_Open" start="0" end="100" tween="cubic" easing="InOut"/>
		</animation>
	</include>


<!--toggles-->
	<include name="toggle_Menu">
		<animation type="Conditional" condition="ControlGroup(4998).HasFocus()">
			<effect type="slide" end="384" tween="Sine" easing="Out" time="transition_Open"/>
		</animation>
		<animation type="Conditional" condition="!ControlGroup(4998).HasFocus()">
			<effect type="slide" end="0" tween="Sine" easing="Out" time="transition_Close"/>
		</animation>
	</include>

	<include name="toggle_Focus">
		<animation type="Conditional" condition="$EXP[!Views.ListHasFocus]">
			<effect type="Fade" start="100" end="0" time="150"/>
		</animation>
	</include>

</includes>