<?xml version="1.0" encoding="UTF-8"?>
<window>
	<defaultcontrol>5500</defaultcontrol>
	<menucontrol>7000</menucontrol>
	<onload>SetFocus(9050)</onload>
	<controls>

		<!-- Menu trigger -->
		<control type="button" id="5500">
			<onleft>7000</onleft>
			<onfocus>SetFocus(9050)</onfocus>
			<onup>9050</onup>
			<ondown>9050</ondown>
			<visible allowhiddenfocus="true">false</visible>
		</control>

		<!-- Chrome -->
		<control type="group">
			<include>toggle_Menu</include>
			<include content="background_Global">
				<param name="GridTexture">overlays/400.png</param>
				<param name="BackgroundPath">$VAR[background:TVGuide]</param>
			</include>

			<!-- Chrome -->
			<control type="group">
				<include>transition_Chrome</include>
				<include content="global_WindowChrome">
					<param name="Title">$VAR[window:Title.Addons]</param>
				</include>
			</control>

			<!-- Content -->
			<control type="group">
				<include>transition_Content</include>
				<control type="grouplist" id="9050">
					<left>0</left>
					<top>108</top>
					<width>1920</width>
					<height>972</height>
					<onup>noop</onup>
					<ondown>noop</ondown>
					<include>global_ListScroll</include>
					<orientation>vertical</orientation>
					<!-- Monday -->
					<control type="group" id="100">
						<width>1920</width>
						<height>432</height>
						<visible>Integer.IsGreater(Container(200).NumItems,0)</visible>
						<include content="tvguide_Date">
							<param name="Day">$INFO[Window(Home).Property(NextAired.200.Wday)]</param>
							<param name="Date">$INFO[Window(Home).Property(NextAired.200.Date)]</param>
						</include>
						<control type="list" id="200">
							<include>tvguide_Container</include>
							<onup>noop</onup>
							<ondown>101</ondown>
							<include content="tvguide_Layout">
								<param name="ID">200</param>
							</include>
						</control>
					</control>	
					<!-- Tuesday -->	
					<control type="group" id="101">
						<height>432</height>
						<visible>Integer.IsGreater(Container(201).NumItems,0)</visible>
						<include content="tvguide_Date">
							<param name="Day">$INFO[Window(Home).Property(NextAired.201.Wday)]</param>
							<param name="Date">$INFO[Window(Home).Property(NextAired.201.Date)]</param>
						</include>
						<control type="list" id="201">
							<include>tvguide_Container</include>
							<onup>100</onup>
							<ondown>102</ondown>
							<include content="tvguide_Layout">
								<param name="ID">201</param>
							</include>
						</control>
					</control>
					<!-- Wednesday -->
					<control type="group" id="102">
						<height>432</height>
						<visible>Integer.IsGreater(Container(202).NumItems,0)</visible>
						<include content="tvguide_Date">
							<param name="Day">$INFO[Window(Home).Property(NextAired.202.Wday)]</param>
							<param name="Date">$INFO[Window(Home).Property(NextAired.202.Date)]</param>
						</include>
						<control type="list" id="202">
							<include>tvguide_Container</include>
							<onup>101</onup>
							<ondown>103</ondown>
							<include content="tvguide_Layout">
								<param name="ID">202</param>
							</include>
						</control>
					</control>
					<!-- Thursday -->
					<control type="group" id="103">
						<height>432</height>
						<visible>Integer.IsGreater(Container(203).NumItems,0)</visible>
						<include content="tvguide_Date">
							<param name="Day">$INFO[Window(Home).Property(NextAired.203.Wday)]</param>
							<param name="Date">$INFO[Window(Home).Property(NextAired.203.Date)]</param>
						</include>
						<control type="list" id="203">
							<include>tvguide_Container</include>
							<onup>102</onup>
							<ondown>104</ondown>
							<include content="tvguide_Layout">
								<param name="ID">203</param>
							</include>
						</control>
					</control>
					<!-- Friday -->
					<control type="group" id="104">
						<height>432</height>
						<visible>Integer.IsGreater(Container(204).NumItems,0)</visible>
						<include content="tvguide_Date">
							<param name="Day">$INFO[Window(Home).Property(NextAired.204.Wday)]</param>
							<param name="Date">$INFO[Window(Home).Property(NextAired.204.Date)]</param>
						</include>
						<control type="list" id="204">
							<include>tvguide_Container</include>
							<onup>103</onup>
							<ondown>105</ondown>
							<include content="tvguide_Layout">
								<param name="ID">204</param>
							</include>
						</control>
					</control>
					<!-- Saturday -->
					<control type="group" id="105">
						<height>432</height>
						<visible>Integer.IsGreater(Container(205).NumItems,0)</visible>
						<include content="tvguide_Date">
							<param name="Day">$INFO[Window(Home).Property(NextAired.205.Wday)]</param>
							<param name="Date">$INFO[Window(Home).Property(NextAired.205.Date)]</param>
						</include>
						<control type="list" id="205">
							<include>tvguide_Container</include>
							<onup>104</onup>
							<ondown>106</ondown>
							<include content="tvguide_Layout">
								<param name="ID">205</param>
							</include>
						</control>
					</control>
					<!-- Sunday -->
					<control type="group" id="106">
						<height>432</height>
						<visible>Integer.IsGreater(Container(206).NumItems,0)</visible>
						<include content="tvguide_Date">
							<param name="Day">$INFO[Window(Home).Property(NextAired.206.Wday)]</param>
							<param name="Date">$INFO[Window(Home).Property(NextAired.206.Date)]</param>
						</include>
						<control type="list" id="206">
							<include>tvguide_Container</include>
							<onup>105</onup>
							<ondown>noop</ondown>
							<include content="tvguide_Layout">
								<param name="ID">206</param>
							</include>
						</control>
					</control>
				</control>
			</control>
		</control>

		<!-- Menu -->
		<include>menu_Options</include>

	</controls>
</window>