<?xml version='1.0' encoding='UTF-8'?>
<shortcuts>
	<shortcut>
		<defaultID>130</defaultID>
		<label>130</label>
		<label2 />
		<icon />
		<thumb />
		<action>ActivateWindow(SystemInfo)</action>
	</shortcut>
	<shortcut>
		<defaultID>31159</defaultID>
		<label>31159</label>
		<label2 />
		<icon />
		<thumb />
		<action>ActivateWindow(Eventlog)</action>
	</shortcut>
	<shortcut>
		<label>[COLOR orange]Background[/COLOR]</label>
		<label2></label2>
        <defaultID>addons</defaultID>
		<icon>DefaultFolder.png</icon>
		<action>RunScript(special://skin/skin_topics/topics.py)</action>
	</shortcut>
	<shortcut>
		<defaultID>20077</defaultID>
		<label>20077</label>
		<label2 />
		<icon />
		<thumb />
		<action>ActivateWindow(SkinSettings)</action>
	</shortcut>
	<shortcut>
		<defaultID>7</defaultID>
		<label>7</label>
		<label2 />
		<icon />
		<thumb />
		<action>ActivateWindow(FileManager)</action>
	</shortcut>
	<shortcut>
		<defaultID>13200</defaultID>
		<label>13200</label>
		<label2 />
		<icon />
		<thumb />
		<action>ActivateWindow(Profiles)</action>
	</shortcut>
</shortcuts>