<?xml version="1.0" encoding="UTF-8"?>

<window id="103">
    <defaultcontrol always="true">300</defaultcontrol>
	
    <controls>
	
        <control type="group">
			<posy>555</posy>
            <visible>!Window.IsVisible(numericinput)</visible>
			<animation type="WindowOpen">
				<effect type="fade" start="0" end="100" time="400" />
				<effect type="slide" start="0,525" end="0,0" center="auto" time="600" tween="back" easing="out" />
			</animation>
			<animation type="WindowClose">
				<effect type="fade" start="100" end="0" time="400" />
				<effect type="slide" start="0,0" end="0,525" center="auto" time="400" tween="back" easing="in" />
			</animation>
			
            <control type="image">
                <width>1920</width>
                <height>600</height>
                <include>Common_Color_BaseWhite</include>
            </control>
			
            <control type="image">
                <width>1920</width>
                <height>75</height>
                <include>Common_Color_BaseMediumHigh</include>
            </control>
			
            <control type="label" id="311">
                <description>Heading</description>
                <width>1920</width>
                <font>font45R</font>
                <align>center</align>
            </control>

            <control type="edit" id="312">
                <description>Edit Text</description>
                <posx>355</posx>
                <posy>82</posy>
                <width>1200</width>
                <height>75</height>
                <font>font36</font>
                <align>center</align>
                <aligny>center</aligny>
                <textcolor>Black</textcolor>
                <focusedcolor>White</focusedcolor>
                <texturenofocus border="2" colordiffuse="BaseLow">colors/color_white.png</texturenofocus>
                <texturefocus border="5" colordiffuse="$VAR[Accent_100]">colors/color_white.png</texturefocus>
            </control>
			
			<!--Chinese Input-->
			<control type="group">
				<left>0</left>
				<top>-150</top>
				<visible>Control.IsVisible(313)</visible>
				
				<control type="image">
					<width>1920</width>
					<height>150</height>
					<include>Common_Color_BaseWhite</include>
				</control>
				
				<control type="image">
					<width>1920</width>
					<height>10</height>
					<include>Common_Color_BaseMediumHigh</include>
				</control>
				
				<control type="image">
					<posx>355</posx>
					<posy>17</posy>
					<width>1200</width>
					<height>75</height>
					<aspectratio>stretch</aspectratio>
					<include>Common_Color_BaseLow</include>
				</control>
				
				<control type="label" id="313">
					<description>HZCODE label</description>
					<posx>355</posx>
					<posy>17</posy>
					<width>1200</width>
					<height>75</height>
					<font>font36</font>
					<align>center</align>
					<aligny>center</aligny>
					<textcolor>Black</textcolor>
				</control>

				<control type="label" id="314">
					<description>HZLIST label</description>
					<posx>355</posx>
					<posy>102</posy>
					<width>1200</width>
					<height>30</height>
					<font>font24</font>
					<align>center</align>
					<aligny>center</aligny>
					<textcolor>Black</textcolor>
				</control>
			</control>
			
            <!--Keyboard-->
            <control type="group">
                <posx>217</posx>
                <posy>165</posy>
				
                <control type="grouplist" description="qwertyuiop">
                    <orientation>horizontal</orientation>
                    <itemgap>10</itemgap>
					<onright>106</onright>
					<onleft>108</onleft>
				
					<control type="button" id="120">
						<description>'Q' button</description>
						<onup>304</onup>
						<ondown>303</ondown>
						<include>Common_Keyboard_Keys</include>
					</control>
					
					<control type="button" id="121">
						<description>'W' button</description>
						<onup>32</onup>
						<ondown>140</ondown>
						<include>Common_Keyboard_Keys</include>
					</control>
					
					<control type="button" id="122">
						<description>'E' button</description>
						<onup>32</onup>
						<ondown>141</ondown>
						<include>Common_Keyboard_Keys</include>
					</control>
					
					<control type="button" id="123">
						<description>'R' button</description>
						<onup>32</onup>
						<ondown>142</ondown>
						<include>Common_Keyboard_Keys</include>
					</control>
					
					<control type="button" id="124">
						<description>'T' button</description>
						<onup>32</onup>
						<ondown>143</ondown>
						<include>Common_Keyboard_Keys</include>
					</control>
					
					<control type="button" id="125">
						<description>'Y' button</description>
						<onup>32</onup>
						<ondown>144</ondown>
						<include>Common_Keyboard_Keys</include>
					</control>
					
					<control type="button" id="126">
						<description>'U' button</description>
						<onup>32</onup>
						<ondown>145</ondown>
						<include>Common_Keyboard_Keys</include>
					</control>
					
					<control type="button" id="127">
						<description>'I' button</description>
						<onup>32</onup>
						<ondown>146</ondown>
						<include>Common_Keyboard_Keys</include>
					</control>
					
					<control type="button" id="128">
						<description>'O' button</description>
						<onup>32</onup>
						<ondown>147</ondown>
						<include>Common_Keyboard_Keys</include>
					</control>
					
					<control type="button" id="129">
						<description>'P' button</description>
						<onup>32</onup>
						<ondown>148</ondown>
						<include>Common_Keyboard_Keys</include>
					</control>
					
					<control type="button" id="8">
						<description>BACKSPACE button</description>
						<width>220</width>
						<label>$LOCALIZE[20181]</label>
						<onup>306</onup>
						<ondown>300</ondown>
						<include>Common_Keyboard_Keys</include>
					</control>
					
				</control>
				
                <control type="grouplist" description="asdfghjkl">
                    <orientation>horizontal</orientation>
                    <itemgap>10</itemgap>
					<posy>85</posy>
					<onright>103</onright>
					<onleft>105</onleft>
					
					<control type="radiobutton" id="303">
						<description>CAPS LOCK button</description>
						<label>$LOCALIZE[31243]</label>
						<width>128</width>
						<onup>120</onup>
						<ondown>302</ondown>
						<include>Common_Keyboard_Keys</include>
					</control>
					
					<control type="button" id="140">
						<description>'A' button</description>
						<onup>121</onup>
						<ondown>160</ondown>
						<include>Common_Keyboard_Keys</include>
					</control>
					
					<control type="button" id="141">
						<description>'S' button</description>
						<onup>122</onup>
						<ondown>161</ondown>
						<include>Common_Keyboard_Keys</include>
					</control>
					
					<control type="button" id="142">
						<description>'D' button</description>
						<onup>123</onup>
						<ondown>162</ondown>
						<include>Common_Keyboard_Keys</include>
					</control>
					
					<control type="button" id="143">
						<description>'F' button</description>
						<onup>124</onup>
						<ondown>163</ondown>
						<include>Common_Keyboard_Keys</include>
					</control>
					
					<control type="button" id="144">
						<description>'G' button</description>
						<onup>125</onup>
						<ondown>164</ondown>
						<include>Common_Keyboard_Keys</include>
					</control>
					
					<control type="button" id="145">
						<description>'H' button</description>
						<onup>126</onup>
						<ondown>165</ondown>
						<include>Common_Keyboard_Keys</include>
					</control>
					
					<control type="button" id="146">
						<description>'J' button</description>
						<onup>127</onup>
						<ondown>166</ondown>
						<include>Common_Keyboard_Keys</include>
					</control>
					
					<control type="button" id="147">
						<description>'K' button</description>
						<onup>128</onup>
						<ondown>309</ondown>
						<include>Common_Keyboard_Keys</include>
					</control>
					
					<control type="button" id="148">
						<description>'L' button</description>
						<onup>129</onup>
						<ondown>309</ondown>
						<include>Common_Keyboard_Keys</include>
					</control>
					
					<control type="button" id="300">
						<description>DONE button</description>
						<width>177</width>
						<label>$LOCALIZE[20177]</label>
						<onup>8</onup>
						<ondown>309</ondown>
						<include>Common_Keyboard_Keys</include>
					</control>
				
				</control>

                <control type="grouplist" description="zxcvbnm">
                    <orientation>horizontal</orientation>
                    <itemgap>10</itemgap>
					<posy>170</posy>
					<onright>100</onright>
					<onleft>102</onleft>
					
					<control type="radiobutton" id="302">
						<description>SHIFT button</description>
						<label>$LOCALIZE[20178]</label>
						<width>180</width>
						<onup>303</onup>
						<ondown>304</ondown>
						<include>Common_Keyboard_Keys</include>
					</control>
					
					<control type="button" id="160">
						<description>'Z' button</description>
						<onup>140</onup>
						<ondown>32</ondown>
						<include>Common_Keyboard_Keys</include>
					</control>
					
					<control type="button" id="161">
						<description>'X' button</description>
						<onup>141</onup>
						<ondown>32</ondown>
						<include>Common_Keyboard_Keys</include>
					</control>
					
					<control type="button" id="162">
						<description>'C' button</description>
						<onup>142</onup>
						<ondown>32</ondown>
						<include>Common_Keyboard_Keys</include>
					</control>
					
					<control type="button" id="163">
						<description>'V' button</description>
						<onup>143</onup>
						<ondown>32</ondown>
						<include>Common_Keyboard_Keys</include>
					</control>
					
					<control type="button" id="164">
						<description>'B' button</description>
						<onup>144</onup>
						<ondown>32</ondown>
						<include>Common_Keyboard_Keys</include>
					</control>
					
					<control type="button" id="165">
						<description>'N' button</description>
						<onup>145</onup>
						<ondown>32</ondown>
						<include>Common_Keyboard_Keys</include>
					</control>
					
					<control type="button" id="166">
						<description>'M' button</description>
						<onup>146</onup>
						<ondown>32</ondown>
						<include>Common_Keyboard_Keys</include>
					</control>
					
					<control type="button" id="309">
                        <description>Layout</description>
                        <onup>300</onup>
                        <ondown>306</ondown>
                        <width>315</width>
                        <include>Common_Keyboard_Keys</include>
                    </control>
				
				</control>
				
                <control type="grouplist" description="space">
                    <orientation>horizontal</orientation>
                    <itemgap>10</itemgap>
					<posy>255</posy>				
					<onright>109</onright>
					<onleft>307</onleft>
					
					<control type="radiobutton" id="304">
						<description>Symbols button</description>
						<label>@#!*</label>
						<width>128</width>
						<onup>302</onup>
						<ondown>120</ondown>
						<include>Common_Keyboard_Keys</include>
					</control>
					
					<control type="button" id="32">
						<description>SPACE button</description>
						<width>842</width>
						<label>$LOCALIZE[20182]</label>
						<include>Common_Keyboard_Keys</include>
						<onup>160</onup>
						<ondown>121</ondown>
					</control>
					
					<control type="button" id="305">
						<description>previous button</description>
						<label>&lt;</label>
						<onup>309</onup>
						<ondown>8</ondown>
						<include>Common_Keyboard_Keys</include>
					</control>
					
					<control type="button" id="306">
						<description>next button</description>
						<label>&gt;</label>
						<include>Common_Keyboard_Keys</include>
						<onup>309</onup>
						<ondown>8</ondown>
					</control>
				
				</control>
				
                <control type="grouplist" description="789">
                    <orientation>horizontal</orientation>
                    <itemgap>10</itemgap> 
					<posx>1210</posx>
					<onright>120</onright>
					<onleft>8</onleft>

					<control type="button" id="106">
						<description>'7' button</description>
						<onup>109</onup>
						<ondown>103</ondown>
						<include>Common_Keyboard_Keys</include>
					</control>
					
					<control type="button" id="107">
						<description>'8' button</description>
						<onup>109</onup>
						<ondown>104</ondown>
						<include>Common_Keyboard_Keys</include>
					</control>
					
					<control type="button" id="108">
						<description>'9' button</description>
						<onup>307</onup>
						<ondown>105</ondown>
						<include>Common_Keyboard_Keys</include>
					</control>
				
				</control>
				
                <control type="grouplist" description="456">
                    <orientation>horizontal</orientation>
                    <itemgap>10</itemgap> 
					<posx>1210</posx>
					<posy>85</posy>
					<onright>303</onright>
					<onleft>300</onleft>

					<control type="button" id="103">
						<description>'4' button</description>
						<onup>106</onup>
						<ondown>100</ondown>
						<include>Common_Keyboard_Keys</include>
					</control>
					
					<control type="button" id="104">
						<description>'5' button</description>
						<onup>107</onup>
						<ondown>101</ondown>
						<include>Common_Keyboard_Keys</include>
					</control>
					
					<control type="button" id="105">
						<description>'6' button</description>
						<onup>108</onup>
						<ondown>102</ondown>
						<include>Common_Keyboard_Keys</include>
					</control>
				
				</control>

                <control type="grouplist" description="123">
                    <orientation>horizontal</orientation>
                    <itemgap>10</itemgap> 
					<posx>1210</posx>
					<posy>170</posy>
					<onright>302</onright>
					<onleft>309</onleft>
				
					<control type="button" id="100">
						<description>'1' button</description>
						<onup>103</onup>
						<ondown>109</ondown>
						<include>Common_Keyboard_Keys</include>
					</control>
					
					<control type="button" id="101">
						<description>'2' button</description>
						<onup>104</onup>
						<ondown>109</ondown>
						<include>Common_Keyboard_Keys</include>
					</control>
					
					<control type="button" id="102">
						<description>'3' button</description>
						<onup>105</onup>
						<ondown>307</ondown>
						<include>Common_Keyboard_Keys</include>
					</control>
				
				</control>
				
				<control type="grouplist" description="0 IP">
                    <orientation>horizontal</orientation>
                    <itemgap>10</itemgap> 
					<posx>1210</posx>
					<posy>255</posy>
					<onright>304</onright>
					<onleft>306</onleft>
				
					<control type="button" id="109">
						<description>'0' button</description>
						<width>180</width>
						<onup>100</onup>
						<ondown>106</ondown>
						<include>Common_Keyboard_Keys</include>
					</control>
					
					<control type="button" id="307">
						<description>IP Input button</description>
						<include>Common_Keyboard_Keys</include>
						<label>$LOCALIZE[31002]</label>
						<onup>102</onup>
						<ondown>108</ondown>
					</control>
					
				</control>
 
			</control>
			
        </control>
		
    </controls>
	
</window>