<?xml version="1.0" encoding="UTF-8"?>

<window id="0">
    <defaultcontrol>1000</defaultcontrol>
    <onload>Weather.Refresh</onload>
    <onload condition="!Skin.HasSetting(FirstTimeRun)">ActivateWindow(skinsettings)</onload>
    <onload condition="!Skin.HasSetting(FirstTimeRun)">ActivateWindow(1114)</onload>
    <onload condition="System.HasAddon(script.extendedinfo)">RunScript(script.extendedinfo,info=trendingshows)</onload>
    <onload condition="System.HasAddon(script.extendedinfo)">RunScript(script.extendedinfo,info=trendingmovies)</onload>
    <onload condition="System.HasAddon(script.extendedinfo)">RunScript(script.extendedinfo,info=intheaters)</onload>
    <controls>
	
        <include>HomeBackground</include>

        <!-- HEADER / FOOTER -->
		<include>HomeScreen_Header_Footer</include>
		
		<!--CONTENT LISTS -->
		<control type="group">

			<include>HomeScreen_Content_List</include>
			
			<include>HomeScreen_Options_List</include> 
		
		</control> 
		
        <!-- CONTENT -->
        <control type="group">
            <include>Homescreen_Animation</include>
			
			<!-- TILE GROUPS -->
			<control type="group" id="600">	

				<include>HomeMenu1_Tiles</include>

				<include>HomeMenu2_Tiles</include>

				<include>HomeMenu3_Tiles</include>

				<include>HomeMenu4_Tiles</include>

				<include>HomeMenu5_Tiles</include>

				<include>HomeMenu6_Tiles</include>

				<include>HomeMenu7_Tiles</include>

				<include>HomeMenu8_Tiles</include>

				<include>HomeMenu9_Tiles</include>

				<include>HomeMenu10_Tiles</include>

			</control>	
			
			<!-- PANELS -->
			<control type="group" id="700">	

				<include content="HomeMenu_Panel">
					 <param name="homemenu" value="HomeMenu1"/>
				</include>
				
				<include content="HomeMenu_Panel">
					 <param name="homemenu" value="HomeMenu2"/>
				</include>

				<include content="HomeMenu_Panel">
					 <param name="homemenu" value="HomeMenu3"/>
				</include>

				<include content="HomeMenu_Panel">
					 <param name="homemenu" value="HomeMenu4"/>
				</include>

				<include content="HomeMenu_Panel">
					 <param name="homemenu" value="HomeMenu5"/>
				</include>

				<include content="HomeMenu_Panel">
					 <param name="homemenu" value="HomeMenu6"/>
				</include>

				<include content="HomeMenu_Panel">
					 <param name="homemenu" value="HomeMenu7"/>
				</include>

				<include content="HomeMenu_Panel">
					 <param name="homemenu" value="HomeMenu8"/>
				</include>

				<include content="HomeMenu_Panel">
					 <param name="homemenu" value="HomeMenu9"/>
				</include>				
				
				<include content="HomeMenu_Panel">
					 <param name="homemenu" value="HomeMenu10"/>
				</include>				

			</control>

        </control>
		
    </controls>
	
</window>