<?xml version="1.0" encoding="UTF-8"?>

<includes>

	<include name="Settings_HomeMenu_Labels">
		<align>left</align>
		<font>font30</font>
		<textcolor>BaseMediumHigh</textcolor>
		<disabledcolor>BaseMid</disabledcolor>
        <width>698</width>
		<onright>1100</onright>
    </include>
	
    <include name="Settings_MovieMenu">
        <animation effect="fade" start="0" end="100" time="400" easing="Out" tween="square" condition="Skin.String(HomeMenu.SubMenu,1)">Conditional</animation>
		<visible>Skin.String(HomeMenu.SubMenu,1)</visible>        
		<include>Settings_HomeMenu_Labels</include>
        <align>left</align>
        <onleft>401</onleft>
    </include>
	
    <include name="Settings_TVShowMenu">
        <animation effect="fade" start="0" end="100" time="400" easing="Out" tween="square" condition="Skin.String(HomeMenu.SubMenu,2)">Conditional</animation>
		<visible>Skin.String(HomeMenu.SubMenu,2)</visible>        
		<include>Settings_HomeMenu_Labels</include>
        <align>left</align>
        <onleft>402</onleft>
    </include>
	
    <include name="Settings_LiveTVMenu">
        <animation effect="fade" start="0" end="100" time="400" easing="Out" tween="square" condition="Skin.String(HomeMenu.SubMenu,3)">Conditional</animation>
		<visible>Skin.String(HomeMenu.SubMenu,3)</visible>        
		<include>Settings_HomeMenu_Labels</include>
        <align>left</align>
        <onleft>403</onleft>

    </include>
	
    <include name="Settings_MusicMenu">
        <animation effect="fade" start="0" end="100" time="400" easing="Out" tween="square" condition="Skin.String(HomeMenu.SubMenu,4)">Conditional</animation>
		<visible>Skin.String(HomeMenu.SubMenu,4)</visible>        
		<include>Settings_HomeMenu_Labels</include>
        <align>left</align>
        <onleft>404</onleft>
    </include>
	
    <include name="Settings_MusicVidMenu">
        <animation effect="fade" start="0" end="100" time="400" easing="Out" tween="square" condition="Skin.String(HomeMenu.SubMenu,5)">Conditional</animation>
		<visible>Skin.String(HomeMenu.SubMenu,5)</visible>        
		<include>Settings_HomeMenu_Labels</include>
        <align>left</align>
        <onleft>405</onleft>
    </include>
	
    <include name="Settings_PictureMenu">
        <animation effect="fade" start="0" end="100" time="400" easing="Out" tween="square" condition="Skin.String(HomeMenu.SubMenu,6)">Conditional</animation>
		<visible>Skin.String(HomeMenu.SubMenu,6)</visible>        
		<include>Settings_HomeMenu_Labels</include>
        <align>left</align>
        <onleft>406</onleft>
    </include>
	
    <include name="Settings_GameMenu">
        <animation effect="fade" start="0" end="100" time="400" easing="Out" tween="square" condition="Skin.String(HomeMenu.SubMenu,7)">Conditional</animation>
		<visible>Skin.String(HomeMenu.SubMenu,7)</visible>        
		<include>Settings_HomeMenu_Labels</include>
        <align>left</align>
        <onleft>407</onleft>
    </include>
	
	<include name="Settings_WeatherMenu">
        <animation effect="fade" start="0" end="100" time="400" easing="Out" tween="square" condition="Skin.String(HomeMenu.SubMenu,8)">Conditional</animation>
		<visible>Skin.String(HomeMenu.SubMenu,8)</visible>        
		<include>Settings_HomeMenu_Labels</include>
        <align>left</align>
        <onleft>408</onleft>
    </include>
	
    <include name="Settings_AddonMenu">
        <animation effect="fade" start="0" end="100" time="400" easing="Out" tween="square" condition="Skin.String(HomeMenu.SubMenu,9)">Conditional</animation>
		<visible>Skin.String(HomeMenu.SubMenu,9)</visible>        
		<include>Settings_HomeMenu_Labels</include>
        <align>left</align>
        <onleft>409</onleft>
    </include>
	
    <include name="Settings_CustomMenu">
        <animation effect="fade" start="0" end="100" time="400" easing="Out" tween="square" condition="Skin.String(HomeMenu.SubMenu,10)">Conditional</animation>
		<visible>Skin.String(HomeMenu.SubMenu,10)</visible>        
		<include>Settings_HomeMenu_Labels</include>
        <align>left</align>
        <onleft>410</onleft>
    </include>	

    <include name="Settings_ProfileMenu">
        <animation effect="fade" start="0" end="100" time="400" easing="Out" tween="square" condition="Skin.String(HomeMenu.SubMenu,11)">Conditional</animation>
		<visible>Skin.String(HomeMenu.SubMenu,11)</visible>        
		<include>Settings_HomeMenu_Labels</include>
        <align>left</align>
        <onleft>411</onleft>
    </include>
	
	<include name="Settings_SearchMenu">
        <animation effect="fade" start="0" end="100" time="400" easing="Out" tween="square" condition="Skin.String(HomeMenu.SubMenu,12)">Conditional</animation>
		<visible>Skin.String(HomeMenu.SubMenu,12)</visible>        
		<include>Settings_HomeMenu_Labels</include>
        <align>left</align>
        <onleft>412</onleft>
    </include>
	
	<include name="Settings_SettingsMenu">
        <animation effect="fade" start="0" end="100" time="400" easing="Out" tween="square" condition="Skin.String(HomeMenu.SubMenu,13)">Conditional</animation>
		<visible>Skin.String(HomeMenu.SubMenu,13)</visible>        
		<include>Settings_HomeMenu_Labels</include>
        <align>left</align>
        <onleft>413</onleft>
    </include>
	
	<include name="Settings_HomeMenu_HorizBar">
		<posx>20</posx>
		<width>658</width>
		<height>2</height>
		<include>Common_Color_BaseMediumHigh</include>			
    </include>	
	
	<include name="Settings_GrayBand">
	
		<control type="image">	
			<include>Common_Animation_CenterMenu_Stage1</include>
			<width>1920</width>
			<height>800</height>
			<texture colordiffuse="BaseMid">colors/color_white.png</texture>			
		</control>
			
    </include>	
	
	<include name="Settings_Backing">
	
		<control type="image">	
			<include>Common_Animation_CenterMenu_Stage4</include>
			<width>1920</width>
			<height>780</height>
			<texture colordiffuse="BaseMediumHigh">colors/color_white.png</texture>			
		</control>

		<control type="image">	
			<include>Common_Animation_CenterMenu_Stage3</include>
			<width>1520</width>
			<height>780</height>
			<texture colordiffuse="BaseLow">colors/color_white.png</texture>			
		</control>	
		
		<control type="image">	
			<include>Common_Animation_CenterMenu_Stage2</include>
			<width>460</width>
			<height>780</height>
			<texture colordiffuse="BaseWhite">colors/color_white.png</texture>			
		</control>
			
    </include>
	
</includes>