<?xml version="1.0" encoding="UTF-8"?>

<window>
    <defaultcontrol always="true">50</defaultcontrol>
    <views>50</views>
	
    <!--Animation-->
    <include condition="!Window.Previous(fullscreenvideo) + !Window.Previous(slideshow) + Skin.HasSetting(MetroAnimations)">Common_Animation_Splash_Flip</include>

    <!--Background Area-->
    <controls>
        <include>GlobalBackground</include>

        <!--Available Views-->
        <control type="group">
            <include>Viewtype_List</include>
        </control>

        <!--Options Menu-->
        <include>Common_Options</include>
        <include>Common_Options_Clock</include>

        <!--Splash Screen-->
        <include condition="!Window.Previous(fullscreenvideo) + !Window.Previous(slideshow) + Skin.HasSetting(MetroAnimations)">Common_Splash</include>
 
    </controls>

 </window>