<?xml version="1.0" encoding="UTF-8"?>

<window id="1">
    <defaultcontrol always="true">55</defaultcontrol>
    <views>50,55,592</views>
	
    <!--Animation-->
    <include condition="!Window.Previous(fullscreenvideo) + !Window.Previous(slideshow) + Skin.HasSetting(MetroAnimations)">Common_Animation_Splash_Flip</include>
	
    <!--Background Area-->
    <controls>
        <include>GlobalBackground</include>
		
        <!--Available Views-->
        <control type="group">
            <include>Viewtype_List</include>
            <include>Viewtype_Tiles</include>
            <include>Viewtype_Thumbnail_Album</include>
        </control>
		
        <!--Options Menu-->
        <include>Common_Options</include>
        <include>Common_Options_Clock</include>
		
        <!--Sort Overlays-->
        <include>Sort_Panel</include>
        <include>Sort_Panel_Alt</include>
		
        <!--Splash Screen-->
        <include condition="!Window.Previous(fullscreenvideo) + !Window.Previous(slideshow) + Skin.HasSetting(MetroAnimations)">Common_Splash</include>
		
    </controls>
	
</window>