<?xml version="1.0" encoding="utf-8"?>

<window>

    <coordinates>
        <system>1</system>
    </coordinates>

    <controls>
        <include>DialogOverlay</include>

        <control type="group">
            <posx>735</posx>
            <posy>298</posy>
            <include>Animation_Dialog_Center</include>

            <control type="image" id="2">
                <description>background image</description>
                <width>510</width>
                <height>198</height>
                <include>Common_Color_BaseMediumHigh</include>
            </control>

            <control type="list" id="111">
                <posx>30</posx>
                <posy>30</posy>
                <width>450</width>
                <height>483</height>
                <onup>111</onup>
                <ondown>111</ondown>
                <onleft>111</onleft>
                <onright>111</onright>
                <scrolltime>200</scrolltime>
                <itemlayout height="69" width="450">

                    <control type="label">
                        <posx>225</posx>
                        <width>450</width>
                        <height>60</height>
                        <font>font20L</font>
                        <selectedcolor>$VAR[Accent_100]</selectedcolor>
                        <align>center</align>
                        <info>ListItem.Label</info>
                    </control>

                </itemlayout>

                <focusedlayout height="69" width="450">

                    <control type="image">
                        <width>450</width>
                        <height>60</height>
                        <include>Common_Color_Accent</include>
                    </control>

                    <control type="label">
                        <posx>225</posx>
                        <width>450</width>
                        <height>60</height>
                        <font>font20L</font>
                        <selectedcolor>Black</selectedcolor>
                        <align>center</align>
                        <info>ListItem.Label</info>
                    </control>

                </focusedlayout>

            </control>

        </control>

    </controls>
    
</window>