<?xml version="1.0" encoding="UTF-8"?>

<includes>

    <include name="Viewtype_List_Pics">

        <control type="group">
            <visible>Control.IsVisible(50)</visible>
			
            <include>BG_Fanart_1080</include>
			<include>FanartOverlay</include>
			
            <!--Top Area-->
            <control type="group">
				<posy>350</posy>

				<control type="image">	
					<include>Common_Animation_CenterMenu_Stage1</include>
					<width>1920</width>
					<height>600</height>
					<texture colordiffuse="BaseMid">colors/color_white.png</texture>			
				</control>	

				<control type="grouplist"> 
					<posy>10</posy>
                    <width>1920</width>
                    <height>600</height>
					<itemgap>0</itemgap>
                    <orientation>horizontal</orientation>
					
                    <!--Icon Section-->
                    <control type="group">
						<include>Common_Animation_CenterMenu_Stage2</include>
						<width>660</width>
						
						<control type="image">							
							<width>660</width>
							<height>580</height>
							<texture colordiffuse="BaseWhite">colors/color_white.png</texture>			
						</control>
					
						<control type="group">
							<posy>10</posy>
							<posx>90</posx>
							<width>560</width>
							<height>560</height>
							
							<control type="image">
								<aspectratio align="right" aligny="top">stretch</aspectratio>
								<texture fallback="$VAR[Common_Fallback]">$INFO[ListItem.Thumb]</texture>
								<bordertexture colordiffuse="BaseMediumHigh">colors/color_white.png</bordertexture>
							</control>
							
							<control type="image">
								<aspectratio align="right" aligny="top">stretch</aspectratio>
								<texture>DefaultFolderBack.png</texture>
								<bordertexture colordiffuse="BaseMediumHigh">colors/color_white.png</bordertexture>
								<visible>stringcompare(ListItem.Label,..)</visible>
							</control>
							
						</control>
						
					</control>					

                    <!--List-->
                    <control type="group">
						<include>Common_Animation_CenterMenu_Stage3</include>
                        <width>760</width>
                        <height>600</height>
						
						<control type="image">							
							<width>750</width>
							<height>580</height>
							<texture colordiffuse="BaseLow">colors/color_white.png</texture>			
						</control>
							
						<control type="list" id="50">
							<width>750</width>
							<height>580</height>
							<include>ShowOptions_Left</include>
							<onright>60</onright>
							<pagecontrol>60</pagecontrol>
							<viewtype label="list">list</viewtype>
							<itemlayout width="750" height="85">
							
								<control type="image">
									<posx>10</posx>
									<posy>10</posy>
									<width>65</width>
									<height>65</height>
									<texture>backings/circle.png</texture>
								</control>

								<control type="image">
									<posx>10</posx>
									<posy>10</posy>
									<width>65</width>
									<height>65</height>
									<aspectratio scalediffuse="false">scale</aspectratio>
									<texture diffuse="masks/circle.png">$VAR[Common_Fallback]</texture>
								</control> 

								<control type="image">
									<posx>10</posx>
									<posy>10</posy>
									<width>65</width>
									<height>65</height>
									<aspectratio scalediffuse="false">scale</aspectratio>
									<texture diffuse="masks/circle.png" fallback="$VAR[Common_Fallback]">$VAR[Fanart_List_Icon]</texture>
								</control>
						
								<control type="label">
									<posx>85</posx>
									<width>420</width>
									<height>85</height>
									<aligny>center</aligny>
									<font>font26</font>
									<label>$VAR[Fanart_List_Title]</label>
									<wrapmultiline>true</wrapmultiline>
									<textcolor>BaseMediumHigh</textcolor>
								</control>

							</itemlayout>
							
							<focusedlayout width="750" height="85">
							
								<control type="image">
									<width>750</width>
									<height>85</height>
									<animation condition="Container(50).OnNext" reversible="false" effect="slide" start="0,-45" end="0,0" time="100" tween="back" easing="out">Focus</animation>
									<animation condition="Container(50).OnPrevious" reversible="false" effect="slide" start="0,45" end="0,0" time="100" tween="back" easing="out">Focus</animation>
									<include>Common_Color_Accent</include>
									<animation effect="fade" start="100" end="50" condition="!Control.HasFocus(50)">Conditional</animation>
								</control>
								
								<control type="image">
									<posx>10</posx>
									<posy>10</posy>
									<width>65</width>
									<height>65</height>
									<texture>backings/circle.png</texture>
								</control>

								<control type="image">
									<posx>10</posx>
									<posy>10</posy>
									<width>65</width>
									<height>65</height>
									<aspectratio scalediffuse="false">scale</aspectratio>
									<texture diffuse="masks/circle.png">$VAR[Common_Fallback]</texture>
								</control> 

								<control type="image">
									<posx>10</posx>
									<posy>10</posy>
									<width>65</width>
									<height>65</height>
									<aspectratio scalediffuse="false">scale</aspectratio>
									<texture diffuse="masks/circle.png" fallback="$VAR[Common_Fallback]">$VAR[Fanart_List_Icon]</texture>
								</control>
								
								<control type="label">
									<posx>85</posx>
									<width>420</width>
									<height>85</height>
									<aligny>center</aligny>
									<font>font26</font>
									<label>$VAR[Fanart_List_Title]</label>
									<wrapmultiline>true</wrapmultiline>
								</control>

							</focusedlayout>
							
						</control>

						<control type="scrollbar" id="60">
							<posx>750</posx>
							<height>580</height>
							<width>10</width>
							<onleft>50</onleft>
							<include>ShowOptions_Right</include>
						</control>
						
					</control>

                    <!--Icon Overview-->
                    <control type="group">
                        <width>500</width>
                        <height>600</height>
						<include>Common_Animation_CenterMenu_Stage4</include>	
						<visible>![Container.Content(movies) | Container.Content(tvshows) | Container.Content(seasons) | Container.Content(sets)] | stringcompare(ListItem.Label,..)</visible>

                        <control type="image">
                            <width>500</width>
                            <height>580</height>
                            <include>Common_Color_BaseMediumHigh</include>
                        </control>
						
						<control type="label" id="145">
							<posx>20</posx>
							<width>460</width>
							<include>Common_Fanart_Title</include>
							<label>$VAR[Fanart_Info_Title]</label>
						</control>

						<control type="image">
							<posx>30</posx>
							<posy>100</posy>
							<width>440</width>
							<height>2</height>
							<include>Common_Color_BaseWhite</include>
						</control>	
						
						<control type="textbox">
							<posx>30</posx>
							<posy>110</posy>
							<width>440</width>
							<height>420</height>
							<font>font26</font>
							<textcolor>BaseLow</textcolor>
							<align>justify</align>
							<label>$VAR[Common_Plot]</label>
							<autoscroll time="3000" delay="6000" repeat="8000"></autoscroll>
						</control>	
						
                    </control>
					
				</control>		

            </control>
			
        </control>
		
    </include>
	
</includes>