<?xml version="1.0" encoding="utf-8"?>
<window>
    <defaultcontrol always="true">50</defaultcontrol>
    <menucontrol>9000</menucontrol>
    <include>ViewModes</include>
    <controls>
        <include>Fanart_Art</include>
        <include>Player_Show</include>
        <include>OverlayFull</include>
        <include>FooterInfo</include>
        <control type="group">
            <animation effect="slide" tween="circle" easing="inout" time="150" start="0,0" end="-2200,0" condition="Control.HasFocus(505050)">conditional</animation>
            <include>NowPlayingSlideEffect</include>
            <include>OpenClose</include>
            <control type="group">
                <include condition="Skin.HasSetting(plexbmc)">PlexbmcFixTrick</include>
                <include>View_50_BigList</include>
                <include>Info_50_BigList</include>
                <include>View_51_Panel</include>
                <include>Info_51_Panel</include>
                <include>View_57_58_59_Showcase</include>
                <include>Info_57_58_59_Showcase</include>
                <include>View_54_Fanart</include>
                <include>View_53_Grid</include>
                <include>Info_53_Grid</include>
                <!--<include>View_56_BannerList</include>-->
                <!--<include>Info_56_BannerList</include>-->
                <include>View_5050_CardList</include>
            </control>
        </control>
        
        <include>Time</include>
        
        <include>TopBar</include>
        <!-- SIDE MENU -->
        <control type="group">
            <visible>!Skin.HasSetting(EnableKioskMode)</visible>
            <include>LeftMenu</include>
            <include>Icon_Fade</include>
            <control type="grouplist" id="9000">
                <include>LeftMenuButtonGroup</include>
                <onleft>50</onleft>
                <ondown>9000</ondown>
                <onback>50</onback>
                <!--<include>9000GrouplistParameters</include>-->
                <control type="label" id="7965">
                    <description>Sort by button</description>
                    <include>LeftMenuTitleLabel</include>
                    <label>$LOCALIZE[582]</label>
                </control>
                <control type="button" id="2">
                    <description>View As button</description>
                    <include>LeftMenuButton</include>
                    <label>-</label>
                </control>
                <control type="button" id="3">
                    <include>LeftMenuButton</include>
                    <label>$LOCALIZE[103]</label>
                </control>
                <control type="togglebutton" id="4">
                    <description>Sort asc</description>
                    <include>LeftMenuButton</include>
                    <label>$LOCALIZE[31051]</label>
                    <altlabel>$LOCALIZE[31050]</altlabel>
                    <usealttexture>Container.SortDirection(Ascending)</usealttexture>
                </control>
                <control type="label" id="9183">
                    <include>LeftMenuTitleLabel</include>
                    <include>LeftMenuButton</include>
                    <label>$LOCALIZE[1034]</label>
                </control>
                <control type="radiobutton" id="7">
                    <description>Hide foreign</description>
                    <include>LeftMenuButton</include>
                    <label>$LOCALIZE[25001]</label>
                </control>
                <control type="radiobutton" id="8">
                    <description>Hide incompatible</description>
                    <include>LeftMenuButton</include>
                    <label>$LOCALIZE[24999]</label>
                </control>
                <control type="button" id="5">
                    <description>Addon settings</description>
                    <include>LeftMenuButton</include>
                    <label>$LOCALIZE[10004]</label>
                </control>
                <control type="label" id="9184">
                    <include>LeftMenuTitleLabel</include>
                    <include>LeftMenuButton</include>
                    <label>$LOCALIZE[31508]: $INFO[Window.Property(Updated)]</label>
                </control>
                <control type="button" id="9">
                    <description>Check for updates</description>
                    <include>LeftMenuButton</include>
                    <label>$LOCALIZE[24034]</label>
                </control>
            </control>
            <include>LeftMenuScroller</include>
        </control>
    </controls>
</window>