<?xml version="1.0" encoding="utf-8"?>
<window type="dialog">
    <zorder>0</zorder>
    <onload condition="System.HasAddon(script.videoextras)">RunScript(script.videoextras,check,"$INFO[ListItem.FilenameAndPath]")</onload>
    <defaultcontrol always="true">2</defaultcontrol>
    <controls>
        <include>DimBG</include>
        <!--<control type="button" id="5111">-->
            <!--<include>HiddenButton</include>-->
            <!--<visible>[String.Contains(Container.FolderPath,videodb://) | String.Contains(Container.FolderPath,.xsp) | String.Contains(Container.FolderPath,plugin://)]</visible>-->
        <!--</control>-->
        <!--<control type="button" id="1200">-->
            <!--<include>HiddenButton</include>-->
            <!--<onfocus>Dialog.Close(movieinformation)</onfocus>-->
            <!--<onfocus>RunScript(script.extendedinfo,info=extendedinfo,dbid=$INFO[ListItem.DBID],name=$INFO[ListItem.Title])</onfocus>-->
            <!--<onclick>noop</onclick>-->
            <!--<visible>String.IsEqual(ListItem.DBType,movie) + Control.IsVisible(5111)</visible>-->
        <!--</control>-->
        <!--<control type="button" id="1200">-->
            <!--<include>HiddenButton</include>-->
            <!--<onfocus>Dialog.Close(movieinformation)</onfocus>-->
            <!--<onfocus>RunScript(script.extendedinfo,info=seasoninfo,tvshow=$INFO[ListItem.TvShowTitle],season=$INFO[Window(home).Property(SeasonNumber)],silent=True)</onfocus>-->
            <!--<onclick>noop</onclick>-->
            <!--<visible>!String.IsEqual(Container.FolderPath,videodb://tvshows/titles/) + String.StartsWith(Container.FolderPath,videodb://tvshows/titles/) + !String.IsEqual(ListItem.DBType,episode)</visible>-->
        <!--</control>-->
        <!--<control type="button" id="1200">-->
            <!--<include>HiddenButton</include>-->
            <!--<onfocus>Dialog.Close(movieinformation)</onfocus>-->
            <!--<onfocus>RunScript(script.extendedinfo,info=extendedtvinfo,dbid=$INFO[ListItem.DBID],name=$INFO[ListItem.Title])</onfocus>-->
            <!--<onclick>noop</onclick>-->
            <!--<visible>String.IsEqual(ListItem.DBType,tvshow) + Control.IsVisible(5111)</visible>-->
        <!--</control>-->
        <!--<control type="button" id="1200">-->
            <!--<include>HiddenButton</include>-->
            <!--<onfocus>Dialog.Close(movieinformation)</onfocus>-->
            <!--<onfocus>RunScript(script.toolbox,info=yesnodialog,header=$INFO[ListItem.Label],text=Do you want to re-scrape this movie?,yesaction=SendClick(6),noaction=Action(Close))</onfocus>-->
            <!--<onclick>noop</onclick>-->
            <!--<visible>String.IsEqual(ListItem.DBType,movie) + !Control.IsVisible(5111)</visible>-->
        <!--</control>-->
        <!--<control type="button" id="1200">-->
            <!--<include>HiddenButton</include>-->
            <!--<onfocus>RunScript(script.toolbox,info=blur,id='"$VAR[PosterVar]"',radius=20,prefix=VideoInfo)</onfocus>-->
            <!--<onfocus>SetFocus(8)</onfocus>-->
            <!--<onclick>noop</onclick>-->
            <!--<visible>!String.IsEqual(ListItem.DBType,movie) + !String.IsEqual(ListItem.DBType,tvshow)</visible>-->
        <!--</control>-->
        <control type="group">
            <include>DialogOpenClose</include>
            <control type="image">
                <posx>0</posx>
                <posy>140</posy>
                <width>1920</width>
                <height>1080</height>
                <!--<include>DialogTransparency</include>-->
                <colordiffuse>$VAR[Picked.Theme.Color]</colordiffuse>
                <texture border="50">common/background_menu.png</texture>
            </control>
            <include content="WindowClosingButton">
                <param name="id" value="99010"/>
                <param name="x" value="1870"/>
                <param name="y" value="140"/>
                <param name="onleft" value="6060"/>
            </include>
            <control type="image">
                <posx>530</posx>
                <posy>190</posy>
                <width>480</width>
                <height>900</height>
                <texture border="1">common/background_strip_horizontal_right.png</texture>
            </control>
            <control type="image">
                <posx>530r</posx>
                <posy>190</posy>
                <width>480</width>
                <height>900</height>
                <texture border="1">common/background_strip_horizontal_right.png</texture>
            </control>
            <include content="StudioArt">
                <param name="x" value="960r"/>
                <param name="y" value="70"/>
                <param name="width" value="380"/>
                <param name="height" value="120"/>
                <param name="visible" value="true"/>
                <param name="align" value="right"/>
                <param name="aligny" value="bottom"/>
            </include>
            <!-- SIDE MENU -->
            <control type="group">
                <posy>240</posy>
                <control type="grouplist" id="9000">
                    <posy>0</posy>
                    <height>800</height>
                    <include>DialogMenuButtonGroup</include>
                    <ondown>9000</ondown>
                    <onright>9060</onright>
                    <control type="button" id="2">
                        <description>Info</description>
                        <label>$LOCALIZE[31021]</label>
                        <include>DialogMenuButton</include>
                        <onright>9009</onright>
                    </control>
                    <control type="togglebutton" id="8">
                        <description>play</description>
                        <include>DialogMenuButton</include>
                        <label>$LOCALIZE[208]</label>
                        <altlabel>$LOCALIZE[502]</altlabel>
                        <usealttexture>String.IsEqual(ListItem.DBType,tvshow) | String.IsEqual(ListItem.DBType,season)</usealttexture>
                        <onright>9009</onright>
                    </control>
                    <control type="button" id="299">
                        <visible>String.IsEqual(ListItem.DBType,movie) + system.hasaddon(script.cinema.experience)</visible>
                        <description>Cinema Experience</description>
                        <include>DialogMenuButton</include>
                        <label>$LOCALIZE[31005]</label>
                        <onclick>Dialog.Close(all,true)</onclick>
                        <onclick>Playlist.Clear</onclick>
                        <onclick>XBMC.RunScript(script.cinema.experience,movieid=$INFO[ListItem.DBID])</onclick>
                        <onright>9009</onright>
                    </control>
                    <control type="button" id="298">
                        <visible>System.HasAddon(script.cinemavision) + [String.IsEqual(ListItem.DBType,movie) | String.IsEqual(ListItem.DBType,tvshow) | String.IsEqual(ListItem.DBType,season) | String.IsEqual(ListItem.DBType,episode)]</visible>
                        <description>Cinema Vision</description>
                        <include>DialogMenuButton</include>
                        <label>CinemaVision</label>
                        <onclick>Dialog.Close(MovieInformation)</onclick>
                        <onclick>RunScript(script.cinemavision,experience)</onclick>
                        <onright>9009</onright>
                    </control>
                    <control type="button" id="11">
                        <visible>!String.IsEmpty(ListItem.Trailer)</visible>
                        <description>Trailers</description>
                        <include>DialogMenuButton</include>
                        <label>$LOCALIZE[20410]</label>
                        <onright>9009</onright>
                    </control>
                    <control type="togglebutton" id="9013">
                        <visible>!String.IsEmpty(ListItem.Plot)</visible>
                        <description>Plot</description>
                        <include>DialogMenuButton</include>
                        <label>$LOCALIZE[207]</label>
                        <onclick>Control.SetFocus(6060)</onclick>
                        <onright>Control.SetFocus(6060)</onright>
                    </control>
                    <control type="togglebutton" id="9012">
                        <visible>Integer.IsGreater(Container(50).NumItems,0)</visible>
                        <description>Actors</description>
                        <include>DialogMenuButton</include>
                        <label>$LOCALIZE[344]</label>
                        <onright>50</onright>
                    </control>
                    <control type="label" id="7895">
                        <height>200</height>
                        <width>480</width>
                        <label>-</label>
                    </control>
                    <control type="togglebutton" id="9010">
                        <visible>System.HasAddon(script.extendedinfo)</visible>
                        <visible>String.IsEqual(ListItem.DBType,movie)|String.IsEqual(ListItem.DBType,tvshow)|[String.IsEqual(ListItem.DBType,episode)+Skin.HasSetting(plexbmc)+!String.StartsWith(ListItem.Title,Season)+String.IsEmpty(ListItem.VideoCodec)]</visible>
                        <visible>![!String.IsEqual(Container.FolderPath,videodb://tvshows/titles/) + String.StartsWith(Container.FolderPath,videodb://tvshows/titles/) + !String.IsEqual(ListItem.DBType,episode)]</visible>
                        <description>Extended Info</description>
                        <include>DialogMenuButton</include>
                        <label>$LOCALIZE[31022]</label>
                        <onclick>dialog.close(all,true)</onclick>
                        <onclick condition="String.IsEqual(ListItem.DBType,movie)">RunScript(script.extendedinfo,info=extendedinfo,dbid=$INFO[ListItem.DBID],name=$INFO[ListItem.Title])</onclick>
                        <onclick condition="String.IsEqual(ListItem.DBType,tvshow)">RunScript(script.extendedinfo,info=extendedtvinfo,dbid=$INFO[ListItem.DBID],name=$INFO[ListItem.Title])</onclick>
                        <onclick condition="String.IsEqual(ListItem.DBType,episode)">RunScript(script.extendedinfo,info=extendedtvinfo,name=$INFO[ListItem.Title])</onclick>
                    </control>
                    <control type="togglebutton" id="10">
                        <description>Fanart</description>
                        <include>DialogMenuButton</include>
                        <label>$LOCALIZE[13511]</label>
                        <onright>9009</onright>
                    </control>
                    <control type="button" id="7">
                        <description>Set my rating</description>
                        <include>DialogMenuButton</include>
                        <label>$LOCALIZE[38023]</label>
                        <visible>Control.IsEnabled(7)</visible>
                    </control>
                    <control type="togglebutton" id="9018">
                        <visible>System.HasAddon(script.artwork.downloader) + [String.IsEqual(ListItem.DBType,tvshow) | String.IsEqual(ListItem.DBType,movie) | String.IsEqual(ListItem.DBType,musicvideo)]</visible>
                        <description>Artwork Downloader</description>
                        <include>DialogMenuButton</include>
                        <label>Artwork Downloader</label>
                        <onclick condition="String.IsEqual(ListItem.DBType,movie)">XBMC.RunScript(script.artwork.downloader, mode=gui, mediatype=movie, dbid=$INFO[ListItem.DBID])</onclick>
                        <onclick condition="String.IsEqual(ListItem.DBType,tvshow)">XBMC.RunScript(script.artwork.downloader, mode=gui, mediatype=tvshow, dbid=$INFO[ListItem.DBID])</onclick>
                        <onclick condition="String.IsEqual(ListItem.DBType,musicvideo)">XBMC.RunScript(script.artwork.downloader, mode=gui, mediatype=musicvideos, dbid=$INFO[ListItem.DBID])</onclick>
                        <onright>9009</onright>
                    </control>
                    <control type="button" id="105">
                        <visible>System.HasAddon(script.videoextras) + [String.IsEqual(ListItem.DBType,movie) | String.IsEqual(ListItem.DBType,episode) | String.IsEqual(ListItem.DBType,tvshow) | String.IsEqual(ListItem.DBType,musicvideo)] + String.IsEmpty(Window(movieinformation).Property("HideVideoExtrasButton"))</visible>
                        <description>Videos Extras</description>
                        <include>DialogMenuButton</include>
                        <label>$LOCALIZE[31509]</label>
                        <onclick>RunScript(script.videoextras,display,"$INFO[ListItem.FilenameAndPath]")</onclick>
                        <onright>9009</onright>
                    </control>
                    <control type="togglebutton" id="100">
                        <visible>System.HasAddon(script.tvtunes) + [String.IsEqual(ListItem.DBType,tvshow) | String.IsEqual(ListItem.DBType,movie) | String.IsEqual(ListItem.DBType,musicvideo)]</visible>
                        <description>Tv Tunes</description>
                        <include>DialogMenuButton</include>
                        <label>$LOCALIZE[31956]</label>
                        <onclick>XBMC.RunScript(script.tvtunes,mode=solo)</onclick>
                        <onright>9009</onright>
                    </control>
                    <control type="button" id="6">
                        <description>Refresh</description>
                        <include>DialogMenuButton</include>
                        <label>$LOCALIZE[184]</label>
                        <onright>9009</onright>
                    </control>
                </control>
                <include content="DialogMenuScroller">
                    <param name="y" value="0"/>
                    <param name="height" value="800"/>
                    <param name="onright" value="9009"/>
                    <param name="onleft" value="9000"/>
                </include>
            </control>
            <control type="group">
                <posx>530</posx>
                <posy>240</posy>
                <control type="label">
                    <posx>TextMargin</posx>
                    <posy>0</posy>
                    <width>760</width>
                    <height>50</height>
                    <font>InfoTitleFont</font>
                    <include>TextColor_MainColor</include>
                    <scroll>true</scroll>
                    <label>$INFO[ListItem.Label]</label>
                </control>
                <control type="group" id="20">
                    <!-- INFO -->
                    <visible>![Control.HasFocus(9013)|
                        Control.HasFocus(9012)|
                        ControlGroup(90120).HasFocus|
                        ControlGroup(90130).HasFocus]</visible>
                    <include>VisibleFadeEffect</include>
                    <control type="label">
                        <posx>TextMargin</posx>
                        <posy>50</posy>
                        <width>760</width>
                        <height>35</height>
                        <font>InfoTitleSubFont</font>
                        <include>TextColor_MidColor</include>
                        <label>$LOCALIZE[10524]</label>
                    </control>
                    <include content="DummyButton">
                        <param name="x" value="0"/>
                        <param name="y" value="0"/>
                        <param name="width" value="860"/>
                        <param name="height" value="800"/>
                        <param name="onfocus" value="noop"/>
                    </include>
                    <control type="panel" id="9009">
                        <visible>![String.IsEqual(ListItem.DBType,tvshow) | String.IsEqual(ListItem.DBType,episode) | String.StartsWith(Container.FolderPath,videodb://musicvideos)]</visible>
                        <include>List_9009_Commons</include>
                        <content>
                            <item>
                                <label>$LOCALIZE[20376]:</label>
                                <label2>$INFO[ListItem.OriginalTitle]</label2>
                                <onclick>noop</onclick>
                                <visible>!String.IsEmpty(ListItem.OriginalTitle) + !String.IsEqual(ListItem.OriginalTitle,Listitem.Title)</visible>
                            </item>
                            <item>
                                <visible>!System.HasAddon(script.extendedinfo)</visible>
                                <label>$LOCALIZE[20339]:</label>
                                <label2>$INFO[ListItem.Director]</label2>
                                <onclick>SendClick(2003,13)</onclick>
                                <visible>!String.IsEmpty(ListItem.Director)</visible>
                            </item>
                            <item>
                                <visible>!System.HasAddon(script.extendedinfo)</visible>
                                <label>$LOCALIZE[20417]:</label>
                                <label2>$INFO[ListItem.Writer]</label2>
                                <onclick>noop</onclick>
                                <visible>!String.IsEmpty(ListItem.Writer)</visible>
                            </item>
                            <item>
                                <visible>System.HasAddon(script.extendedinfo)</visible>
                                <label>$LOCALIZE[20339]:</label>
                                <label2>$INFO[ListItem.Director]</label2>
                                <!-- <onclick>dialog.close(all,true)</onclick> -->
                                <onclick>RunScript(script.extendedinfo,info=extendedactorinfo,name=$INFO[ListItem.Director])</onclick>
                                <visible>!String.IsEmpty(ListItem.Director)</visible>
                            </item>
                            <item>
                                <visible>System.HasAddon(script.extendedinfo)</visible>
                                <label>$LOCALIZE[20417]:</label>
                                <label2>$INFO[ListItem.Writer]</label2>
                                <!-- <onclick>dialog.close(all,true)</onclick> -->
                                <onclick>RunScript(script.extendedinfo,info=extendedactorinfo,name=$INFO[ListItem.Writer])</onclick>
                                <visible>!String.IsEmpty(ListItem.Writer)</visible>
                            </item>
                            <item>
                                <label>$LOCALIZE[572]:</label>
                                <label2>$INFO[ListItem.Studio]</label2>
                                <onclick>noop</onclick>
                                <visible>!String.IsEmpty(ListItem.Studio)</visible>
                            </item>
                            <item>
                                <label>$LOCALIZE[515]:</label>
                                <label2>$INFO[ListItem.Genre]</label2>
                                <onclick>noop</onclick>
                                <visible>!String.IsEmpty(ListItem.Genre)</visible>
                            </item>
                            <item>
                                <label>$LOCALIZE[562]:</label>
                                <label2>$INFO[ListItem.Year]</label2>
                                <onclick>noop</onclick>
                                <visible>!String.IsEmpty(ListItem.Year)</visible>
                            </item>
                            <item>
                                <label>$LOCALIZE[20074]:</label>
                                <label2>$INFO[ListItem.mpaa]</label2>
                                <onclick>noop</onclick>
                                <visible>!String.IsEmpty(ListItem.mpaa)</visible>
                            </item>
                            <item>
                                <label>$LOCALIZE[2050]:</label>
                                <label2>$INFO[ListItem.Duration] $LOCALIZE[12391]</label2>
                                <onclick>noop</onclick>
                                <visible>!String.IsEmpty(ListItem.Duration)</visible>
                            </item>
                            <item>
                                <label>$LOCALIZE[38018]:</label>
                                <label2>$INFO[ListItem.Userrating,,.0]</label2>
                                <onclick>noop</onclick>
                                <visible>!String.IsEmpty(ListItem.Userrating)</visible>
                            </item>
                            <item>
                                <label>$LOCALIZE[563]:</label>
                                <label2>$INFO[ListItem.RatingAndVotes]</label2>
                                <onclick>noop</onclick>
                                <visible>!String.IsEmpty(ListItem.RatingAndVotes)</visible>
                            </item>
                            <item>
                                <label>$LOCALIZE[202]:</label>
                                <label2>$INFO[ListItem.TagLine]</label2>
                                <onclick>noop</onclick>
                                <visible>!String.IsEmpty(ListItem.TagLine)</visible>
                            </item>
                            <item>
                                <label>$LOCALIZE[20416]:</label>
                                <label2>$INFO[ListItem.Premiered]</label2>
                                <onclick>noop</onclick>
                                <visible>!String.IsEmpty(ListItem.Premiered)</visible>
                            </item>
                            <item>
                                <label>$LOCALIZE[574]:</label>
                                <label2>$INFO[ListItem.Country]</label2>
                                <onclick>noop</onclick>
                                <visible>!String.IsEmpty(ListItem.Country)</visible>
                            </item>
                            <item>
                                <label>$LOCALIZE[570]:</label>
                                <label2>$INFO[ListItem.DateAdded]</label2>
                                <onclick>noop</onclick>
                                <visible>!String.IsEmpty(ListItem.DateAdded)</visible>
                            </item>
                            <item>
                                <label>$LOCALIZE[21445]:</label>
                                <label2>$INFO[ListItem.VideoCodec]</label2>
                                <onclick>noop</onclick>
                                <visible>!String.IsEmpty(ListItem.VideoCodec)</visible>
                            </item>
                            <item>
                                <label>$LOCALIZE[21805]:</label>
                                <label2>$INFO[ListItem.VideoResolution]</label2>
                                <onclick>noop</onclick>
                                <visible>!String.IsEmpty(ListItem.VideoResolution)</visible>
                            </item>
                            <item>
                                <label>$LOCALIZE[21446]:</label>
                                <label2>$INFO[ListItem.AudioCodec]</label2>
                                <onclick>noop</onclick>
                                <visible>!String.IsEmpty(ListItem.AudioCodec)</visible>
                            </item>
                            <item>
                                <label>$LOCALIZE[21444]:</label>
                                <label2>$INFO[ListItem.AudioChannels]</label2>
                                <onclick>noop</onclick>
                                <visible>!String.IsEmpty(ListItem.AudioChannels)</visible>
                            </item>
                            <item>
                                <label>$LOCALIZE[21447]:</label>
                                <label2>$INFO[ListItem.AudioLanguage]</label2>
                                <onclick>noop</onclick>
                                <visible>!String.IsEmpty(ListItem.AudioLanguage)</visible>
                            </item>
                            <item>
                                <label>$LOCALIZE[21448]:</label>
                                <label2>$INFO[ListItem.SubtitleLanguage]</label2>
                                <onclick>noop</onclick>
                                <visible>!String.IsEmpty(ListItem.SubtitleLanguage)</visible>
                            </item>
                            <item>
                                <label>IMDB Top 250 #: </label>
                                <label2>$INFO[ListItem.Top250]</label2>
                                <onclick>noop</onclick>
                                <visible>!String.IsEmpty(ListItem.Top250)</visible>
                            </item>
                            <item>
                                <label>$LOCALIZE[36501]:</label>
                                <label2>$INFO[ListItem.StereoscopicMode]</label2>
                                <onclick>noop</onclick>
                                <visible>!String.IsEmpty(ListItem.StereoscopicMode)</visible>
                                <visible>!Skin.HasSetting(plexbmc)</visible>
                            </item>
                            <item>
                                <label>$LOCALIZE[573]:</label>
                                <label2>$INFO[ListItem.Path]</label2>
                                <onclick>Dialog.Close(movieinformation)</onclick>
                                <onclick>ActivateWindow(Videos,$INFO[ListItem.Path],return)</onclick>
                                <visible>!Skin.HasSetting(plexbmc)</visible>
                            </item>
                            <item>
                                <label>$LOCALIZE[21800]:</label>
                                <label2>$INFO[ListItem.Filename]</label2>
                                <onclick>noop</onclick>
                                <visible>!String.IsEmpty(ListItem.Filename)</visible>
                            </item>
                            <item>
                                <label>$LOCALIZE[567]:</label>
                                <label2>$INFO[ListItem.PlayCount]</label2>
                                <onclick>noop</onclick>
                                <visible>!String.IsEmpty(ListItem.PlayCount)</visible>
                            </item>
                            <item>
                                <label fallback="-">$LOCALIZE[575]:</label>
                                <label2>$INFO[ListItem.PercentPlayed,,%]</label2>
                                <onclick>noop</onclick>
                                <visible>ListItem.IsResumable</visible>
                            </item>
                            <item>
                                <label fallback="-">$LOCALIZE[568]:</label>
                                <label2>$INFO[ListItem.LastPlayed]</label2>
                                <onclick>noop</onclick>
                                <visible>!String.IsEmpty(ListItem.LastPlayed)</visible>
                            </item>
                        </content>
                    </control>
                    <control type="group">
                        <visible>String.IsEqual(ListItem.DBType,tvshow)</visible>
                        <control type="panel" id="9009">
                            <include>List_9009_Commons</include>
                            <content>
                                <item>
                                    <label>$LOCALIZE[20360]:</label>
                                    <label2>$INFO[listitem.episode]     ($INFO[ListItem.Property(WatchedEpisodes),, $LOCALIZE[16102]] - $INFO[ListItem.Property(UnWatchedEpisodes), , $LOCALIZE[16101]])</label2>
                                    <onclick>noop</onclick>
                                    <visible>!String.IsEmpty(ListItem.Episode)</visible>
                                </item>
                                <item>
                                    <label>$LOCALIZE[515]:</label>
                                    <label2>$INFO[ListItem.Genre]</label2>
                                    <onclick>noop</onclick>
                                    <visible>!String.IsEmpty(ListItem.Genre)</visible>
                                </item>
                                <item>
                                    <label>$LOCALIZE[562]:</label>
                                    <label2>$INFO[ListItem.Year]</label2>
                                    <onclick>noop</onclick>
                                    <visible>!String.IsEmpty(ListItem.Year)</visible>
                                </item>
                                <item>
                                    <label>$LOCALIZE[20074]:</label>
                                    <label2>$INFO[ListItem.mpaa]</label2>
                                    <onclick>noop</onclick>
                                    <visible>!String.IsEmpty(ListItem.mpaa)</visible>
                                </item>
                                <item>
                                    <label>$LOCALIZE[38018]:</label>
                                    <label2>$INFO[ListItem.Userrating,,.0]</label2>
                                    <onclick>noop</onclick>
                                    <visible>!String.IsEmpty(ListItem.Userrating)</visible>
                                </item>
                                <item>
                                    <label>$LOCALIZE[563]:</label>
                                    <label2>$INFO[ListItem.RatingAndVotes]</label2>
                                    <onclick>noop</onclick>
                                    <visible>!String.IsEmpty(ListItem.RatingAndVotes)</visible>
                                </item>
                                <item>
                                    <label>$LOCALIZE[20416]:</label>
                                    <label2>$INFO[ListItem.Premiered]</label2>
                                    <onclick>noop</onclick>
                                    <visible>!String.IsEmpty(ListItem.Premiered)</visible>
                                </item>
                                <item>
                                    <label>$LOCALIZE[126]:</label>
                                    <label2>$INFO[ListItem.Status]</label2>
                                    <onclick>noop</onclick>
                                    <visible>!String.IsEmpty(ListItem.Status)</visible>
                                </item>
                                <item>
                                    <label>$LOCALIZE[574]:</label>
                                    <label2>$INFO[ListItem.Country]</label2>
                                    <onclick>noop</onclick>
                                    <visible>!String.IsEmpty(ListItem.Country)</visible>
                                </item>
                                <item>
                                    <label>$LOCALIZE[570]:</label>
                                    <label2>$INFO[ListItem.DateAdded]</label2>
                                    <onclick>noop</onclick>
                                    <visible>!String.IsEmpty(ListItem.DateAdded)</visible>
                                </item>
                                <item>
                                    <label>$LOCALIZE[573]:</label>
                                    <label2>$INFO[ListItem.Path]</label2>
                                    <onclick>Dialog.Close(movieinformation)</onclick>
                                    <onclick>ActivateWindow(Videos,$INFO[ListItem.Path],return)</onclick>
                                </item>
                                <item>
                                    <label>$LOCALIZE[21800]:</label>
                                    <label2>$INFO[ListItem.Filename]</label2>
                                    <onclick>noop</onclick>
                                    <visible>!String.IsEmpty(ListItem.Filename)</visible>
                                </item>
                            </content>
                        </control>
                    </control>
                    <control type="group">
                        <visible>String.IsEqual(ListItem.DBType,episode)</visible>
                        <control type="panel" id="9009">
                            <include>List_9009_Commons</include>
                            <content>
                                <item>
                                    <label>$LOCALIZE[20364]:</label>
                                    <label2>$INFO[ListItem.TVShowTitle]</label2>
                                    <onclick>noop</onclick>
                                    <visible>!String.IsEmpty(ListItem.TVShowTitle)</visible>
                                </item>
                                <item>
                                    <label>$LOCALIZE[20373]:</label>
                                    <label2>$INFO[ListItem.Season]</label2>
                                    <onclick>noop</onclick>
                                    <visible>!String.IsEmpty(ListItem.Season)</visible>
                                    <visible>!Skin.HasSetting(plexbmc)</visible>
                                </item>
                                <item>
                                    <label>$LOCALIZE[20359]:</label>
                                    <label2>$INFO[ListItem.Episode]</label2>
                                    <onclick>noop</onclick>
                                    <visible>!String.IsEmpty(ListItem.Episode)</visible>
                                    <visible>!Skin.HasSetting(plexbmc)</visible>
                                </item>
                                <item>
                                    <label>$LOCALIZE[515]:</label>
                                    <label2>$INFO[ListItem.Genre]</label2>
                                    <onclick>noop</onclick>
                                    <visible>!String.IsEmpty(ListItem.Genre)</visible>
                                </item>
                                <item>
                                    <visible>!System.HasAddon(script.extendedinfo)</visible>
                                    <label>$LOCALIZE[20339]:</label>
                                    <label2>$INFO[ListItem.Director]</label2>
                                    <onclick>SendClick(2003,13)</onclick>
                                    <visible>!String.IsEmpty(ListItem.Director)</visible>
                                </item>
                                <item>
                                    <visible>!System.HasAddon(script.extendedinfo)</visible>
                                    <label>$LOCALIZE[20417]:</label>
                                    <label2>$INFO[ListItem.Writer]</label2>
                                    <onclick>noop</onclick>
                                    <visible>!String.IsEmpty(ListItem.Writer)</visible>
                                </item>
                                <item>
                                    <visible>System.HasAddon(script.extendedinfo)</visible>
                                    <label>$LOCALIZE[20339]:</label>
                                    <label2>$INFO[ListItem.Director]</label2>
                                    <!-- <onclick>dialog.close(all,true)</onclick> -->
                                    <onclick>RunScript(script.extendedinfo,info=extendedactorinfo,name=$INFO[ListItem.Director])</onclick>
                                    <visible>!String.IsEmpty(ListItem.Director)</visible>
                                </item>
                                <item>
                                    <visible>System.HasAddon(script.extendedinfo)</visible>
                                    <label>$LOCALIZE[20417]:</label>
                                    <label2>$INFO[ListItem.Writer]</label2>
                                    <!-- <onclick>dialog.close(all,true)</onclick> -->
                                    <onclick>RunScript(script.extendedinfo,info=extendedactorinfo,name=$INFO[ListItem.Writer])</onclick>
                                    <visible>!String.IsEmpty(ListItem.Writer)</visible>
                                </item>
                                <item>
                                    <label>$LOCALIZE[562]:</label>
                                    <label2>$INFO[ListItem.Year]</label2>
                                    <onclick>noop</onclick>
                                    <visible>!String.IsEmpty(ListItem.Year)</visible>
                                </item>
                                <item>
                                    <label>$LOCALIZE[20074]:</label>
                                    <label2>$INFO[ListItem.mpaa]</label2>
                                    <onclick>noop</onclick>
                                    <visible>!String.IsEmpty(ListItem.mpaa)</visible>
                                </item>
                                <item>
                                    <label>$LOCALIZE[2050]:</label>
                                    <label2>$INFO[ListItem.Duration] $LOCALIZE[12391]</label2>
                                    <onclick>noop</onclick>
                                    <visible>!String.IsEmpty(ListItem.Duration)</visible>
                                </item>
                                <item>
                                    <label>$LOCALIZE[38018]:</label>
                                    <label2>$INFO[ListItem.Userrating,,.0]</label2>
                                    <onclick>noop</onclick>
                                    <visible>!String.IsEmpty(ListItem.Userrating)</visible>
                                </item>
                                <item>
                                    <label>$LOCALIZE[563]:</label>
                                    <label2>$INFO[ListItem.RatingAndVotes]</label2>
                                    <onclick>noop</onclick>
                                    <visible>!String.IsEmpty(ListItem.RatingAndVotes)</visible>
                                </item>
                                <item>
                                    <label>$LOCALIZE[20416]:</label>
                                    <label2>$INFO[ListItem.Premiered]</label2>
                                    <onclick>noop</onclick>
                                    <visible>!String.IsEmpty(ListItem.Premiered)</visible>
                                </item>
                                <item>
                                    <label>$LOCALIZE[574]:</label>
                                    <label2>$INFO[ListItem.Country]</label2>
                                    <onclick>noop</onclick>
                                    <visible>!String.IsEmpty(ListItem.Country)</visible>
                                </item>
                                <item>
                                    <label>$LOCALIZE[570]:</label>
                                    <label2>$INFO[ListItem.DateAdded]</label2>
                                    <onclick>noop</onclick>
                                    <visible>!String.IsEmpty(ListItem.DateAdded)</visible>
                                </item>
                                <item>
                                    <label>$LOCALIZE[21445]:</label>
                                    <label2>$INFO[ListItem.VideoCodec]</label2>
                                    <onclick>noop</onclick>
                                    <visible>!String.IsEmpty(ListItem.VideoCodec)</visible>
                                </item>
                                <item>
                                    <label>$LOCALIZE[21805]:</label>
                                    <label2>$INFO[ListItem.VideoResolution]</label2>
                                    <onclick>noop</onclick>
                                    <visible>!String.IsEmpty(ListItem.VideoResolution)</visible>
                                </item>
                                <item>
                                    <label>$LOCALIZE[21446]:</label>
                                    <label2>$INFO[ListItem.AudioCodec]</label2>
                                    <onclick>noop</onclick>
                                    <visible>!String.IsEmpty(ListItem.AudioCodec)</visible>
                                </item>
                                <item>
                                    <label>$LOCALIZE[21444]:</label>
                                    <label2>$INFO[ListItem.AudioChannels]</label2>
                                    <onclick>noop</onclick>
                                    <visible>!String.IsEmpty(ListItem.AudioChannels)</visible>
                                </item>
                                <item>
                                    <label>$LOCALIZE[21447]:</label>
                                    <label2>$INFO[ListItem.AudioLanguage]</label2>
                                    <onclick>noop</onclick>
                                    <visible>!String.IsEmpty(ListItem.AudioLanguage)</visible>
                                </item>
                                <item>
                                    <label>$LOCALIZE[21448]:</label>
                                    <label2>$INFO[ListItem.SubtitleLanguage]</label2>
                                    <onclick>noop</onclick>
                                    <visible>!String.IsEmpty(ListItem.SubtitleLanguage)</visible>
                                </item>
                                <item>
                                    <label>$LOCALIZE[21448]</label>
                                    <label2>$INFO[ListItem.SubtitleLanguage]</label2>
                                    <onclick>noop</onclick>
                                    <visible>!String.IsEmpty(ListItem.SubtitleLanguage)</visible>
                                </item>
                                <item>
                                    <label>IMDB Top 250 #:</label>
                                    <label2>$INFO[ListItem.Top250]</label2>
                                    <onclick>noop</onclick>
                                    <visible>!String.IsEmpty(ListItem.Top250)</visible>
                                </item>
                                <item>
                                    <label>$LOCALIZE[36501]:</label>
                                    <label2>$INFO[ListItem.StereoscopicMode]</label2>
                                    <onclick>noop</onclick>
                                    <visible>!String.IsEmpty(ListItem.StereoscopicMode)</visible>
                                    <visible>!Skin.HasSetting(plexbmc)</visible>
                                </item>
                                <item>
                                    <label>$LOCALIZE[573]:</label>
                                    <label2>$INFO[ListItem.Path]</label2>
                                    <onclick>Dialog.Close(movieinformation)</onclick>
                                    <onclick>ActivateWindow(Videos,$INFO[ListItem.Path],return)</onclick>
                                    <visible>!Skin.HasSetting(plexbmc)</visible>
                                </item>
                                <item>
                                    <label>$LOCALIZE[21800]:</label>
                                    <label2>$INFO[ListItem.Filename]</label2>
                                    <onclick>noop</onclick>
                                    <visible>!String.IsEmpty(ListItem.Filename)</visible>
                                </item>
                                <item>
                                    <label>$LOCALIZE[567]:</label>
                                    <label2>$INFO[ListItem.PlayCount]</label2>
                                    <onclick>noop</onclick>
                                    <visible>!String.IsEmpty(ListItem.PlayCount)</visible>
                                </item>
                                <item>
                                    <label fallback="-">$LOCALIZE[575]:</label>
                                    <label2>$INFO[ListItem.PercentPlayed,,%]</label2>
                                    <onclick>noop</onclick>
                                    <visible>ListItem.IsResumable</visible>
                                </item>
                                <item>
                                    <label fallback="-">$LOCALIZE[568]:</label>
                                    <label2>$INFO[ListItem.LastPlayed]</label2>
                                    <onclick>noop</onclick>
                                    <visible>!String.IsEmpty(ListItem.LastPlayed)</visible>
                                </item>
                            </content>
                        </control>
                    </control>
                    <control type="group">
                        <visible>String.IsEqual(ListItem.DBType,musicvideo)</visible>
                        <control type="panel" id="9009">
                            <include>List_9009_Commons</include>
                            <content>
                                <item>
                                    <label>$LOCALIZE[557]:</label>
                                    <label2>$INFO[ListItem.Artist]</label2>
                                    <onclick>noop</onclick>
                                    <visible>!String.IsEmpty(ListItem.Artist)</visible>
                                </item>
                                <item>
                                    <label>$LOCALIZE[558]:</label>
                                    <label2>$INFO[ListItem.Album]</label2>
                                    <onclick>noop</onclick>
                                    <visible>!String.IsEmpty(ListItem.Album)</visible>
                                </item>
                                <item>
                                    <label>$LOCALIZE[515]:</label>
                                    <label2>$INFO[ListItem.Genre]</label2>
                                    <onclick>noop</onclick>
                                    <visible>!String.IsEmpty(ListItem.Genre)</visible>
                                </item>
                                <item>
                                    <label>$LOCALIZE[572]:</label>
                                    <label2>$INFO[ListItem.Studio]</label2>
                                    <onclick>noop</onclick>
                                    <visible>!String.IsEmpty(ListItem.Studio)</visible>
                                </item>
                                <item>
                                    <visible>!System.HasAddon(script.extendedinfo)</visible>
                                    <label>$LOCALIZE[20339]:</label>
                                    <label2>$INFO[ListItem.Director]</label2>
                                    <onclick>SendClick(2003,13)</onclick>
                                    <visible>!String.IsEmpty(ListItem.Director)</visible>
                                </item>
                                <item>
                                    <visible>!System.HasAddon(script.extendedinfo)</visible>
                                    <label>$LOCALIZE[20417]:</label>
                                    <label2>$INFO[ListItem.Writer]</label2>
                                    <onclick>noop</onclick>
                                    <visible>!String.IsEmpty(ListItem.Writer)</visible>
                                </item>
                                <item>
                                    <visible>System.HasAddon(script.extendedinfo)</visible>
                                    <label>$LOCALIZE[20339]:</label>
                                    <label2>$INFO[ListItem.Director]</label2>
                                    <!-- <onclick>dialog.close(all,true)</onclick> -->
                                    <onclick>RunScript(script.extendedinfo,info=extendedactorinfo,name=$INFO[ListItem.Director])</onclick>
                                    <visible>!String.IsEmpty(ListItem.Director)</visible>
                                </item>
                                <item>
                                    <visible>System.HasAddon(script.extendedinfo)</visible>
                                    <label>$LOCALIZE[20417]:</label>
                                    <label2>$INFO[ListItem.Writer]</label2>
                                    <!-- <onclick>dialog.close(all,true)</onclick> -->
                                    <onclick>RunScript(script.extendedinfo,info=extendedactorinfo,name=$INFO[ListItem.Writer])</onclick>
                                    <visible>!String.IsEmpty(ListItem.Writer)</visible>
                                </item>
                                <item>
                                    <label>$LOCALIZE[562]:</label>
                                    <label2>$INFO[ListItem.Year]</label2>
                                    <onclick>noop</onclick>
                                    <visible>!String.IsEmpty(ListItem.Year)</visible>
                                </item>
                                <item>
                                    <label>$LOCALIZE[2050]:</label>
                                    <label2>$INFO[ListItem.Duration] $LOCALIZE[12391]</label2>
                                    <onclick>noop</onclick>
                                    <visible>!String.IsEmpty(ListItem.Duration)</visible>
                                </item>
                                <item>
                                    <label>$LOCALIZE[38018]:</label>
                                    <label2>$INFO[ListItem.Userrating,,.0]</label2>
                                    <onclick>noop</onclick>
                                    <visible>!String.IsEmpty(ListItem.Userrating)</visible>
                                </item>
                                <item>
                                    <label>$LOCALIZE[20416]:</label>
                                    <label2>$INFO[ListItem.Premiered]</label2>
                                    <onclick>noop</onclick>
                                    <visible>!String.IsEmpty(ListItem.Premiered)</visible>
                                </item>
                                <item>
                                    <label>$LOCALIZE[574]:</label>
                                    <label2>$INFO[ListItem.Country]</label2>
                                    <onclick>noop</onclick>
                                    <visible>!String.IsEmpty(ListItem.Country)</visible>
                                </item>
                                <item>
                                    <label>$LOCALIZE[570]:</label>
                                    <label2>$INFO[ListItem.DateAdded]</label2>
                                    <onclick>noop</onclick>
                                    <visible>!String.IsEmpty(ListItem.DateAdded)</visible>
                                </item>
                                <item>
                                    <label>$LOCALIZE[21445]:</label>
                                    <label2>$INFO[ListItem.VideoCodec]</label2>
                                    <onclick>noop</onclick>
                                    <visible>!String.IsEmpty(ListItem.VideoCodec)</visible>
                                </item>
                                <item>
                                    <label>$LOCALIZE[21805]:</label>
                                    <label2>$INFO[ListItem.VideoResolution]</label2>
                                    <onclick>noop</onclick>
                                    <visible>!String.IsEmpty(ListItem.VideoResolution)</visible>
                                </item>
                                <item>
                                    <label>$LOCALIZE[21446]:</label>
                                    <label2>$INFO[ListItem.AudioCodec]</label2>
                                    <onclick>noop</onclick>
                                    <visible>!String.IsEmpty(ListItem.AudioCodec)</visible>
                                </item>
                                <item>
                                    <label>$LOCALIZE[21444]:</label>
                                    <label2>$INFO[ListItem.AudioChannels]</label2>
                                    <onclick>noop</onclick>
                                    <visible>!String.IsEmpty(ListItem.AudioChannels)</visible>
                                </item>
                                <item>
                                    <label>$LOCALIZE[21447]:</label>
                                    <label2>$INFO[ListItem.AudioLanguage]</label2>
                                    <onclick>noop</onclick>
                                    <visible>!String.IsEmpty(ListItem.AudioLanguage)</visible>
                                </item>
                                <item>
                                    <label>$LOCALIZE[21448]:</label>
                                    <label2>$INFO[ListItem.SubtitleLanguage]</label2>
                                    <onclick>noop</onclick>
                                    <visible>!String.IsEmpty(ListItem.SubtitleLanguage)</visible>
                                </item>
                                <item>
                                    <label>$LOCALIZE[21448]:</label>
                                    <label2>$INFO[ListItem.SubtitleLanguage]</label2>
                                    <onclick>noop</onclick>
                                    <visible>!String.IsEmpty(ListItem.SubtitleLanguage)</visible>
                                </item>
                                <item>
                                    <label>$LOCALIZE[36501]:</label>
                                    <label2>$INFO[ListItem.StereoscopicMode]</label2>
                                    <onclick>noop</onclick>
                                    <visible>!String.IsEmpty(ListItem.StereoscopicMode)</visible>
                                </item>
                                <item>
                                    <label>$LOCALIZE[573]:</label>
                                    <label2>$INFO[ListItem.Path]</label2>
                                    <onclick>Dialog.Close(movieinformation)</onclick>
                                    <onclick>ActivateWindow(Videos,$INFO[ListItem.Path],return)</onclick>
                                </item>
                                <item>
                                    <label>$LOCALIZE[21800]:</label>
                                    <label2>$INFO[ListItem.Filename]</label2>
                                    <onclick>noop</onclick>
                                    <visible>!String.IsEmpty(ListItem.Filename)</visible>
                                </item>
                                <item>
                                    <label>$LOCALIZE[567]:</label>
                                    <label2>$INFO[ListItem.PlayCount]</label2>
                                    <onclick>noop</onclick>
                                    <visible>!String.IsEmpty(ListItem.PlayCount)</visible>
                                </item>
                                <item>
                                    <label fallback="-">$LOCALIZE[575]:</label>
                                    <label2>$INFO[ListItem.PercentPlayed,,%]</label2>
                                    <onclick>noop</onclick>
                                    <visible>ListItem.IsResumable</visible>
                                </item>
                                <item>
                                    <label fallback="-">$LOCALIZE[568]:</label>
                                    <label2>$INFO[ListItem.LastPlayed]</label2>
                                    <onclick>noop</onclick>
                                    <visible>!String.IsEmpty(ListItem.LastPlayed)</visible>
                                </item>
                            </content>
                        </control>
                    </control>
                    <control type="scrollbar" id="60">
                        <posx>810</posx>
                        <posy>100</posy>
                        <height>600</height>
                        <include>VerticalScroller</include>
                        <onleft>9009</onleft>
                        <onright>60</onright>
                    </control>
                    <control type="grouplist">
                        <posx>TextMargin</posx>
                        <posy>750</posy>
                        <width min="90" max="967">auto</width>
                        <height>90</height>
                        <itemgap>20</itemgap>
                        <orientation>horizontal</orientation>
                        <align>left</align>
                        <aligny>center</aligny>
                        <include content="CodecsShowcase">
                            <param name="colordiffuse" value="ffffffff"/>
                            <param name="TextColor" value="TextColor_AlternateColor"/>
                        </include>
                    </control>
                    <control type="group">
                        <posx>910</posx>
                        <posy>0</posy>
                        <include content="DiscArt">
                            <param name="visible" value="!ListItem.IsParentFolder+!String.IsEmpty(ListItem.Thumb)+[String.IsEqual(ListItem.DBType,movie)|String.IsEqual(ListItem.DBType,musicvideo)]"/>
                            <param name="x" value="10"/>
                            <param name="y" value="-180"/>
                            <param name="width" value="360"/>
                            <param name="height" value="360"/>
                            <param name="texture" value="$VAR[VideoCdArt]"/>
                            <param name="visibleShadow" value="true"/>
                            <param name="xShadow" value="0"/>
                            <param name="yShadow" value="-25"/>
                            <param name="widthShadow" value="380"/>
                            <param name="flipyShadow" value="false"/>
                        </include>
                        <control type="image">
                            <visible>String.IsEmpty(Listitem.Thumb)</visible>
                            <posx>0</posx>
                            <posy>0</posy>
                            <width>380</width>
                            <height>570</height>
                            <colordiffuse>$VAR[Picked.Theme.Color]</colordiffuse>
                            <texture>defaultVideoBig.png</texture>
                            <aspectratio aligny="top">keep</aspectratio>
                        </control>
                        <control type="image">
                            <posx>0</posx>
                            <posy>0</posy>
                            <width>380</width>
                            <height>570</height>
                            <texture background="true">$INFO[Listitem.Thumb]</texture>
                            <aspectratio aligny="top">keep</aspectratio>
                        </control>
                        <include content="ClearArtLogo">
                            <param name="x" value="0"/>
                            <param name="y" value="620"/>
                            <param name="width" value="380"/>
                            <param name="height" value="180"/>
                            <param name="visible" value="true"/>
                            <param name="align" value="center"/>
                            <param name="aligny" value="center"/>
                        </include>
                    </control>
                </control>
                <control type="group" id="90130">
                    <visible>Control.HasFocus(9013)|ControlGroup(90130).HasFocus</visible>
                    <include>VisibleFadeEffect</include>
                    <!-- PLOT -->
                    <control type="label">
                        <posx>TextMargin</posx>
                        <posy>50</posy>
                        <width>760</width>
                        <height>35</height>
                        <font>InfoTitleSubFont</font>
                        <include>TextColor_MidColor</include>
                        <label>$LOCALIZE[207]</label>
                    </control>
                    <include content="DummyButton">
                        <param name="x" value="0"/>
                        <param name="y" value="0"/>
                        <param name="width" value="860"/>
                        <param name="height" value="800"/>
                        <param name="onfocus" value="noop"/>
                    </include>
                    <control type="textbox">
                        <posx>TextMargin</posx>
                        <posy>100</posy>
                        <width>760</width>
                        <height>680</height>
                        <font>InfoDetailsFontBig</font>
                        <textcolor>AlternateColor</textcolor>
                        <label>$VAR[Plots]</label>
                        <pagecontrol>6060</pagecontrol>
                    </control>
                    <control type="scrollbar" id="6060">
                        <visible>Skin.HasSetting(ManualScroll)</visible>
                        <posx>810</posx>
                        <posy>100</posy>
                        <height>680</height>
                        <include>VerticalScroller</include>
                        <onleft>9013</onleft>
                    </control>
                    <control type="group">
                        <posx>910</posx>
                        <posy>0</posy>
                        <include content="DiscArt">
                            <param name="visible" value="!String.IsEmpty(ListItem.Thumb)+[String.IsEqual(ListItem.DBType,movie)|String.IsEqual(ListItem.DBType,musicvideo)]"/>
                            <param name="x" value="10"/>
                            <param name="y" value="-180"/>
                            <param name="width" value="360"/>
                            <param name="height" value="360"/>
                            <param name="texture" value="$VAR[VideoCdArt]"/>
                            <param name="visibleShadow" value="true"/>
                            <param name="xShadow" value="0"/>
                            <param name="yShadow" value="-25"/>
                            <param name="widthShadow" value="380"/>
                            <param name="flipyShadow" value="false"/>
                        </include>
                        <control type="image">
                            <visible>String.IsEmpty(Listitem.Thumb)</visible>
                            <posx>0</posx>
                            <posy>0</posy>
                            <width>380</width>
                            <height>570</height>
                            <colordiffuse>$VAR[Picked.Theme.Color]</colordiffuse>
                            <texture>defaultVideoBig.png</texture>
                            <aspectratio aligny="top">keep</aspectratio>
                        </control>
                        <control type="image">
                            <posx>0</posx>
                            <posy>0</posy>
                            <width>380</width>
                            <height>570</height>
                            <texture background="true">$INFO[Listitem.Thumb]</texture>
                            <aspectratio aligny="top">keep</aspectratio>
                        </control>
                        <include content="ClearArtLogo">
                            <param name="x" value="0"/>
                            <param name="y" value="620"/>
                            <param name="width" value="380"/>
                            <param name="height" value="180"/>
                            <param name="visible" value="true"/>
                            <param name="align" value="center"/>
                            <param name="aligny" value="center"/>
                        </include>
                    </control>
                </control>
                <control type="group" id="90120">
                    <visible>control.hasfocus(9012)|ControlGroup(90120).HasFocus</visible>
                    <include>VisibleFadeEffect</include>
                    <control type="label">
                        <posx>TextMargin</posx>
                        <posy>50</posy>
                        <width>760</width>
                        <height>35</height>
                        <font>InfoTitleSubFont</font>
                        <include>TextColor_MidColor</include>
                        <label>$LOCALIZE[344] - $INFO[Container(50).NumItems] $LOCALIZE[31025]</label>
                    </control>
                    <include content="DummyButton">
                        <param name="x" value="0"/>
                        <param name="y" value="0"/>
                        <param name="width" value="860"/>
                        <param name="height" value="800"/>
                        <param name="onfocus" value="noop"/>
                    </include>
                    <!-- ACTOR LIST -->
                    <control type="list" id="50">
                        <posx>0</posx>
                        <posy>100</posy>
                        <width>860</width>
                        <height>700</height>
                        <pagecontrol>61</pagecontrol>
                        <onleft>9000</onleft>
                        <onright>61</onright>
                        <onup>50</onup>
                        <ondown>50</ondown>
                        <orientation>vertical</orientation>
                        <itemlayout height="100" width="860">
                            <control type="label">
                                <posx>TextMargin</posx>
                                <posy>6</posy>
                                <height>50</height>
                                <width>760</width>
                                <font>FacadeListMainFont</font>
                                <include>TextColor_MidColor</include>
                                <label>$INFO[ListItem.Label]</label>
                            </control>
                            <control type="label">
                                <posx>TextMargin</posx>
                                <posy>44</posy>
                                <height>50</height>
                                <width>760</width>
                                <font>FacadeListSubFont</font>
                                <textcolor>NoFocusedColor</textcolor>
                                <label>$INFO[ListItem.Label2,$LOCALIZE[20347] ]</label>
                            </control>
                        </itemlayout>
                        <focusedlayout height="100" width="860">
                            <control type="group">
                                <include>ButtonWideFocusAnimation</include>
                                <control type="image">
                                    <posx>0</posx>
                                    <posy>0</posy>
                                    <height>100</height>
                                    <width>860</width>
                                    <colordiffuse>$VAR[Picked.Theme.Color]</colordiffuse>
                                    <texture border="1">list/bg_facade_focus_2.png</texture>
                                </control>
                                <control type="label">
                                    <posx>TextMargin</posx>
                                    <posy>6</posy>
                                    <height>50</height>
                                    <width>760</width>
                                    <font>FacadeListMainFont</font>
                                    <scroll>true</scroll>
                                    <include>TextColor_MainColor</include>
                                    <label>$INFO[ListItem.Label]</label>
                                </control>
                                <control type="label">
                                    <posx>TextMargin</posx>
                                    <posy>44</posy>
                                    <height>50</height>
                                    <width>760</width>
                                    <font>FacadeListSubFont</font>
                                    <scroll>true</scroll>
                                    <textcolor>AlternateColor</textcolor>
                                    <label>$INFO[ListItem.Label2,$LOCALIZE[20347] ]</label>
                                </control>
                            </control>
                        </focusedlayout>
                    </control>
                    <control type="scrollbar" id="61">
                        <posx>810</posx>
                        <posy>100</posy>
                        <height>700</height>
                        <include>VerticalScroller</include>
                        <onleft>50</onleft>
                        <onright>9014</onright>
                    </control>
                    <control type="group">
                        <posx>910</posx>
                        <posy>0</posy>
                        <control type="image">
                            <visible>String.IsEmpty(Listitem.Thumb)</visible>
                            <posx>0</posx>
                            <posy>0</posy>
                            <width>380</width>
                            <height>570</height>
                            <colordiffuse>$VAR[Picked.Theme.Color]</colordiffuse>
                            <texture>defaultArtistBig.png</texture>
                            <aspectratio aligny="top">keep</aspectratio>
                        </control>
                        <control type="image">
                            <posx>0</posx>
                            <posy>0</posy>
                            <width>380</width>
                            <height>570</height>
                            <texture background="true">$INFO[Container(50).ListItem.Thumb]</texture>
                            <aspectratio aligny="top">keep</aspectratio>
                        </control>
                        <include content="DummyButton">
                            <param name="x" value="-50"/>
                            <param name="y" value="0"/>
                            <param name="width" value="480"/>
                            <param name="height" value="850"/>
                            <param name="onfocus" value="SetFocus(9014)"/>
                        </include>
                        <control type="button" id="9014">
                            <visible>Integer.IsGreater(Container(50).NumItems,0)</visible>
                            <visible>System.HasAddon(script.extendedinfo)</visible>
                            <description>Actor Info</description>
                            <posx>-50</posx>
                            <posy>750</posy>
                            <width>480</width>
                            <include>LeftMenuButton</include>
                            <label>$LOCALIZE[31015]</label>
                            <!-- <onclick>dialog.close(all,true)</onclick> -->
                            <onclick>RunScript(script.extendedinfo,info=extendedactorinfo,name=$INFO[Container(50).ListItem.Label])</onclick>
                            <onleft>61</onleft>
                            <onright>9014</onright>
                        </control>
                    </control>
                </control>
            </control>
        </control>
    </controls>
</window>
