<?xml version="1.0" encoding="utf-8"?>
<window type="window">
    <defaultcontrol>3</defaultcontrol>
    <controls>
        <include>DimBG</include>
        <control type="group">
            <include>DialogOpenClose</include>
            <control type="image">
                <posx>160</posx>
                <posy>140</posy>
                <width>1600</width>
                <height>1080</height>
                <!--<include>DialogTransparency</include>-->
                <colordiffuse>$VAR[Picked.Theme.Color]</colordiffuse>
                <texture border="50">common/background_menu.png</texture>
            </control>
            <include content="WindowClosingButton">
                <param name="id" value="9010"/>
                <param name="x" value="1710"/>
                <param name="y" value="140"/>
                <param name="onleft" value="6060"/>
            </include>
            <control type="label" id="1">
                <posx>260</posx>
                <posy>240</posy>
                <width>920</width>
                <height>50</height>
                <label>$LOCALIZE[13406]</label>
                <font>InfoTitleFont</font>
                <scroll>true</scroll>
                <include>TextColor_MainColor</include>
            </control>
            <control type="label" id="4">
                <description>No Settings Label</description>
                <posx>210</posx>
                <posy>340</posy>
                <width>920</width>
                <height>50</height>
                <font>InfoDetailsFont</font>
                <textcolor>AlternateColor</textcolor>
            </control>
            <control type="group">
                <visible>control.isvisible(6)</visible>
                <control type="image">
                    <posx>1230</posx>
                    <posy>190</posy>
                    <width>480</width>
                    <height>900</height>
                    <texture border="1">common/background_strip_horizontal_right.png</texture>
                </control>
                <control type="label">
                    <posx>260</posx>
                    <posy>282</posy>
                    <width>920</width>
                    <height>35</height>
                    <font>InfoTitleSubFont</font>
                    <include>TextColor_MidColor</include>
                    <label>$INFO[Container(6).NumItems,, $LOCALIZE[31025]]</label>
                </control>
                <control type="image">
                    <visible>!String.IsEmpty(Container(6).ListItem.Thumb)</visible>
                    <posx>1280</posx>
                    <posy>240</posy>
                    <width>380</width>
                    <height>380</height>
                    <aspectratio aligny="top">keep</aspectratio>
                    <texture background="true">$INFO[Container(6).ListItem.Thumb]</texture>
                </control>
                <control type="image">
                    <visible>!String.IsEmpty(Container(6).ListItem.Icon)</visible>
                    <posx>1280</posx>
                    <posy>240</posy>
                    <width>380</width>
                    <height>570</height>
                    <aspectratio aligny="top">keep</aspectratio>
                    <texture background="true">$INFO[Container(6).ListItem.Icon]</texture>
                </control>
                <control type="label">
                    <posx>1280</posx>
                    <posy>670</posy>
                    <width>380</width>
                    <height>50</height>
                    <font>InfoDetailsFont</font>
                    <textcolor>AlternateColor</textcolor>
                    <scroll>false</scroll>
                    <label>$INFO[Container(6).ListItem.AddonVersion,$LOCALIZE[24051] ]</label>
                </control>
                <control type="label">
                    <posx>1280</posx>
                    <posy>735</posy>
                    <width>380</width>
                    <height>50</height>
                    <font>InfoDetailsFont</font>
                    <include>TextColor_MainColor</include>
                    <scroll>false</scroll>
                    <label>$INFO[Container(6).ListItem.AddonCreator,$LOCALIZE[21863]: ]</label>
                </control>
                <control type="textbox">
                    <posx>1280</posx>
                    <posy>800</posy>
                    <width>380</width>
                    <height>232</height>
                    <font>InfoPlotFont</font>
                    <textcolor>AlternateColor</textcolor>
                    <label>$INFO[Container(6).ListItem.ListItem2]</label>
                    <include>myautoscroll</include>
                </control>
                <control type="scrollbar" id="60">
                    <posx>1180</posx>
                    <posy>340</posy>
                    <height>550</height>
                    <include>VerticalScroller</include>
                    <onleft>6</onleft>
                    <onright>6</onright>
                    <ondown>9001</ondown>
                </control>
            </control>
            <control type="panel" id="6">
                <posx>210</posx>
                <posy>340</posy>
                <width>1020</width>
                <height>550</height>
                <itemgap>0</itemgap>
                <orientation>vertical</orientation>
                <onleft>6</onleft>
                <onright>60</onright>
                <onup>6</onup>
                <ondown>9001</ondown>
                <pagecontrol>60</pagecontrol>
                <itemlayout width="1020" height="50">
                    <control type="label">
                        <posx>TextMargin</posx>
                        <height>50</height>
                        <width>920</width>
                        <font>FacadeListMainFont</font>
                        <textcolor>NoFocusedColor</textcolor>
                        <label>$INFO[ListItem.Label]$INFO[ListItem.Label2,  -  ]</label>
                    </control>
                </itemlayout>
                <focusedlayout width="1020" height="50">
                    <control type="group">
                        <include>ButtonWideFocusAnimation</include>
                        <control type="image">
                            <posx>0</posx>
                            <posy>0</posy>
                            <height>50</height>
                            <width>1020</width>
                            <colordiffuse>$VAR[Picked.Theme.Color]</colordiffuse>
                            <texture border="1">list/bg_facade_focus.png</texture>
                        </control>
                        <control type="label">
                            <posx>TextMargin</posx>
                            <height>50</height>
                            <width>920</width>
                            <font>FacadeListMainFont</font>
                            <include>TextColor_MainColor</include>
                            <scroll>true</scroll>
                            <label>$INFO[ListItem.Label]$INFO[ListItem.Label2,  -  ]</label>
                        </control>
                    </control>
                </focusedlayout>
            </control>
            <control type="group">
                <visible>control.isvisible(3)</visible>
                <control type="label">
                    <posx>260</posx>
                    <posy>282</posy>
                    <width>1400</width>
                    <height>35</height>
                    <font>InfoTitleSubFont</font>
                    <include>TextColor_MidColor</include>
                    <label>$INFO[Container(3).NumItems,, $LOCALIZE[31025]]</label>
                </control>
                <control type="scrollbar" id="61">
                    <posx>1660</posx>
                    <posy>340</posy>
                    <height>550</height>
                    <include>VerticalScroller</include>
                    <onleft>3</onleft>
                    <onright>3</onright>
                    <ondown>9001</ondown>
                </control>
            </control>
            <control type="panel" id="3">
                <posx>210</posx>
                <posy>340</posy>
                <width>1500</width>
                <height>550</height>
                <itemgap>0</itemgap>
                <orientation>vertical</orientation>
                <onleft>3</onleft>
                <onright>61</onright>
                <onup>3</onup>
                <ondown>9001</ondown>
                <pagecontrol>61</pagecontrol>
                <itemlayout width="1500" height="50">
                    <control type="label">
                        <posx>TextMargin</posx>
                        <height>50</height>
                        <width>1400</width>
                        <font>FacadeListMainFont</font>
                        <textcolor>NoFocusedColor</textcolor>
                        <label>$INFO[ListItem.Label]$INFO[ListItem.Label2,  -  ]</label>
                    </control>
                </itemlayout>
                <focusedlayout width="1500" height="50">
                    <control type="group">
                        <include>ButtonWideFocusAnimation</include>
                        <control type="image">
                            <posx>0</posx>
                            <posy>0</posy>
                            <height>50</height>
                            <width>1500</width>
                            <colordiffuse>$VAR[Picked.Theme.Color]</colordiffuse>
                            <texture border="1">list/bg_facade_focus.png</texture>
                        </control>
                        <control type="label">
                            <posx>TextMargin</posx>
                            <height>50</height>
                            <width>1400</width>
                            <font>FacadeListMainFont</font>
                            <include>TextColor_MainColor</include>
                            <scroll>true</scroll>
                            <label>$INFO[ListItem.Label]$INFO[ListItem.Label2,  -  ]</label>
                        </control>
                    </control>
                </focusedlayout>
            </control>
            <control type="image">
                <animation effect="slide" time="0" start="0,0" end="0,0" condition="[control.isvisible(5)+control.isvisible(7)]+control.hasfocus(5)">Conditional</animation>
                <animation effect="slide" time="0" start="0,0" end="0,50" condition="[control.isvisible(5)+control.isvisible(7)]+control.hasfocus(7)">Conditional</animation>
                <animation effect="slide" time="0" start="0,0" end="0,25" condition="[!control.isvisible(5)+control.isvisible(7)]+control.hasfocus(7)">Conditional</animation>
                <animation effect="slide" time="0" start="0,0" end="0,25" condition="[control.isvisible(5)+!control.isvisible(7)]+control.hasfocus(5)">Conditional</animation>
                <visible>[control.hasfocus(5)|control.hasfocus(7)]+control.isvisible(3)</visible>
                <posx>210</posx>
                <posy>940</posy>
                <width>1500</width>
                <height>50</height>
                <colordiffuse>$VAR[Picked.Theme.Color]</colordiffuse>
                <texture border="1">list/bg_facade_focus.png</texture>
            </control>
            <control type="image">
                <animation effect="slide" time="0" start="0,0" end="0,0" condition="[control.isvisible(5)+control.isvisible(7)]+control.hasfocus(5)">Conditional</animation>
                <animation effect="slide" time="0" start="0,0" end="0,50" condition="[control.isvisible(5)+control.isvisible(7)]+control.hasfocus(7)">Conditional</animation>
                <animation effect="slide" time="0" start="0,0" end="0,25" condition="[!control.isvisible(5)+control.isvisible(7)]+control.hasfocus(7)">Conditional</animation>
                <animation effect="slide" time="0" start="0,0" end="0,25" condition="[control.isvisible(5)+!control.isvisible(7)]+control.hasfocus(5)">Conditional</animation>
                <visible>[control.hasfocus(5)|control.hasfocus(7)]+control.isvisible(6)</visible>
                <posx>210</posx>
                <posy>940</posy>
                <width>1020</width>
                <height>50</height>
                <colordiffuse>$VAR[Picked.Theme.Color]</colordiffuse>
                <texture border="1">list/bg_facade_focus.png</texture>
            </control>
            <control type="grouplist" id="9001">
                <posx>210</posx>
                <posy>940</posy>
                <width>1020</width>
                <height>100</height>
                <itemgap>0</itemgap>
                <align>center</align>
                <orientation>vertical</orientation>
                <onup>6</onup>
                <ondown>9001</ondown>
                <onleft>9001</onleft>
                <onright>9001</onright>
                <control type="button" id="5">
                    <description>Manual button</description>
                    <texturefocus>-</texturefocus>
                    <width>1020</width>
                    <include>LeftMenuButton</include>
                </control>
                <control type="button" id="7">
                    <description>Cancel button</description>
                    <texturefocus>-</texturefocus>
                    <width>1020</width>
                    <include>LeftMenuButton</include>
                </control>
            </control>
        </control>
    </controls>
</window>
