<?xml version="1.0" encoding="utf-8"?>
<window>
    <defaultcontrol>50</defaultcontrol>
    <menucontrol>9000</menucontrol>
    <include>ViewModes</include>
    <controls>
        <include>Fanart_Art</include>
        <include>Player_Show</include>
        <include>OverlayFull</include>
        <include>FooterInfo</include>
        <control type="group">
            <animation effect="slide" tween="circle" easing="inout" time="150" start="0,0" end="-2200,0" condition="Control.HasFocus(505050)">conditional</animation>
            <include>OpenClose</include>
            <include>NowPlayingSlideEffect</include>
            <control type="group">
                <include>View_50_BigList</include>
                <include>Info_50_BigList</include>
                <include>View_51_Panel</include>
                <include>Info_51_Panel</include>
                <include>View_57_58_59_Showcase_PVR</include>
                <include>Info_57_58_59_Showcase</include>
                <!--<include>View_54_Fanart</include>-->
                <include>View_53_Grid</include>
                <include>Info_53_Grid</include>
                <!--<include>View_56_BannerList</include>-->
                <!--<include>Info_56_BannerList</include>-->
                <include>View_5050_CardList</include>
            </control>
        </control>
        <control type="label">
            <include>WindowTitleSub</include>
            <label>$INFO[Container.NumItems,, $LOCALIZE[31025]]$INFO[Container.CurrentPage,  -  ]$INFO[Container.NumPages,/]</label>
        </control>
        <control type="label">
            <visible>String.IsEmpty(Window.Property(IsRadio))</visible>
            <include>WindowTitle</include>
            <label>$LOCALIZE[19163]</label>
        </control>
        <control type="label">
            <visible>!String.IsEmpty(Window.Property(IsRadio))</visible>
            <include>WindowTitle</include>
            <label>$LOCALIZE[19163]</label>
        </control>
        <include>Header_Logo</include>
        <include>Time</include>
        <include>NowPlaying</include>
        <include>TopBar</include>
        <!-- SIDE MENU -->
        <include>PVRLeftMenu</include>
    </controls>
</window>
