<?xml version="1.0" encoding="utf-8"?>
<window>
    <defaultcontrol always="true">500</defaultcontrol>
    <menucontrol>9000</menucontrol>
    <views>500</views>
    <controls>
        <control type="image">
            <posx>0</posx>
            <posy>0</posy>
            <width>1920</width>
            <height>1080</height>
            <texture>common/BlackDot.png</texture>
        </control>
        <include>Fanart_Art</include>
        <include>Player_Show</include>
        <include>OverlayFull</include>
        <include>FooterInfo_ExtendedInfo</include>
        <control type="group">
            <animation effect="slide" tween="circle" easing="inout" time="150" start="0,0" end="-2200,0" condition="Control.HasFocus(505050)">conditional</animation>
            <include>NowPlayingSlideEffect</include>
            <include>OpenClose</include>
            <control type="group">
                <control type="image">
                    <posx>0</posx>
                    <posy>280</posy>
                    <width>1920</width>
                    <height>800</height>
                    <texture border="51">common/background_strip_horizontal.png</texture>
                </control>
                <control type="image">
                    <posx>0</posx>
                    <posy>330</posy>
                    <width>50</width>
                    <height>700</height>
                    <texture border="1">common/background_strip_horizontal_left.png</texture>
                </control>
                <control type="image">
                    <posx>1440</posx>
                    <posy>330</posy>
                    <width>480</width>
                    <height>700</height>
                    <texture border="1">common/background_strip_horizontal_right.png</texture>
                </control>
                <control type="image">
                    <posx>960</posx>
                    <posy>330</posy>
                    <width>480</width>
                    <height>700</height>
                    <texture border="1">common/background_strip_horizontal_right.png</texture>
                </control>
                <control type="list" id="500">
                    <viewtype label="31091">List</viewtype>
                    <posx>TextMargin</posx>
                    <posy>380</posy>
                    <width>910</width>
                    <height>600</height>
                    <pagecontrol>60</pagecontrol>
                    <onleft>9000</onleft>
                    <onright>60</onright>
                    <onup>700</onup>
                    <ondown>600</ondown>
                    <preloaditems>4</preloaditems>
                    <include>BigList_Layout</include>
                </control>
                <control type="button" id="600">
                    <onfocus>SetFocus(500)</onfocus>
                    <width>1</width>
                    <height>1</height>
                    <posx>-1000</posx>
                </control>
                <control type="button" id="700">
                    <onfocus>SetFocus(500)</onfocus>
                    <width>1</width>
                    <height>1</height>
                    <posx>-1000</posx>
                </control>
            </control>
            <control type="scrollbar" id="60">
                <posx>910</posx>
                <posy>380</posy>
                <height>600</height>
                <include>VerticalScroller</include>
                <onleft>500</onleft>
                <onright>505050</onright>
            </control>
            <include content="ClearArtLogo">
                <param name="x" value="430r"/>
                <param name="y" value="180"/>
                <param name="width" value="380"/>
                <param name="height" value="150"/>
                <param name="visible" value="!Player.HasMedia"/>
                <param name="align" value="center"/>
                <param name="aligny" value="bottom"/>
            </include>
            <include content="StudioArt">
                <param name="x" value="1010"/>
                <param name="y" value="180"/>
                <param name="width" value="380"/>
                <param name="height" value="150"/>
                <param name="visible" value="!Player.HasMedia"/>
                <param name="align" value="center"/>
                <param name="aligny" value="bottom"/>
            </include>
            <control type="group">
                <control type="group">
                    <posx>1010</posx>
                    <posy>380</posy>
                    <control type="group">
                        <visible>!String.IsEmpty(Container(500).ListItem.RatingAndVotes)</visible>
                        <include>Icon_Fade</include>
                        <include content="Stars">
                            <param name="x" value="-3"/>
                            <param name="y" value="3"/>
                            <param name="color" value="alternate"/>
                        </include>
                        <control type="label">
                            <posx>TextMargin</posx>
                            <posy>0</posy>
                            <width>360</width>
                            <height>50</height>
                            <font>InfoRatingFont</font>
                            <include>TextColor_MainColor</include>
                            <scroll>false</scroll>
                            <label fallback="0.0">$INFO[Container(500).ListItem.RatingAndVotes]</label>
                        </control>
                    </control>
                    <control type="label">
                        <posx>0</posx>
                        <posy>65</posy>
                        <width>380</width>
                        <height>50</height>
                        <font>InfoDetailsFont</font>
                        <textcolor>AlternateColor</textcolor>
                        <scroll>false</scroll>
                        <label>$VAR[DetailsRow2]</label>
                    </control>
                    <control type="label">
                        <posx>0</posx>
                        <posy>130</posy>
                        <width>380</width>
                        <height>50</height>
                        <font>InfoDetailsFont</font>
                        <include>TextColor_MainColor</include>
                        <scroll>false</scroll>
                        <label>$VAR[DetailsRow3]</label>
                    </control>
                    <control type="textbox">
                        <posx>0</posx>
                        <posy>210</posy>
                        <width>380</width>
                        <height>380</height>
                        <font>InfoPlotFont</font>
                        <textcolor>AlternateColor</textcolor>
                        <label>$VAR[Plots]</label>
                        <include>myautoscroll</include>
                    </control>
                </control>
                <control type="group">
                    <posx>1490</posx>
                    <posy>380</posy>
                    <include content="ThumbsImages">
                        <param name="visible" value="true"/>
                        <param name="x" value="0"/>
                        <param name="y" value="0"/>
                        <param name="width" value="380"/>
                        <param name="height" value="570"/>
                        <param name="aspectratio" value="scale"/>
                        <param name="align" value="center"/>
                        <param name="aligny" value="center"/>
                        <param name="flipy" value="false"/>
                    </include>
                </control>
            </control>
        </control>
        <control type="label">
            <include>WindowTitle</include>
            <label>Extended Info</label>
        </control>
        <control type="label">
            <include>WindowTitleSub</include>
            <label>$INFO[Window.Property(Filter_Label),, - ]$INFO[Window.Property(TotalItems),, $LOCALIZE[31025]]$INFO[Window.Property(CurrentPage),  -  ]$INFO[Window.Property(TotalPages),/]</label>
        </control>
        <include>Header_Logo</include>
        <include>Time</include>
        <include>NowPlaying</include>
        <include>TopBar</include>
        <!-- SIDE MENU -->
        <control type="group">
            <visible>!Skin.HasSetting(EnableKioskMode)</visible>
            <visible>!Window.IsVisible(script-script.module.t9.search-Main.xml)</visible>
            <include>LeftMenu</include>
            <include>Icon_Fade</include>
            <control type="group">
                <control type="grouplist" id="9000">
                    <include>LeftMenuButtonGroup</include>
                    <onleft>500</onleft>
                    <ondown>9000</ondown>
                    <onback>500</onback>
                    <control type="label" id="7965">
                        <include>LeftMenuTitleLabel</include>
                        <label>$LOCALIZE[33061]</label>
                    </control>
                    <control type="button" id="6000">
                        <include>LeftMenuButton</include>
                        <description>Search</description>
                        <label>$LOCALIZE[19140]</label>
                    </control>
                    <control type="button" id="7000">
                        <include>LeftMenuButton</include>
                        <description>My Account</description>
                        <label>$ADDON[script.extendedinfo 32024]</label>
                    </control>
                    <control type="button" id="5007">
                        <include>LeftMenuButton</include>
                        <description>Type</description>
                        <label>$LOCALIZE[467]:</label> <!--564-->
                        <label2>$INFO[Window.Property(Type)]</label2>
                    </control>
                    <control type="button" id="5001">
                        <include>LeftMenuButton</include>
                        <description>Sort By</description>
                        <label>$ADDON[script.extendedinfo 32104]</label>
                        <label2>$INFO[Window.Property(Sort_Label)]</label2>
                    </control>
                    <control type="button" id="5004">
                        <include>LeftMenuButton</include>
                        <description>Order By</description>
                        <label>$ADDON[script.extendedinfo 32128]</label>
                        <label2>$INFO[Window.Property(Order_Label)]</label2>
                    </control>
                    <control type="label" id="9183">
                        <include>LeftMenuTitleLabel</include>
                        <include>LeftMenuButton</include>
                        <label>$ADDON[script.extendedinfo 32023]</label>
                    </control>
                    <control type="button" id="5002">
                        <include>LeftMenuButton</include>
                        <description>Genre</description>
                        <label>$LOCALIZE[515]</label>
                    </control>
                    <control type="button" id="5003">
                        <include>LeftMenuButton</include>
                        <description>Release Date</description>
                        <label>$LOCALIZE[172]</label>
                    </control>
                    <control type="button" id="5006">
                        <include>LeftMenuButton</include>
                        <description>Certification</description>
                        <label>$ADDON[script.extendedinfo 32127]</label>
                    </control>
                    <control type="button" id="5008">
                        <include>LeftMenuButton</include>
                        <description>Actor Crew Member</description>
                        <label>$ADDON[script.extendedinfo 32126]</label>
                    </control>
                    <control type="button" id="5009">
                        <include>LeftMenuButton</include>
                        <description>Keyword</description>
                        <label>$ADDON[script.extendedinfo 32114]</label>
                    </control>
                    <control type="button" id="5010">
                        <include>LeftMenuButton</include>
                        <description>Studio</description>
                        <label>$LOCALIZE[572]</label>
                    </control>
                    <control type="button" id="5012">
                        <include>LeftMenuButton</include>
                        <description>Vote Count</description>
                        <label>$ADDON[script.extendedinfo 32111]</label>
                    </control>
                    <control type="button" id="5005">
                        <include>LeftMenuButton</include>
                        <description>Reset Filters</description>
                        <label>$ADDON[script.extendedinfo 32022]</label>
                    </control>
                </control>
                <include>LeftMenuScroller</include>
            </control>
        </control>
    </controls>
</window>
