<?xml version="1.0" encoding="utf-8"?>
<window>
    <defaultcontrol always="true">3</defaultcontrol>
    <controls>
        <include>Fanart_Art</include>
        <include>Player_Show</include>
        <include>OverlayFull</include>
        <control type="group">
            <include>NowPlayingSlideEffect</include>
            <include>OpenClose</include>
            <control type="group">
                <control type="image">
                    <posx>0</posx>
                    <posy>280</posy>
                    <width>1920</width>
                    <height>800</height>
                    <texture border="51">common/background_strip_horizontal.png</texture>
                </control>
                <control type="image">
                    <posx>0</posx>
                    <posy>330</posy>
                    <width>50</width>
                    <height>700</height>
                    <texture border="1">common/background_strip_horizontal_left.png</texture>
                </control>
                <control type="image">
                    <posx>530</posx>
                    <posy>330</posy>
                    <width>480</width>
                    <height>700</height>
                    <texture border="1">common/background_strip_horizontal_right.png</texture>
                </control>
                <control type="image">
                    <posx>1870</posx>
                    <posy>330</posy>
                    <width>50</width>
                    <height>700</height>
                    <texture flipx="true" border="1">common/background_strip_horizontal_left.png</texture>
                </control>
                <control type="label" id="2">
                    <posx>3173</posx>
                    <posy>124</posy>
                    <height>36</height>
                    <width>1574</width>
                    <align>center</align>
                    <font>InfoTitleFont</font>
                    <include>TextColor_MainColor</include>
                    <scroll>true</scroll>
                </control>
                <!-- SIDE MENU -->
                <control type="group">
                    <control type="grouplist" id="3">
                        <height>500</height>
                        <onup>9900</onup>
                        <onright>9060</onright>
                        <ondown>20</ondown>
                        <onback>5</onback>
                        <include>DialogMenuButtonGroup</include>
                    </control>
                    <control type="button" id="10">
                        <textcolor>NoFocusedColor</textcolor>
                        <width>570</width>
                        <!--<include>ButtonFocusAnimation</include>-->
                        <height>50</height>
                        <font>LeftMenuButtonFont</font>
                        <align>left</align>
                        <textoffsetx>TextMargin</textoffsetx>
                    </control>
                    <control type="label">
                        <posx>TextMargin</posx>
                        <posy>880</posy>
                        <width>480</width>
                        <include>LeftMenuTitleLabel</include>
                        <label>$LOCALIZE[31049]</label>
                    </control>
                    <control type="button" id="20">
                        <posx>TextMargin</posx>
                        <posy>930</posy>
                        <include>DialogMenuButton</include>
                        <onleft>5</onleft>
                        <onright>5</onright>
                        <onup>3</onup>
                        <ondown>noop</ondown>
                        <onclick>SettingsLevelChange</onclick>
                    </control>
                    <include content="DialogMenuScroller">
                        <param name="y" value="380"/>
                        <param name="height" value="500"/>
                        <param name="onright" value="5"/>
                        <param name="onleft" value="3"/>
                    </include>
                </control>
                <control type="grouplist" id="5">
                    <posx>530</posx>
                    <posy>380</posy>
                    <width>1340</width>
                    <height>450</height>
                    <itemgap>0</itemgap>
                    <onleft>3</onleft>
                    <onright>60</onright>
                    <onup>5</onup>
                    <ondown>5</ondown>
                    <pagecontrol>60</pagecontrol>
                    <orientation>vertical</orientation>
                </control>
                <control type="button" id="7">
                    <width>1340</width>
                    <include>LeftMenuButton</include>
                </control>
                <control type="radiobutton" id="8">
                    <width>1340</width>
                    <radioposx>1250</radioposx>
                    <textwidth>1200</textwidth>
                    <include>LeftMenuButton</include>
                </control>
                <control type="spincontrolex" id="9">
                    <textwidth>535</textwidth>
                    <width>1340</width>
                    <include>LeftMenuButton</include>
                </control>
                <control type="scrollbar" id="60">
                    <posx>1820</posx>
                    <posy>380</posy>
                    <height>450</height>
                    <include>VerticalScroller</include>
                    <onleft>5</onleft>
                    <onright>5</onright>
                </control>
                <control type="sliderex" id="13">
                    <description>Default Slider</description>
                    <width>1340</width>
                    <include>LeftMenuButton</include>
                </control>
                <control type="image" id="11">
                    <description>separator image</description>
                    <width>1340</width>
                    <height>50</height>
                    <texture border="51,0,51,0">common/bg_facade_separator.png</texture>
                </control>
                <control type="label" id="14">
                    <description>Default Label</description>
                    <label>-</label>
                    <textoffsety>15</textoffsety>
                    <aligny>top</aligny>
                    <width>1340</width>
                    <height>49</height>
                    <font>LeftMenuTitleFont</font>
                    <include>TextColor_MidColor</include>
                    <include>LeftMenuButton</include>
                </control>
                <control type="image">
                    <posx>530</posx>
                    <posy>830</posy>
                    <width>1340</width>
                    <description>Default Seperator</description>
                    <height>50</height>
                    <texture border="1">common/background_strip_vertical.png</texture>
                </control>
                <control type="textbox" id="6">
                    <posx>580</posx>
                    <posy>880</posy>
                    <width>1240</width>
                    <height>115</height>
                    <textcolor>AlternateColor</textcolor>
                    <font>InfoPlotFont</font>
                    <include>myautoscroll</include>
                </control>
                <control type="edit" id="12">
                    <textwidth>1240</textwidth>
                    <include>LeftMenuButton</include>
                </control>
            </control>
        </control>
        <control type="label">
            <include>WindowTitle</include>
            <label>$LOCALIZE[5]</label>
        </control>
        <control type="label">
            <include>WindowTitleSub</include>
            <label>$INFO[Control.GetLabel(2)]</label>
        </control>
        <include>Header_Logo</include>
        <include>Time</include>
        <include>NowPlaying</include>
        <include>TopBar</include>
    </controls>
</window>
