<?xml version="1.0" encoding="utf-8"?>
<window>
    <defaultcontrol always="true">10</defaultcontrol>
    <onload>AlarmClock(StartupDelay,SetFocus(12),$VAR[StartupDelay],silent)</onload>
    <!--<onunload condition="!control.hasfocus(12)">AlarmClock(StartupDelay2,ReplaceWindow($INFO[System.StartupWindow]),0,silent)</onunload>-->
    <animation type="WindowOpen" reversible="false">
        <effect type="fade" start="0" end="100" time="150" />
    </animation>
    <controls>
        <control type="button" id="10">
            <include>HiddenButton</include>
        </control>
        <control type="button" id="12">
            <include>HiddenButton</include>
            <!-- Play PlayList or Custom Video -->
            <onfocus condition="String.IsEqual(Skin.String(startup-screentype),video)+!String.IsEmpty(Skin.String(startup-videopath))">PlayMedia($ESCINFO[Skin.String(startup-videopath)])</onfocus>
            <onfocus condition="Skin.HasSetting(startup-playlist)+!String.IsEmpty(Skin.String(startup-musicplaylistpath))">PlayMedia($ESCINFO[Skin.String(startup-musicplaylistpath)],isdir)</onfocus>
            <onfocus condition="Skin.HasSetting(startup-playlist)+!String.IsEmpty(Skin.String(startup-videoplaylistpath))">PlayMedia($ESCINFO[Skin.String(startup-videoplaylistpath)],isdir)</onfocus>
            <!--Change Window-->
            <onfocus condition="!String.IsEmpty(Skin.String(CustomStartup.Path))">$INFO[Skin.String(CustomStartup.Path)]</onfocus>
            <onfocus condition="String.IsEmpty(Skin.String(CustomStartup.Path))+String.IsEmpty(Skin.String(StartupWindow))">ReplaceWindow($INFO[System.StartupWindow])</onfocus>
            <onfocus condition="String.IsEmpty(Skin.String(CustomStartup.Path))+!String.IsEmpty(Skin.String(StartupWindow))+String.IsEmpty(Skin.String(StartupWindowOption))">ReplaceWindow($INFO[Skin.String(StartupWindow)])</onfocus>
            <onfocus condition="String.IsEmpty(Skin.String(CustomStartup.Path))+!String.IsEmpty(Skin.String(StartupWindow))+!String.IsEmpty(Skin.String(StartupWindowOption))">ReplaceWindow($INFO[Skin.String(StartupWindow)],$INFO[Skin.String(StartupWindowOption)])</onfocus>
        </control>
        <include>Fanart_Art</include>
        <!--CUSTOM STARTUP IMAGE-->
        <control type="image">
            <visible>String.IsEqual(Skin.String(startup-screentype),image)+!String.IsEmpty(Skin.String(startup-imagepath))</visible>
            <include>KenBurns</include>
            <include>VisibleFadeEffect</include>
            <posx>0</posx>
            <posy>0</posy>
            <width>1920</width>
            <height>1080</height>
            <aspectratio>scale</aspectratio>
            <texture>$INFO[Skin.String(startup-imagepath)]</texture>
        </control>
        <control type="multiimage">
            <visible>String.IsEqual(Skin.String(startup-screentype),multiimage)+!String.IsEmpty(Skin.String(startup-multiimagepath))</visible>
            <include>KenBurns</include>
            <include>VisibleFadeEffect</include>
            <posx>0</posx>
            <posy>0</posy>
            <width>1920</width>
            <height>1080</height>
            <timeperimage>2000</timeperimage>
            <randomize>true</randomize>
            <fadetime>300</fadetime>
            <aspectratio aligny="top">scale</aspectratio>
            <imagepath background="true">$INFO[Skin.String(startup-multiimagepath)]</imagepath>
        </control>
        <include>OverlayFull</include>
        <control type="group">
            <visible>![String.IsEqual(Skin.String(startup-screentype),image)+!String.IsEmpty(Skin.String(startup-imagepath))] +
                ![String.IsEqual(Skin.String(startup-screentype),multiimage)+!String.IsEmpty(Skin.String(startup-multiimagepath))]</visible>
            <include>VisibleFadeEffect</include>
            <control type="image">
                <posx>0</posx>
                <posy>0</posy>
                <width>1920</width>
                <height>1080</height>
                <colordiffuse>$VAR[Picked.Theme.Color]</colordiffuse>
                <texture>startup.png</texture>
            </control>
            <control type="label">
                
                <posx>0</posx>
                <posy>1010</posy>
                <height>36</height>
                <width>1920</width>
                <align>center</align>
                <font>WindowTitleSubFont</font>
                <include>TextColor_MidColor</include>
                <label>Red Dead Redemption 1.0</label>
            </control>
        </control>
    </controls>
</window>
