<?xml version="1.0" encoding="utf-8"?>
<window>
    <onload condition="Skin.HasSetting(Use_Artist_Slideshow) + system.hasaddon(script.artistslideshow)">RunScript(script.artistslideshow)</onload>
    <controls>
        <control type="group">
            <include>Fanart_Art</include>
            <include>Player_Show</include>
            <include>OverlayFull</include>
            <control type="progress" id="23">
                <visible>true</visible>
                <posx>-2000</posx>
                <posy>-1500</posy>
                <width>747</width>
                <info>Player.Progress</info>
                <visible>true</visible>
            </control>
            <control type="group">
                <control type="group">
                    <animation effect="slide" start="0,0" end="0,140" time="150" delay="0" tween="cubic" easing="out" condition="!Window.IsActive(DialogSeekbar.xml)">Conditional</animation>
                    <visible>[Player.Paused |Player.ShowInfo | Window.IsActive(MusicOSD)] + ![Window.IsVisible(AddonSettings) | Window.IsVisible(SelectDialog) | Window.IsVisible(VisualisationPresetList) | Window.IsVisible(script-cu-lrclyrics-main.xml)]</visible>
                    <include>OSDOpenClose</include>
                    <include>OSDFade</include>
                    <!--<include content="WindowClosingButton">-->
                        <!--<param name="id" value="9010"/>-->
                        <!--<param name="x" value="1860"/>-->
                        <!--<param name="y" value="360"/>-->
                        <!--<param name="onleft" value="6060"/>-->
                    <!--</include>-->
                    <control type="image">
                        <posx>0</posx>
                        <posy>360</posy>
                        <width>1920</width>
                        <height>580</height>
                        <texture border="51">common/background_strip_horizontal.png</texture>
                    </control>
                    <control type="image">
                        <posx>0</posx>
                        <posy>410</posy>
                        <width>50</width>
                        <height>480</height>
                        <texture border="1">common/background_strip_horizontal_left.png</texture>
                    </control>
                    <control type="image">
                        <posx>1440</posx>
                        <posy>410</posy>
                        <width>480</width>
                        <height>480</height>
                        <texture border="1">common/background_strip_horizontal_right.png</texture>
                    </control>
                    <control type="image">
                        <posx>960</posx>
                        <posy>410</posy>
                        <width>480</width>
                        <height>480</height>
                        <texture border="1">common/background_strip_horizontal_right.png</texture>
                    </control>
                    <control type="group">
                        <posy>460</posy>
                        <control type="group">
                            <posx>100</posx>
                            <control type="textbox">
                                <posx>0</posx>
                                <posy>10</posy>
                                <width>810</width>
                                <height>270</height>
                                <font>InfoPlotFont</font>
                                <textcolor>AlternateColor</textcolor>
                                <label fallback="19055">$INFO[MusicPlayer.Property(Artist_Description)]</label>
                                <include>myautoscroll</include>
                            </control>
                            <control type="grouplist">
                                <posx>0</posx>
                                <posy>325</posy>
                                <width>1006</width>
                                <height>90</height>
                                <itemgap>10</itemgap>
                                <orientation>horizontal</orientation>
                                <align>left</align>
                                <aligny>center</aligny>
                                <include>CodecsMusicOSD</include>
                            </control>
                        </control>
                        <control type="group">
                            <posx>1010</posx>
                            <control type="label">
                                <posx>0</posx>
                                <posy>0</posy>
                                <width>380</width>
                                <height>50</height>
                                <font>InfoDetailsFont</font>
                                <include>TextColor_MainColor</include>
                                <scroll>true</scroll>
                                <label>$VAR[DetailsRow1]</label>
                            </control>
                            <control type="label">
                                <posx>0</posx>
                                <posy>65</posy>
                                <width>380</width>
                                <height>50</height>
                                <font>InfoDetailsFont</font>
                                <textcolor>AlternateColor</textcolor>
                                <scroll>false</scroll>
                                <label>$VAR[DetailsRow2]</label>
                            </control>
                            <control type="label">
                                <posx>0</posx>
                                <posy>130</posy>
                                <width>380</width>
                                <height>50</height>
                                <font>InfoDetailsFont</font>
                                <include>TextColor_MainColor</include>
                                <scroll>false</scroll>
                                <label>$VAR[DetailsRow3]</label>
                            </control>
                            <control type="label">
                                <posx>0</posx>
                                <posy>195</posy>
                                <width>380</width>
                                <height>50</height>
                                <font>InfoDetailsFont</font>
                                <textcolor>AlternateColor</textcolor>
                                <scroll>false</scroll>
                                <label>$VAR[DetailsRow4]</label>
                            </control>
                        </control>
                        <control type="group">
                            <posx>1490</posx>
                            <include content="DiscArt">
                                <param name="visible" value="!String.IsEmpty(Player.Art(thumb))"/>
                                <param name="x" value="10"/>
                                <param name="y" value="-180"/>
                                <param name="width" value="360"/>
                                <param name="height" value="360"/>
                                <param name="texture" value="$VAR[MusicPlayerCdArt]"/>
                                <param name="visibleShadow" value="true"/>
                                <param name="xShadow" value="0"/>
                                <param name="yShadow" value="-25"/>
                                <param name="widthShadow" value="380"/>
                                <param name="flipyShadow" value="false"/>
                            </include>
                            <control type="image">
                                <visible>String.IsEmpty(Player.Art(thumb))</visible>
                                <posx>0</posx>
                                <posy>0</posy>
                                <width>380</width>
                                <height>380</height>
                                <aspectratio aligny="top">keep</aspectratio>
                                <colordiffuse>$VAR[Picked.Theme.Color]</colordiffuse>
                                <texture>defaultAudioBig.png</texture>
                            </control>
                            <control type="image">
                                <posx>0</posx>
                                <posy>0</posy>
                                <width>380</width>
                                <height>380</height>
                                <aspectratio aligny="top">scale</aspectratio>
                                <texture background="true">$INFO[Player.Art(thumb)]</texture>
                            </control>
                         </control>
                    </control>
                    <control type="image">
                        <visible>System.HasAddon(script.skin.helper.service)</visible>
                        <visible>Skin.HasSetting(EnableClearArt) | Skin.HasSetting(EnableClearLogo)</visible>
                        <posx>100</posx>
                        <posy>260</posy>
                        <width>380</width>
                        <height>150</height>
                        <aspectratio aligny="bottom" align="left">keep</aspectratio>
                        <texture background="true">$INFO[Window(Home).Property(SkinHelper.Player.Music.ClearLogo)]</texture>
                    </control>
                    <include content="StudioArt">
                        <param name="x" value="1010"/>
                        <param name="y" value="260"/>
                        <param name="width" value="380"/>
                        <param name="height" value="150"/>
                        <param name="visible" value="true"/>
                        <param name="align" value="center"/>
                        <param name="aligny" value="bottom"/>
                    </include>
                </control>
            </control>
        </control>
    </controls>
</window>
