<?xml version="1.0" encoding="UTF-8"?>
<addon id="skin.the.simpsons.17" version="6.0.5" name="[COLOR aqua]The Simpsons[/COLOR]" provider-name="SiLVO">
	<requires>
		<import addon="xbmc.gui" version="5.12.0"/>
		<import addon="script.grab.fanart" version="0.12.8"/>
		<import addon="script.skinshortcuts" version="1.0.10"/>
		<import addon="service.library.data.provider" version="0.0.7"/>
		<import addon="resource.images.studios.white" version="0.0.1"/>
		<import addon="resource.images.recordlabels.white" version="0.0.1"/>
	</requires>
	<extension point="xbmc.gui.skin" debugging="false" effectslowdown="0.75">
		<res width="1920" height="1080" aspect="16:9" default="true" folder="16x9" />
	</extension>
	<extension point="xbmc.addon.metadata">
		<summary lang="de_DE">[COLOR blue]Guidos Master SkinBase[/COLOR].</summary>
	    <description lang="de_DE">[COLOR orange]The Biggest SkinBase off the World. [/COLOR]</description>
		<platform>all</platform>
		<license>CC BY-NC-SA 4.0</license>
		<forum>http://forum.kodi.tv/showthread.php?tid=210069</forum>
		<website>https://github.com/mikesilvo164/Aeon-Nox-SiLVO</website>
		<source>https://github.com/mikesilvo164/Aeon-Nox-SiLVO</source>
		<news>[B]Based on [I]v6.0.1[/I]  of Aeon Nox 5[/B][CR][I]All Versions[/I][CR]- Misc fixes, changes, and improvements[CR][I]v6.0.5[/I][CR]- Fix color customization not opening[CR]- Small redesign of DialogVideoInfo[CR]- Add and fix some Widget plugin paths[CR]- Revert PNG changes that altered panel colors[CR]- Add support for animated weather icons[CR]- Add background selection to Music Viz[CR]- Add LibreELEC to settings[CR][I]v6.0.4[/I][CR]- Compatibility updates for new Skin Helper version[CR]- Add manfeeds Video Lyrics mod v2 (thanks manfeed)[CR]- Add option to hide player control buttons on Music OSD[CR]- Redesigned System Settings screen[CR]- New logo (thanks GTunney!)[CR][I]v6.0.3[/I][CR]- Add player controls to sidemenu[CR]- Add option to disable Widget fanart[CR]- Shuffle skin settings with added catagories[CR]- Add FAQ in Help section[CR]- Add option to hide Home Window elements when pressing back[CR]- Add option to use paused label instead of image[CR]- Add snow to Music Viz background[CR][CR]For a full list of changes visit https://github.com/mikesilvo164/Aeon-Nox-SiLVO/commits/master</news>
	</extension>
</addon>
