<?xml version="1.0" encoding="UTF-8"?>
<window>
	<defaultcontrol always="true">9000</defaultcontrol>
	<controls>
		<include>CommonBackground</include>
		<control type="image">
			<left>0</left>
			<top>150r</top>
			<width>1920</width>
			<height>150</height>
			<texture>floor.png</texture>
			<include>VisibleFadeEffect</include>
		</control>
		<include content="CommonWindowHeader">
			<param name="Icon" value="icon_system" />
			<param name="Label" value="$LOCALIZE[20077]" />
		</include>
		<control type="group">
			<left>135</left>
			<top>45</top>
			<animation type="WindowOpen" reversible="false">
				<effect type="zoom" start="80" end="100" center="960,540" easing="out" tween="back" time="225" />
				<effect type="fade" start="0" end="100" time="225" />
			</animation>
			<animation type="WindowClose" reversible="false">
				<effect type="zoom" start="100" end="80" center="960,540" easing="in" tween="back" time="225" />
				<effect type="fade" start="100" end="0" time="225" />
			</animation>
			<control type="image">
				<left>8</left>
				<top>8</top>
				<width>1635</width>
				<height>945</height>
				<texture border="22">ContentPanel.png</texture>
			</control>
			<control type="image">
				<left>8</left>
				<top>938</top>
				<width>1635</width>
				<height>96</height>
				<texture border="22">ContentPanelMirror.png</texture>
			</control>
			<control type="button">
				<description>Close Window button</description>
				<left>1470</left>
				<top>16</top>
				<width>96</width>
				<height>48</height>
				<label>-</label>
				<font>-</font>
				<onclick>PreviousMenu</onclick>
				<texturefocus>DialogCloseButton-focus.png</texturefocus>
				<texturenofocus>DialogCloseButton.png</texturenofocus>
				<onleft>1</onleft>
				<onright>1</onright>
				<onup>1</onup>
				<ondown>1</ondown>
				<visible>system.getbool(input.enablemouse)</visible>
			</control>
			<control type="image">
				<description>LOGO</description>
				<left>45</left>
				<top>22</top>
				<width>330</width>
				<height>120</height>
				<aspectratio>keep</aspectratio>
				<texture>Confluence_Logo.png</texture>
			</control>
			<control type="list" id="9000">
				<left>15</left>
				<top>135</top>
				<width>390</width>
				<height>722</height>
				<onleft>9010</onleft>
				<onright>9010</onright>
				<onup>9000</onup>
				<ondown>9000</ondown>
				<pagecontrol>-</pagecontrol>
				<scrolltime>300</scrolltime>
				<itemlayout height="120" width="390">
					<control type="image">
						<left>0</left>
						<top>0</top>
						<width>390</width>
						<height>122</height>
						<texture border="8">MenuItemNF.png</texture>
					</control>
					<control type="label">
						<left>15</left>
						<top>22</top>
						<width>360</width>
						<height>38</height>
						<font>font24_title</font>
						<textcolor>grey3</textcolor>
						<align>right</align>
						<aligny>center</aligny>
						<label>$INFO[ListItem.Label]</label>
					</control>
					<control type="label">
						<left>15</left>
						<top>63</top>
						<width>360</width>
						<height>38</height>
						<font>font13</font>
						<textcolor>grey2</textcolor>
						<align>right</align>
						<aligny>center</aligny>
						<label>$INFO[ListItem.Label2]</label>
					</control>
				</itemlayout>
				<focusedlayout height="120" width="390">
					<control type="image">
						<left>0</left>
						<top>0</top>
						<width>390</width>
						<height>122</height>
						<texture border="8">MenuItemFO.png</texture>
						<animation effect="fade" start="100" end="30" time="75" condition="!Control.HasFocus(9000)">Conditional</animation>
					</control>
					<control type="label">
						<left>15</left>
						<top>22</top>
						<width>360</width>
						<height>38</height>
						<font>font24_title</font>
						<textcolor>white</textcolor>
						<align>right</align>
						<aligny>center</aligny>
						<label>$INFO[ListItem.Label]</label>
					</control>
					<control type="label">
						<left>15</left>
						<top>63</top>
						<width>360</width>
						<height>38</height>
						<font>font13</font>
						<textcolor>grey2</textcolor>
						<align>right</align>
						<aligny>center</aligny>
						<label>$INFO[ListItem.Label2]</label>
					</control>
				</focusedlayout>
				<content>
					<item id="1">
						<label>128</label>
						<label2>5</label2>
						<onclick>noop</onclick>
					</item>
					<item id="2">
						<label>513</label>
						<label2>31112</label2>
						<onclick>noop</onclick>
					</item>
					<item id="3">
						<label>31102</label>
						<label2>31112</label2>
						<onclick>noop</onclick>
					</item>
					<item id="4">
						<label>24000</label>
						<label2>31200</label2>
						<onclick>noop</onclick>
					</item>
				</content>
			</control>
			<control type="image">
				<left>402</left>
				<top>15</top>
				<width>1185</width>
				<height>927</height>
				<texture border="8">black-back2.png</texture>
			</control>
			<control type="image">
				<left>402</left>
				<top>15</top>
				<width>1185</width>
				<height>78</height>
				<texture>dialogheader.png</texture>
			</control>
			<control type="label">
				<description>header label</description>
				<left>450</left>
				<top>30</top>
				<width>1089</width>
				<height>45</height>
				<font>font16</font>
				<label>$LOCALIZE[20077] - $INFO[Container(9000).ListItem.Label]</label>
				<align>center</align>
				<aligny>center</aligny>
				<textcolor>white</textcolor>
				<shadowcolor>black</shadowcolor>
			</control>
			<control type="group" id="9010">
				<control type="grouplist" id="9001">
					<visible>Container(9000).Hasfocus(1)</visible>
					<left>435</left>
					<top>90</top>
					<width>1125</width>
					<height>795</height>
					<itemgap>-2</itemgap>
					<pagecontrol>60</pagecontrol>
					<onleft>9000</onleft>
					<onright>60</onright>
					<onup>9001</onup>
					<ondown>9001</ondown>
					<control type="label" id="100">
						<width>1125</width>
						<height>68</height>
						<font>font13_title</font>
						<label>31106</label>
						<textcolor>blue</textcolor>
						<shadowcolor>black</shadowcolor>
						<align>left</align>
						<aligny>center</aligny>
					</control>
					<control type="radiobutton" id="101">
						<width>1125</width>
						<height>60</height>
						<font>font13</font>
						<label>20189</label>
						<label2></label2>
						<textcolor>grey2</textcolor>
						<focusedcolor>white</focusedcolor>
						<texturefocus>MenuItemFO.png</texturefocus>
						<texturenofocus>MenuItemNF.png</texturenofocus>
						<onclick>Skin.ToggleSetting(AutoScroll)</onclick>
						<selected>Skin.HasSetting(AutoScroll)</selected>
					</control>
					<control type="radiobutton" id="102">
						<width>1125</width>
						<height>60</height>
						<font>font13</font>
						<label>31103</label>
						<label2></label2>
						<textcolor>grey2</textcolor>
						<focusedcolor>white</focusedcolor>
						<texturefocus>MenuItemFO.png</texturefocus>
						<texturenofocus>MenuItemNF.png</texturenofocus>
						<onclick>Skin.ToggleSetting(Show_SlideShow_Paused)</onclick>
						<selected>!Skin.HasSetting(Show_SlideShow_Paused)</selected>
					</control>
					<control type="radiobutton" id="112">
						<width>1125</width>
						<height>60</height>
						<font>font13</font>
						<label>31104</label>
						<label2></label2>
						<textcolor>grey2</textcolor>
						<focusedcolor>white</focusedcolor>
						<texturefocus>MenuItemFO.png</texturefocus>
						<texturenofocus>MenuItemNF.png</texturenofocus>
						<onclick>Skin.ToggleSetting(WindowedTrailer)</onclick>
						<selected>Skin.HasSetting(WindowedTrailer)</selected>
					</control>
					<control type="radiobutton" id="113">
						<width>1125</width>
						<height>60</height>
						<font>font13</font>
						<label>31107</label>
						<label2></label2>
						<textcolor>grey2</textcolor>
						<focusedcolor>white</focusedcolor>
						<texturefocus>MenuItemFO.png</texturefocus>
						<texturenofocus>MenuItemNF.png</texturenofocus>
						<onclick>Skin.ToggleSetting(HideFilenameFlagging)</onclick>
						<selected>Skin.HasSetting(HideFilenameFlagging)</selected>
					</control>
					<control type="radiobutton" id="116">
						<width>1125</width>
						<height>60</height>
						<font>font13</font>
						<label>31122</label>
						<textcolor>grey2</textcolor>
						<focusedcolor>white</focusedcolor>
						<texturefocus>MenuItemFO.png</texturefocus>
						<texturenofocus>MenuItemNF.png</texturenofocus>
						<onclick>Skin.ToggleSetting(HideEPGwithRDS)</onclick>
						<selected>Skin.HasSetting(HideEPGwithRDS)</selected>
					</control>
				</control>
				<control type="scrollbar" id="60">
					<left>1590</left>
					<top>90</top>
					<width>38</width>
					<height>795</height>
					<texturesliderbackground border="0,21,0,21">ScrollBarV.png</texturesliderbackground>
					<texturesliderbar border="0,21,0,21">ScrollBarV_bar.png</texturesliderbar>
					<texturesliderbarfocus border="0,21,0,21">ScrollBarV_bar_focus.png</texturesliderbarfocus>
					<textureslidernib>ScrollBarNib.png</textureslidernib>
					<textureslidernibfocus>ScrollBarNib.png</textureslidernibfocus>
					<onleft>9001</onleft>
					<onright>9000</onright>
					<showonepage>false</showonepage>
					<orientation>vertical</orientation>
					<visible>Container(9000).Hasfocus(1)</visible>
				</control>
				<control type="grouplist" id="9002">
					<visible>Container(9000).Hasfocus(2)</visible>
					<left>435</left>
					<top>90</top>
					<width>1125</width>
					<height>795</height>
					<itemgap>-2</itemgap>
					<pagecontrol>60</pagecontrol>
					<onleft>9000</onleft>
					<onright>60</onright>
					<onup>9002</onup>
					<ondown>9002</ondown>
					<control type="label" id="200">
						<width>1125</width>
						<height>68</height>
						<font>font13_title</font>
						<label>31101</label>
						<textcolor>blue</textcolor>
						<shadowcolor>black</shadowcolor>
						<align>left</align>
						<aligny>center</aligny>
					</control>
					<control type="radiobutton" id="202">
						<description>enable video info</description>
						<width>1125</width>
						<height>60</height>
						<font>font13</font>
						<textcolor>grey2</textcolor>
						<focusedcolor>white</focusedcolor>
						<label>20176</label>
						<label2>    [COLOR=grey3]($LOCALIZE[31040])[/COLOR]      </label2>
						<onclick>Skin.ToggleSetting(homepageVideoinfo)</onclick>
						<selected>!Skin.HasSetting(homepageVideoinfo)</selected>
						<texturefocus>MenuItemFO.png</texturefocus>
						<texturenofocus>MenuItemNF.png</texturenofocus>
					</control>
					<control type="radiobutton" id="203">
						<description>enable music info</description>
						<width>1125</width>
						<height>60</height>
						<font>font13</font>
						<textcolor>grey2</textcolor>
						<focusedcolor>white</focusedcolor>
						<label>20083</label>
						<label2>    [COLOR=grey3]($LOCALIZE[31040])[/COLOR]      </label2>
						<onclick>Skin.ToggleSetting(homepageMusicinfo)</onclick>
						<selected>!Skin.HasSetting(homepageMusicinfo)</selected>
						<texturefocus>MenuItemFO.png</texturefocus>
						<texturenofocus>MenuItemNF.png</texturenofocus>
					</control>
					<control type="radiobutton" id="204">
						<description>enable weather info</description>
						<width>1125</width>
						<height>60</height>
						<font>font13</font>
						<textcolor>grey2</textcolor>
						<focusedcolor>white</focusedcolor>
						<label>20084</label>
						<label2>    [COLOR=grey3]($LOCALIZE[8] $LOCALIZE[33020])[/COLOR]      </label2>
						<onclick>Skin.ToggleSetting(homepageWeatherinfo)</onclick>
						<selected>Skin.HasSetting(homepageWeatherinfo)</selected>
						<texturefocus>MenuItemFO.png</texturefocus>
						<texturenofocus>MenuItemNF.png</texturenofocus>
						<visible>!String.IsEmpty(Weather.Plugin)</visible>
					</control>
					<control type="radiobutton" id="205">
						<description>Show Recently added Video info</description>
						<width>1125</width>
						<height>60</height>
						<font>font13</font>
						<textcolor>grey2</textcolor>
						<focusedcolor>white</focusedcolor>
						<label>31117</label>
						<label2>    [COLOR=grey3]($LOCALIZE[3], $LOCALIZE[20342] &amp; $LOCALIZE[20343])[/COLOR]      </label2>
						<onclick>Skin.ToggleSetting(HomepageHideRecentlyAddedVideo)</onclick>
						<selected>!Skin.HasSetting(HomepageHideRecentlyAddedVideo)</selected>
						<texturefocus>MenuItemFO.png</texturefocus>
						<texturenofocus>MenuItemNF.png</texturenofocus>
					</control>
					<control type="radiobutton" id="206">
						<description>Show Recently added Albums info</description>
						<width>1125</width>
						<height>60</height>
						<font>font13</font>
						<textcolor>grey2</textcolor>
						<focusedcolor>white</focusedcolor>
						<label>31116</label>
						<label2>    [COLOR=grey3]($LOCALIZE[2] &amp; $LOCALIZE[20389])[/COLOR]      </label2>
						<onclick>Skin.ToggleSetting(HomepageHideRecentlyAddedAlbums)</onclick>
						<selected>!Skin.HasSetting(HomepageHideRecentlyAddedAlbums)</selected>
						<texturefocus>MenuItemFO.png</texturefocus>
						<texturenofocus>MenuItemNF.png</texturenofocus>
					</control>
					<control type="radiobutton" id="207">
						<description>Show channel widgets</description>
						<width>1125</width>
						<height>60</height>
						<font>font13</font>
						<textcolor>grey2</textcolor>
						<focusedcolor>white</focusedcolor>
						<label>$LOCALIZE[19049] widgets</label>
						<label2>    [COLOR=grey3]($LOCALIZE[19021] &amp; $LOCALIZE[19020])[/COLOR]      </label2>
						<onclick>Skin.ToggleSetting(HomepageHideChannelWidgets)</onclick>
						<selected>!Skin.HasSetting(HomepageHideChannelWidgets)</selected>
						<texturefocus>MenuItemFO.png</texturefocus>
						<texturenofocus>MenuItemNF.png</texturenofocus>
					</control>
					<control type="radiobutton" id="208">
						<description>Show miscellanious widgets</description>
						<width>1125</width>
						<height>60</height>
						<font>font13</font>
						<textcolor>grey2</textcolor>
						<focusedcolor>white</focusedcolor>
						<label>$LOCALIZE[31115]</label>
						<label2>    [COLOR=grey3] ($LOCALIZE[24027], $LOCALIZE[1] &amp; $LOCALIZE[0])[/COLOR]      </label2>
						<onclick>Skin.ToggleSetting(HomepageHideMiscellaniousWidgets)</onclick>
						<selected>Skin.HasSetting(HomepageHideMiscellaniousWidgets)</selected>
						<texturefocus>MenuItemFO.png</texturefocus>
						<texturenofocus>MenuItemNF.png</texturenofocus>
					</control>
					<control type="label" id="220">
						<width>1125</width>
						<height>68</height>
						<font>font13_title</font>
						<label>31108</label>
						<label2></label2>
						<textcolor>blue</textcolor>
						<shadowcolor>black</shadowcolor>
						<align>left</align>
						<aligny>center</aligny>
					</control>
					<control type="radiobutton" id="221">
						<description>Hide Weather Button</description>
						<width>1125</width>
						<height>60</height>
						<font>font13</font>
						<textcolor>grey2</textcolor>
						<focusedcolor>white</focusedcolor>
						<label>$LOCALIZE[31111] - $LOCALIZE[8]</label>
						<label2></label2>
						<onclick>Skin.ToggleSetting(HomeMenuNoWeatherButton)</onclick>
						<selected>Skin.HasSetting(HomeMenuNoWeatherButton)</selected>
						<texturefocus>MenuItemFO.png</texturefocus>
						<texturenofocus>MenuItemNF.png</texturenofocus>
					</control>
					<control type="radiobutton" id="222">
						<description>Hide Pictures Button</description>
						<width>1125</width>
						<height>60</height>
						<font>font13</font>
						<textcolor>grey2</textcolor>
						<focusedcolor>white</focusedcolor>
						<label>$LOCALIZE[31111] - $LOCALIZE[1]</label>
						<label2></label2>
						<onclick>Skin.ToggleSetting(HomeMenuNoPicturesButton)</onclick>
						<selected>Skin.HasSetting(HomeMenuNoPicturesButton)</selected>
						<texturefocus>MenuItemFO.png</texturefocus>
						<texturenofocus>MenuItemNF.png</texturenofocus>
					</control>
					<control type="radiobutton" id="223">
						<description>Hide Radio Button</description>
						<visible>PVR.HasRadioChannels</visible>
						<width>1125</width>
						<height>60</height>
						<font>font13</font>
						<textcolor>grey2</textcolor>
						<focusedcolor>white</focusedcolor>
						<label>$LOCALIZE[31111] - $LOCALIZE[19021]</label>
						<label2>    [COLOR=grey3] ($LOCALIZE[19191] - $LOCALIZE[19019])[/COLOR]      </label2>
						<onclick>Skin.ToggleSetting(HomeMenuNoRadioButton)</onclick>
						<selected>Skin.HasSetting(HomeMenuNoRadioButton)</selected>
						<texturefocus>MenuItemFO.png</texturefocus>
						<texturenofocus>MenuItemNF.png</texturenofocus>
					</control>
					<control type="radiobutton" id="224">
						<description>Hide TV Button</description>
						<visible>PVR.HasTVChannels</visible>
						<width>1125</width>
						<height>60</height>
						<font>font13</font>
						<textcolor>grey2</textcolor>
						<focusedcolor>white</focusedcolor>
						<label>$LOCALIZE[31111] - $LOCALIZE[19020]</label>
						<label2>    [COLOR=grey3] ($LOCALIZE[19191] - $LOCALIZE[19019])[/COLOR]      </label2>
						<onclick>Skin.ToggleSetting(HomeMenuNoTVButton)</onclick>
						<selected>Skin.HasSetting(HomeMenuNoTVButton)</selected>
						<texturefocus>MenuItemFO.png</texturefocus>
						<texturenofocus>MenuItemNF.png</texturenofocus>
					</control>
					<control type="radiobutton" id="225">
						<description>Hide Videos Button</description>
						<width>1125</width>
						<height>60</height>
						<font>font13</font>
						<textcolor>grey2</textcolor>
						<focusedcolor>white</focusedcolor>
						<label>$LOCALIZE[31111] - $LOCALIZE[3]</label>
						<label2></label2>
						<onclick>Skin.ToggleSetting(HomeMenuNoVideosButton)</onclick>
						<selected>Skin.HasSetting(HomeMenuNoVideosButton)</selected>
						<texturefocus>MenuItemFO.png</texturefocus>
						<texturenofocus>MenuItemNF.png</texturenofocus>
					</control>
					<control type="radiobutton" id="226">
						<description>Hide Movies Button</description>
						<visible>Library.HasContent(Movies)</visible>
						<width>1125</width>
						<height>60</height>
						<font>font13</font>
						<textcolor>grey2</textcolor>
						<focusedcolor>white</focusedcolor>
						<label>$LOCALIZE[31111] - $LOCALIZE[20342]</label>
						<label2>    [COLOR=grey3] ($LOCALIZE[20314])[/COLOR]      </label2>
						<onclick>Skin.ToggleSetting(HomeMenuNoMovieButton)</onclick>
						<selected>Skin.HasSetting(HomeMenuNoMovieButton)</selected>
						<texturefocus>MenuItemFO.png</texturefocus>
						<texturenofocus>MenuItemNF.png</texturenofocus>
						<enable>Library.HasContent(Movies)</enable>
					</control>
					<control type="radiobutton" id="227">
						<description>Hide TV Shows Button</description>
						<visible>Library.HasContent(TVShows)</visible>
						<width>1125</width>
						<height>60</height>
						<font>font13</font>
						<textcolor>grey2</textcolor>
						<focusedcolor>white</focusedcolor>
						<label>$LOCALIZE[31111] - $LOCALIZE[20343]</label>
						<label2>    [COLOR=grey3] ($LOCALIZE[20314])[/COLOR]      </label2>
						<onclick>Skin.ToggleSetting(HomeMenuNoTVShowButton)</onclick>
						<selected>Skin.HasSetting(HomeMenuNoTVShowButton)</selected>
						<texturefocus>MenuItemFO.png</texturefocus>
						<texturenofocus>MenuItemNF.png</texturenofocus>
						<enable>Library.HasContent(TVShows)</enable>
					</control>
					<control type="radiobutton" id="228">
						<description>Hide MusicVideos Button</description>
						<visible>Library.HasContent(MusicVideos)</visible>
						<width>1125</width>
						<height>60</height>
						<font>font13</font>
						<textcolor>grey2</textcolor>
						<focusedcolor>white</focusedcolor>
						<label>$LOCALIZE[31111] - $LOCALIZE[20389]</label>
						<label2>    [COLOR=grey3] ($LOCALIZE[20314])[/COLOR]      </label2>
						<onclick>Skin.ToggleSetting(HomeMenuNoMusicVideoButton)</onclick>
						<selected>Skin.HasSetting(HomeMenuNoMusicVideoButton)</selected>
						<texturefocus>MenuItemFO.png</texturefocus>
						<texturenofocus>MenuItemNF.png</texturenofocus>
					</control>
					<control type="radiobutton" id="229">
						<description>Hide Music Button</description>
						<width>1125</width>
						<height>60</height>
						<font>font13</font>
						<textcolor>grey2</textcolor>
						<focusedcolor>white</focusedcolor>
						<label>$LOCALIZE[31111] - $LOCALIZE[2]</label>
						<label2></label2>
						<onclick>Skin.ToggleSetting(HomeMenuNoMusicButton)</onclick>
						<selected>Skin.HasSetting(HomeMenuNoMusicButton)</selected>
						<texturefocus>MenuItemFO.png</texturefocus>
						<texturenofocus>MenuItemNF.png</texturenofocus>
					</control>
					<control type="radiobutton" id="230">
						<description>Hide Programs Button</description>
						<width>1125</width>
						<height>60</height>
						<font>font13</font>
						<textcolor>grey2</textcolor>
						<focusedcolor>white</focusedcolor>
						<label>$LOCALIZE[31111] - $LOCALIZE[0]</label>
						<label2>    [COLOR=grey3]($LOCALIZE[1223]? $LOCALIZE[5] $LOCALIZE[1405] $LOCALIZE[13005]-$LOCALIZE[33061])[/COLOR]      </label2>
						<onclick>Skin.ToggleSetting(HomeMenuNoProgramsButton)</onclick>
						<selected>Skin.HasSetting(HomeMenuNoProgramsButton)</selected>
						<texturefocus>MenuItemFO.png</texturefocus>
						<texturenofocus>MenuItemNF.png</texturenofocus>
					</control>
				</control>
				<control type="scrollbar" id="60">
					<left>1590</left>
					<top>90</top>
					<width>38</width>
					<height>795</height>
					<texturesliderbackground border="0,21,0,21">ScrollBarV.png</texturesliderbackground>
					<texturesliderbar border="0,21,0,21">ScrollBarV_bar.png</texturesliderbar>
					<texturesliderbarfocus border="0,21,0,21">ScrollBarV_bar_focus.png</texturesliderbarfocus>
					<textureslidernib>ScrollBarNib.png</textureslidernib>
					<textureslidernibfocus>ScrollBarNib.png</textureslidernibfocus>
					<onleft>9002</onleft>
					<onright>9000</onright>
					<showonepage>false</showonepage>
					<orientation>vertical</orientation>
					<visible>Container(9000).Hasfocus(2)</visible>
				</control>
				<control type="grouplist" id="9003">
					<visible>Container(9000).Hasfocus(3)</visible>
					<left>435</left>
					<top>90</top>
					<width>1125</width>
					<height>795</height>
					<itemgap>-2</itemgap>
					<pagecontrol>60</pagecontrol>
					<onleft>9000</onleft>
					<onright>60</onright>
					<onup>9003</onup>
					<ondown>9003</ondown>
					<control type="label" id="300">
						<width>1125</width>
						<height>68</height>
						<font>font13_title</font>
						<label>31106</label>
						<label2></label2>
						<textcolor>blue</textcolor>
						<shadowcolor>black</shadowcolor>
						<align>left</align>
						<aligny>center</aligny>
					</control>
					<control type="radiobutton" id="301">
						<width>1125</width>
						<height>60</height>
						<font>font13</font>
						<label>31119</label>
						<label2></label2>
						<textcolor>grey2</textcolor>
						<focusedcolor>white</focusedcolor>
						<texturefocus>MenuItemFO.png</texturefocus>
						<texturenofocus>MenuItemNF.png</texturenofocus>
						<onclick>Skin.ToggleSetting(HideBackGroundFanart)</onclick>
						<selected>Skin.HasSetting(HideBackGroundFanart)</selected>
					</control>
					<control type="radiobutton" id="302">
						<width>1125</width>
						<height>60</height>
						<font>font13</font>
						<label>31129</label>
						<label2></label2>
						<textcolor>grey2</textcolor>
						<focusedcolor>white</focusedcolor>
						<texturefocus>MenuItemFO.png</texturefocus>
						<texturenofocus>MenuItemNF.png</texturenofocus>
						<onclick>Skin.ToggleSetting(HideVisualizationFanart)</onclick>
						<selected>Skin.HasSetting(HideVisualizationFanart)</selected>
					</control>
					<control type="radiobutton" id="303">
						<width>1125</width>
						<height>60</height>
						<font>font13</font>
						<label>31124</label>
						<label2></label2>
						<textcolor>grey2</textcolor>
						<focusedcolor>white</focusedcolor>
						<texturefocus>MenuItemFO.png</texturefocus>
						<texturenofocus>MenuItemNF.png</texturenofocus>
						<onclick>Skin.ToggleSetting(ShowBackgroundVideo)</onclick>
						<selected>!Skin.HasSetting(ShowBackgroundVideo)</selected>
					</control>
					<control type="radiobutton" id="304">
						<width>1125</width>
						<height>60</height>
						<font>font13</font>
						<label>31125</label>
						<label2></label2>
						<textcolor>grey2</textcolor>
						<focusedcolor>white</focusedcolor>
						<texturefocus>MenuItemFO.png</texturefocus>
						<texturenofocus>MenuItemNF.png</texturenofocus>
						<onclick>Skin.ToggleSetting(ShowBackgroundVis)</onclick>
						<selected>!Skin.HasSetting(ShowBackgroundVis)</selected>
					</control>
					<control type="label" id="310">
						<width>1125</width>
						<height>68</height>
						<font>font13_title</font>
						<label>31102</label>
						<label2></label2>
						<textcolor>blue</textcolor>
						<shadowcolor>black</shadowcolor>
						<align>left</align>
						<aligny>center</aligny>
					</control>
					<control type="radiobutton" id="311">
						<width>1125</width>
						<height>60</height>
						<font>font13</font>
						<label>31109</label>
						<label2></label2>
						<textcolor>grey2</textcolor>
						<focusedcolor>white</focusedcolor>
						<texturefocus>MenuItemFO.png</texturefocus>
						<texturenofocus>MenuItemNF.png</texturenofocus>
						<onclick>Skin.ToggleSetting(UseCustomBackground)</onclick>
						<selected>Skin.HasSetting(UseCustomBackground)</selected>
					</control>
					<control type="button" id="312">
						<width>1125</width>
						<height>60</height>
						<font>font13</font>
						<label>- $LOCALIZE[31110]</label>
						<label2>    [COLOR=selected]$INFO[Skin.String(CustomBackgroundPath)][/COLOR]</label2>
						<textcolor>grey2</textcolor>
						<focusedcolor>white</focusedcolor>
						<texturefocus>MenuItemFO.png</texturefocus>
						<texturenofocus>MenuItemNF.png</texturenofocus>
						<onclick>Skin.SetImage(CustomBackgroundPath)</onclick>
						<enable>Skin.HasSetting(UseCustomBackground)</enable>
					</control>
				</control>
				<control type="group">
					<control type="grouplist" id="9004">
						<visible>Container(9000).Hasfocus(4)</visible>
						<left>435</left>
						<top>90</top>
						<width>1125</width>
						<height>795</height>
						<itemgap>-2</itemgap>
						<pagecontrol>61</pagecontrol>
						<onleft>9000</onleft>
						<onright>61</onright>
						<onup>9004</onup>
						<ondown>9004</ondown>
						<control type="label" id="401">
							<width>1125</width>
							<height>68</height>
							<font>font13_title</font>
							<label>31140</label>
							<label2></label2>
							<textcolor>blue</textcolor>
							<shadowcolor>black</shadowcolor>
							<align>left</align>
							<aligny>center</aligny>
						</control>
						<control type="button" id="402">
							<width>1125</width>
							<height>60</height>
							<font>font13</font>
							<label>$LOCALIZE[31132]</label>
							<label2></label2>
							<label2>    [COLOR=selected]$INFO[system.addontitle(Skin.String(LyricScript_Path))][/COLOR]</label2>
							<textcolor>grey2</textcolor>
							<focusedcolor>white</focusedcolor>
							<texturefocus>MenuItemFO.png</texturefocus>
							<texturenofocus>MenuItemNF.png</texturenofocus>
							<onclick>Skin.SetAddon(LyricScript_Path,xbmc.python.lyrics)</onclick>
						</control>
						<control type="button" id="403">
							<width>1125</width>
							<height>60</height>
							<font>font13</font>
							<label>- $LOCALIZE[24020]</label>
							<label2></label2>
							<textcolor>grey2</textcolor>
							<focusedcolor>white</focusedcolor>
							<texturefocus>MenuItemFO.png</texturefocus>
							<texturenofocus>MenuItemNF.png</texturenofocus>
							<enable>!String.IsEmpty(Skin.String(LyricScript_Path))</enable>
							<onclick>Addon.OpenSettings($INFO[Skin.String(LyricScript_Path)])</onclick>
						</control>
						<control type="label" id="410">
							<visible>!Skin.HasSetting(HomeMenuNoWeatherButton)</visible>
							<width>1125</width>
							<height>68</height>
							<font>font13_title</font>
							<label>$LOCALIZE[24027] - $LOCALIZE[24000] $LOCALIZE[13398]</label>
							<label2></label2>
							<textcolor>blue</textcolor>
							<shadowcolor>black</shadowcolor>
							<align>left</align>
							<aligny>center</aligny>
						</control>
						<control type="button" id="411">
							<visible>!Skin.HasSetting(HomeMenuNoWeatherButton)</visible>
							<width>1125</width>
							<height>60</height>
							<font>font13</font>
							<label>$LOCALIZE[24000] [B]1[/B]</label>
							<label2>    [COLOR=selected]$INFO[system.addontitle(Skin.String(HomeWeatherButton1))][/COLOR]</label2>
							<textcolor>grey2</textcolor>
							<focusedcolor>white</focusedcolor>
							<texturefocus>MenuItemFO.png</texturefocus>
							<texturenofocus>MenuItemNF.png</texturenofocus>
							<onclick>Skin.SetAddon(HomeWeatherButton1,xbmc.addon.video,xbmc.addon.audio,xbmc.addon.image,xbmc.addon.executable,xbmc.python.weather)</onclick>
						</control>
						<control type="button" id="412">
							<visible>!Skin.HasSetting(HomeMenuNoWeatherButton)</visible>
							<width>1125</width>
							<height>60</height>
							<font>font13</font>
							<label>$LOCALIZE[24000] [B]2[/B]</label>
							<label2>    [COLOR=selected]$INFO[system.addontitle(Skin.String(HomeWeatherButton2))][/COLOR]</label2>
							<textcolor>grey2</textcolor>
							<focusedcolor>white</focusedcolor>
							<texturefocus>MenuItemFO.png</texturefocus>
							<texturenofocus>MenuItemNF.png</texturenofocus>
							<onclick>Skin.SetAddon(HomeWeatherButton2,xbmc.addon.video,xbmc.addon.audio,xbmc.addon.image,xbmc.addon.executable,xbmc.python.weather)</onclick>
						</control>
						<control type="button" id="413">
							<visible>!Skin.HasSetting(HomeMenuNoWeatherButton)</visible>
							<width>1125</width>
							<height>60</height>
							<font>font13</font>
							<label>$LOCALIZE[24000] [B]3[/B]</label>
							<label2>    [COLOR=selected]$INFO[system.addontitle(Skin.String(HomeWeatherButton3))][/COLOR]</label2>
							<textcolor>grey2</textcolor>
							<focusedcolor>white</focusedcolor>
							<texturefocus>MenuItemFO.png</texturefocus>
							<texturenofocus>MenuItemNF.png</texturenofocus>
							<onclick>Skin.SetAddon(HomeWeatherButton3,xbmc.addon.video,xbmc.addon.audio,xbmc.addon.image,xbmc.addon.executable,xbmc.python.weather)</onclick>
						</control>
						<control type="button" id="414">
							<visible>!Skin.HasSetting(HomeMenuNoWeatherButton)</visible>
							<width>1125</width>
							<height>60</height>
							<font>font13</font>
							<label>$LOCALIZE[24000] [B]4[/B]</label>
							<label2>    [COLOR=selected]$INFO[system.addontitle(Skin.String(HomeWeatherButton4))][/COLOR]</label2>
							<textcolor>grey2</textcolor>
							<focusedcolor>white</focusedcolor>
							<texturefocus>MenuItemFO.png</texturefocus>
							<texturenofocus>MenuItemNF.png</texturenofocus>
							<onclick>Skin.SetAddon(HomeWeatherButton4,xbmc.addon.video,xbmc.addon.audio,xbmc.addon.image,xbmc.addon.executable,xbmc.python.weather)</onclick>
						</control>
						<control type="button" id="415">
							<visible>!Skin.HasSetting(HomeMenuNoWeatherButton)</visible>
							<width>1125</width>
							<height>60</height>
							<font>font13</font>
							<label>$LOCALIZE[24000] [B]5[/B]</label>
							<label2>    [COLOR=selected]$INFO[system.addontitle(Skin.String(HomeWeatherButton5))][/COLOR]</label2>
							<textcolor>grey2</textcolor>
							<focusedcolor>white</focusedcolor>
							<texturefocus>MenuItemFO.png</texturefocus>
							<texturenofocus>MenuItemNF.png</texturenofocus>
							<onclick>Skin.SetAddon(HomeWeatherButton5,xbmc.addon.video,xbmc.addon.audio,xbmc.addon.image,xbmc.addon.executable,xbmc.python.weather)</onclick>
						</control>
						<control type="button" id="416">
							<visible>!Skin.HasSetting(HomeMenuNoWeatherButton)</visible>
							<width>1125</width>
							<height>60</height>
							<font>font13</font>
							<label>$LOCALIZE[24000] [B]6[/B]</label>
							<label2>    [COLOR=selected]$INFO[system.addontitle(Skin.String(HomeWeatherButton6))][/COLOR]</label2>
							<textcolor>grey2</textcolor>
							<focusedcolor>white</focusedcolor>
							<texturefocus>MenuItemFO.png</texturefocus>
							<texturenofocus>MenuItemNF.png</texturenofocus>
							<onclick>Skin.SetAddon(HomeWeatherButton6,xbmc.addon.video,xbmc.addon.audio,xbmc.addon.image,xbmc.addon.executable,xbmc.python.weather)</onclick>
						</control>
						<control type="button" id="417">
							<visible>!Skin.HasSetting(HomeMenuNoWeatherButton)</visible>
							<width>1125</width>
							<height>60</height>
							<font>font13</font>
							<label>$LOCALIZE[24000] [B]7[/B]</label>
							<label2>    [COLOR=selected]$INFO[system.addontitle(Skin.String(HomeWeatherButton7))][/COLOR]</label2>
							<textcolor>grey2</textcolor>
							<focusedcolor>white</focusedcolor>
							<texturefocus>MenuItemFO.png</texturefocus>
							<texturenofocus>MenuItemNF.png</texturenofocus>
							<onclick>Skin.SetAddon(HomeWeatherButton7,xbmc.addon.video,xbmc.addon.audio,xbmc.addon.image,xbmc.addon.executable,xbmc.python.weather)</onclick>
						</control>
						<control type="label" id="420">
							<visible>!Skin.HasSetting(HomeMenuNoPicturesButton)</visible>
							<width>1125</width>
							<height>68</height>
							<font>font13_title</font>
							<label>$LOCALIZE[1] - $LOCALIZE[24000] $LOCALIZE[13398]</label>
							<textcolor>blue</textcolor>
							<shadowcolor>black</shadowcolor>
							<align>left</align>
							<aligny>center</aligny>
						</control>
						<control type="button" id="421">
							<visible>!Skin.HasSetting(HomeMenuNoPicturesButton)</visible>
							<width>1125</width>
							<height>60</height>
							<font>font13</font>
							<label>$LOCALIZE[24000] [B]1[/B]</label>
							<label2>    [COLOR=selected]$INFO[system.addontitle(Skin.String(HomePicturesButton1))][/COLOR]</label2>
							<textcolor>grey2</textcolor>
							<focusedcolor>white</focusedcolor>
							<texturefocus>MenuItemFO.png</texturefocus>
							<texturenofocus>MenuItemNF.png</texturenofocus>
							<onclick>Skin.SetAddon(HomePicturesButton1,xbmc.addon.video,xbmc.addon.audio,xbmc.addon.image,xbmc.addon.executable)</onclick>
						</control>
						<control type="button" id="422">
							<visible>!Skin.HasSetting(HomeMenuNoPicturesButton)</visible>
							<width>1125</width>
							<height>60</height>
							<font>font13</font>
							<label>$LOCALIZE[24000] [B]2[/B]</label>
							<label2>    [COLOR=selected]$INFO[system.addontitle(Skin.String(HomePicturesButton2))][/COLOR]</label2>
							<textcolor>grey2</textcolor>
							<focusedcolor>white</focusedcolor>
							<texturefocus>MenuItemFO.png</texturefocus>
							<texturenofocus>MenuItemNF.png</texturenofocus>
							<onclick>Skin.SetAddon(HomePicturesButton2,xbmc.addon.video,xbmc.addon.audio,xbmc.addon.image,xbmc.addon.executable)</onclick>
						</control>
						<control type="button" id="423">
							<visible>!Skin.HasSetting(HomeMenuNoPicturesButton)</visible>
							<width>1125</width>
							<height>60</height>
							<font>font13</font>
							<label>$LOCALIZE[24000] [B]3[/B]</label>
							<label2>    [COLOR=selected]$INFO[system.addontitle(Skin.String(HomePicturesButton3))][/COLOR]</label2>
							<textcolor>grey2</textcolor>
							<focusedcolor>white</focusedcolor>
							<texturefocus>MenuItemFO.png</texturefocus>
							<texturenofocus>MenuItemNF.png</texturenofocus>
							<onclick>Skin.SetAddon(HomePicturesButton3,xbmc.addon.video,xbmc.addon.audio,xbmc.addon.image,xbmc.addon.executable)</onclick>
						</control>
						<control type="button" id="424">
							<visible>!Skin.HasSetting(HomeMenuNoPicturesButton)</visible>
							<width>1125</width>
							<height>60</height>
							<font>font13</font>
							<label>$LOCALIZE[24000] [B]4[/B]</label>
							<label2>    [COLOR=selected]$INFO[system.addontitle(Skin.String(HomePicturesButton4))][/COLOR]</label2>
							<textcolor>grey2</textcolor>
							<focusedcolor>white</focusedcolor>
							<texturefocus>MenuItemFO.png</texturefocus>
							<texturenofocus>MenuItemNF.png</texturenofocus>
							<onclick>Skin.SetAddon(HomePicturesButton4,xbmc.addon.video,xbmc.addon.audio,xbmc.addon.image,xbmc.addon.executable)</onclick>
						</control>
						<control type="button" id="425">
							<visible>!Skin.HasSetting(HomeMenuNoPicturesButton)</visible>
							<width>1125</width>
							<height>60</height>
							<font>font13</font>
							<label>$LOCALIZE[24000] [B]5[/B]</label>
							<label2>    [COLOR=selected]$INFO[system.addontitle(Skin.String(HomePicturesButton5))][/COLOR]</label2>
							<textcolor>grey2</textcolor>
							<focusedcolor>white</focusedcolor>
							<texturefocus>MenuItemFO.png</texturefocus>
							<texturenofocus>MenuItemNF.png</texturenofocus>
							<onclick>Skin.SetAddon(HomePicturesButton5,xbmc.addon.video,xbmc.addon.audio,xbmc.addon.image,xbmc.addon.executable)</onclick>
						</control>
						<control type="button" id="426">
							<visible>!Skin.HasSetting(HomeMenuNoPicturesButton)</visible>
							<width>1125</width>
							<height>60</height>
							<font>font13</font>
							<label>$LOCALIZE[24000] [B]6[/B]</label>
							<label2>    [COLOR=selected]$INFO[system.addontitle(Skin.String(HomePicturesButton6))][/COLOR]</label2>
							<textcolor>grey2</textcolor>
							<focusedcolor>white</focusedcolor>
							<texturefocus>MenuItemFO.png</texturefocus>
							<texturenofocus>MenuItemNF.png</texturenofocus>
							<onclick>Skin.SetAddon(HomePicturesButton6,xbmc.addon.video,xbmc.addon.audio,xbmc.addon.image,xbmc.addon.executable)</onclick>
						</control>
						<control type="button" id="427">
							<visible>!Skin.HasSetting(HomeMenuNoPicturesButton)</visible>
							<width>1125</width>
							<height>60</height>
							<font>font13</font>
							<label>$LOCALIZE[24000] [B]7[/B]</label>
							<label2>    [COLOR=selected]$INFO[system.addontitle(Skin.String(HomePicturesButton7))][/COLOR]</label2>
							<textcolor>grey2</textcolor>
							<focusedcolor>white</focusedcolor>
							<texturefocus>MenuItemFO.png</texturefocus>
							<texturenofocus>MenuItemNF.png</texturenofocus>
							<onclick>Skin.SetAddon(HomePicturesButton7,xbmc.addon.video,xbmc.addon.audio,xbmc.addon.image,xbmc.addon.executable)</onclick>
						</control>
						<control type="label" id="430">
							<visible>!Skin.HasSetting(HomeMenuNoRadioButton)</visible>
							<visible>PVR.HasRadioChannels</visible>
							<width>1125</width>
							<height>68</height>
							<font>font13_title</font>
							<label>$LOCALIZE[19021] - $LOCALIZE[24000] $LOCALIZE[13398]</label>
							<textcolor>blue</textcolor>
							<shadowcolor>black</shadowcolor>
							<align>left</align>
							<aligny>center</aligny>
						</control>
						<control type="button" id="431">
							<visible>!Skin.HasSetting(HomeMenuNoRadioButton)</visible>
							<visible>PVR.HasRadioChannels</visible>
							<width>1125</width>
							<height>60</height>
							<font>font13</font>
							<label>$LOCALIZE[24000] [B]1[/B]</label>
							<label2>    [COLOR=selected]$INFO[system.addontitle(Skin.String(HomeRadioButton1))][/COLOR]</label2>
							<textcolor>grey2</textcolor>
							<focusedcolor>white</focusedcolor>
							<texturefocus>MenuItemFO.png</texturefocus>
							<texturenofocus>MenuItemNF.png</texturenofocus>
							<onclick>Skin.SetAddon(HomeRadioButton1,xbmc.addon.video,xbmc.addon.audio,xbmc.addon.image,xbmc.addon.executable)</onclick>
						</control>
						<control type="button" id="432">
							<visible>!Skin.HasSetting(HomeMenuNoRadioButton)</visible>
							<visible>PVR.HasRadioChannels</visible>
							<width>1125</width>
							<height>60</height>
							<font>font13</font>
							<label>$LOCALIZE[24000] [B]2[/B]</label>
							<label2>    [COLOR=selected]$INFO[system.addontitle(Skin.String(HomeRadioButton2))][/COLOR]</label2>
							<textcolor>grey2</textcolor>
							<focusedcolor>white</focusedcolor>
							<texturefocus>MenuItemFO.png</texturefocus>
							<texturenofocus>MenuItemNF.png</texturenofocus>
							<onclick>Skin.SetAddon(HomeRadioButton2,xbmc.addon.video,xbmc.addon.audio,xbmc.addon.image,xbmc.addon.executable)</onclick>
						</control>
						<control type="button" id="433">
							<visible>!Skin.HasSetting(HomeMenuNoRadioButton)</visible>
							<visible>PVR.HasRadioChannels</visible>
							<width>1125</width>
							<height>60</height>
							<font>font13</font>
							<label>$LOCALIZE[24000] [B]3[/B]</label>
							<label2>    [COLOR=selected]$INFO[system.addontitle(Skin.String(HomeRadioButton3))][/COLOR]</label2>
							<textcolor>grey2</textcolor>
							<focusedcolor>white</focusedcolor>
							<texturefocus>MenuItemFO.png</texturefocus>
							<texturenofocus>MenuItemNF.png</texturenofocus>
							<onclick>Skin.SetAddon(HomeRadioButton3,xbmc.addon.video,xbmc.addon.audio,xbmc.addon.image,xbmc.addon.executable)</onclick>
						</control>
						<control type="button" id="434">
							<visible>!Skin.HasSetting(HomeMenuNoRadioButton)</visible>
							<visible>PVR.HasRadioChannels</visible>
							<width>1125</width>
							<height>60</height>
							<font>font13</font>
							<label>$LOCALIZE[24000] [B]4[/B]</label>
							<label2>    [COLOR=selected]$INFO[system.addontitle(Skin.String(HomeRadioButton4))][/COLOR]</label2>
							<textcolor>grey2</textcolor>
							<focusedcolor>white</focusedcolor>
							<texturefocus>MenuItemFO.png</texturefocus>
							<texturenofocus>MenuItemNF.png</texturenofocus>
							<onclick>Skin.SetAddon(HomeRadioButton4,xbmc.addon.video,xbmc.addon.audio,xbmc.addon.image,xbmc.addon.executable)</onclick>
						</control>
						<control type="button" id="435">
							<visible>!Skin.HasSetting(HomeMenuNoRadioButton)</visible>
							<visible>PVR.HasRadioChannels</visible>
							<width>1125</width>
							<height>60</height>
							<font>font13</font>
							<label>$LOCALIZE[24000] [B]5[/B]</label>
							<label2>    [COLOR=selected]$INFO[system.addontitle(Skin.String(HomeRadioButton5))][/COLOR]</label2>
							<textcolor>grey2</textcolor>
							<focusedcolor>white</focusedcolor>
							<texturefocus>MenuItemFO.png</texturefocus>
							<texturenofocus>MenuItemNF.png</texturenofocus>
							<onclick>Skin.SetAddon(HomeRadioButton5,xbmc.addon.video,xbmc.addon.audio,xbmc.addon.image,xbmc.addon.executable)</onclick>
						</control>
						<control type="button" id="436">
							<visible>!Skin.HasSetting(HomeMenuNoRadioButton)</visible>
							<visible>PVR.HasRadioChannels</visible>
							<width>1125</width>
							<height>60</height>
							<font>font13</font>
							<label>$LOCALIZE[24000] [B]6[/B]</label>
							<label2>    [COLOR=selected]$INFO[system.addontitle(Skin.String(HomeRadioButton6))][/COLOR]</label2>
							<textcolor>grey2</textcolor>
							<focusedcolor>white</focusedcolor>
							<texturefocus>MenuItemFO.png</texturefocus>
							<texturenofocus>MenuItemNF.png</texturenofocus>
							<onclick>Skin.SetAddon(HomeRadioButton6,xbmc.addon.video,xbmc.addon.audio,xbmc.addon.image,xbmc.addon.executable)</onclick>
						</control>
						<control type="button" id="437">
							<visible>!Skin.HasSetting(HomeMenuNoRadioButton)</visible>
							<visible>PVR.HasRadioChannels</visible>
							<width>1125</width>
							<height>60</height>
							<font>font13</font>
							<label>$LOCALIZE[24000] [B]7[/B]</label>
							<label2>    [COLOR=selected]$INFO[system.addontitle(Skin.String(HomeRadioButton7))][/COLOR]</label2>
							<textcolor>grey2</textcolor>
							<focusedcolor>white</focusedcolor>
							<texturefocus>MenuItemFO.png</texturefocus>
							<texturenofocus>MenuItemNF.png</texturenofocus>
							<onclick>Skin.SetAddon(HomeRadioButton7,xbmc.addon.video,xbmc.addon.audio,xbmc.addon.image,xbmc.addon.executable)</onclick>
						</control>
						<control type="label" id="440">
							<visible>!Skin.HasSetting(HomeMenuNoTVButton)</visible>
							<visible>PVR.HasTVChannels</visible>
							<width>1125</width>
							<height>68</height>
							<font>font13_title</font>
							<label>$LOCALIZE[19020] $LOCALIZE[24000] $LOCALIZE[13398]</label>
							<textcolor>blue</textcolor>
							<shadowcolor>black</shadowcolor>
							<align>left</align>
							<aligny>center</aligny>
						</control>
						<control type="button" id="441">
							<visible>!Skin.HasSetting(HomeMenuNoTVButton)</visible>
							<visible>PVR.HasTVChannels</visible>
							<width>1125</width>
							<height>60</height>
							<font>font13</font>
							<label>$LOCALIZE[24000] [B]1[/B]</label>
							<label2>    [COLOR=selected]$INFO[system.addontitle(Skin.String(HomeTVButton1))][/COLOR]</label2>
							<textcolor>grey2</textcolor>
							<focusedcolor>white</focusedcolor>
							<texturefocus>MenuItemFO.png</texturefocus>
							<texturenofocus>MenuItemNF.png</texturenofocus>
							<onclick>Skin.SetAddon(HomeTVButton1,xbmc.addon.video,xbmc.addon.audio,xbmc.addon.image,xbmc.addon.executable)</onclick>
						</control>
						<control type="button" id="442">
							<visible>!Skin.HasSetting(HomeMenuNoTVButton)</visible>
							<visible>PVR.HasTVChannels</visible>
							<width>1125</width>
							<height>60</height>
							<font>font13</font>
							<label>$LOCALIZE[24000] [B]2[/B]</label>
							<label2>    [COLOR=selected]$INFO[system.addontitle(Skin.String(HomeTVButton2))][/COLOR]</label2>
							<textcolor>grey2</textcolor>
							<focusedcolor>white</focusedcolor>
							<texturefocus>MenuItemFO.png</texturefocus>
							<texturenofocus>MenuItemNF.png</texturenofocus>
							<onclick>Skin.SetAddon(HomeTVButton2,xbmc.addon.video,xbmc.addon.audio,xbmc.addon.image,xbmc.addon.executable)</onclick>
						</control>
						<control type="button" id="443">
							<visible>!Skin.HasSetting(HomeMenuNoTVButton)</visible>
							<visible>PVR.HasTVChannels</visible>
							<width>1125</width>
							<height>60</height>
							<font>font13</font>
							<label>$LOCALIZE[24000] [B]3[/B]</label>
							<label2>    [COLOR=selected]$INFO[system.addontitle(Skin.String(HomeTVButton3))][/COLOR]</label2>
							<textcolor>grey2</textcolor>
							<focusedcolor>white</focusedcolor>
							<texturefocus>MenuItemFO.png</texturefocus>
							<texturenofocus>MenuItemNF.png</texturenofocus>
							<onclick>Skin.SetAddon(HomeTVButton3,xbmc.addon.video,xbmc.addon.audio,xbmc.addon.image,xbmc.addon.executable)</onclick>
						</control>
						<control type="button" id="444">
							<visible>!Skin.HasSetting(HomeMenuNoTVButton)</visible>
							<visible>PVR.HasTVChannels</visible>
							<width>1125</width>
							<height>60</height>
							<font>font13</font>
							<label>$LOCALIZE[24000] [B]4[/B]</label>
							<label2>    [COLOR=selected]$INFO[system.addontitle(Skin.String(HomeTVButton4))][/COLOR]</label2>
							<textcolor>grey2</textcolor>
							<focusedcolor>white</focusedcolor>
							<texturefocus>MenuItemFO.png</texturefocus>
							<texturenofocus>MenuItemNF.png</texturenofocus>
							<onclick>Skin.SetAddon(HomeTVButton4,xbmc.addon.video,xbmc.addon.audio,xbmc.addon.image,xbmc.addon.executable)</onclick>
						</control>
						<control type="button" id="445">
							<visible>!Skin.HasSetting(HomeMenuNoTVButton)</visible>
							<visible>PVR.HasTVChannels</visible>
							<width>1125</width>
							<height>60</height>
							<font>font13</font>
							<label>$LOCALIZE[24000] [B]5[/B]</label>
							<label2>    [COLOR=selected]$INFO[system.addontitle(Skin.String(HomeTVButton5))][/COLOR]</label2>
							<textcolor>grey2</textcolor>
							<focusedcolor>white</focusedcolor>
							<texturefocus>MenuItemFO.png</texturefocus>
							<texturenofocus>MenuItemNF.png</texturenofocus>
							<onclick>Skin.SetAddon(HomeTVButton5,xbmc.addon.video,xbmc.addon.audio,xbmc.addon.image,xbmc.addon.executable)</onclick>
						</control>
						<control type="button" id="446">
							<visible>!Skin.HasSetting(HomeMenuNoTVButton)</visible>
							<visible>PVR.HasTVChannels</visible>
							<width>1125</width>
							<height>60</height>
							<font>font13</font>
							<label>$LOCALIZE[24000] [B]6[/B]</label>
							<label2>    [COLOR=selected]$INFO[system.addontitle(Skin.String(HomeTVButton6))][/COLOR]</label2>
							<textcolor>grey2</textcolor>
							<focusedcolor>white</focusedcolor>
							<texturefocus>MenuItemFO.png</texturefocus>
							<texturenofocus>MenuItemNF.png</texturenofocus>
							<onclick>Skin.SetAddon(HomeTVButton6,xbmc.addon.video,xbmc.addon.audio,xbmc.addon.image,xbmc.addon.executable)</onclick>
						</control>
						<control type="button" id="447">
							<visible>!Skin.HasSetting(HomeMenuNoTVButton)</visible>
							<visible>PVR.HasTVChannels</visible>
							<width>1125</width>
							<height>60</height>
							<font>font13</font>
							<label>$LOCALIZE[24000] [B]7[/B]</label>
							<label2>    [COLOR=selected]$INFO[system.addontitle(Skin.String(HomeTVButton7))][/COLOR]</label2>
							<textcolor>grey2</textcolor>
							<focusedcolor>white</focusedcolor>
							<texturefocus>MenuItemFO.png</texturefocus>
							<texturenofocus>MenuItemNF.png</texturenofocus>
							<onclick>Skin.SetAddon(HomeTVButton7,xbmc.addon.video,xbmc.addon.audio,xbmc.addon.image,xbmc.addon.executable)</onclick>
						</control>
						<control type="label" id="450">
							<visible>!Skin.HasSetting(HomeMenuNoVideosButton)</visible>
							<width>1125</width>
							<height>68</height>
							<font>font13_title</font>
							<label>$LOCALIZE[3] $LOCALIZE[24000] $LOCALIZE[13398]</label>
							<textcolor>blue</textcolor>
							<shadowcolor>black</shadowcolor>
							<align>left</align>
							<aligny>center</aligny>
						</control>
						<control type="button" id="451">
							<visible>!Skin.HasSetting(HomeMenuNoVideosButton)</visible>
							<width>1125</width>
							<height>60</height>
							<font>font13</font>
							<label>$LOCALIZE[24000] [B]1[/B]</label>
							<label2>    [COLOR=selected]$INFO[system.addontitle(Skin.String(HomeVideosButton1))][/COLOR]</label2>
							<textcolor>grey2</textcolor>
							<focusedcolor>white</focusedcolor>
							<texturefocus>MenuItemFO.png</texturefocus>
							<texturenofocus>MenuItemNF.png</texturenofocus>
							<onclick>Skin.SetAddon(HomeVideosButton1,xbmc.addon.video,xbmc.addon.audio,xbmc.addon.image,xbmc.addon.executable)</onclick>
						</control>
						<control type="button" id="452">
							<visible>!Skin.HasSetting(HomeMenuNoVideosButton)</visible>
							<width>1125</width>
							<height>60</height>
							<font>font13</font>
							<label>$LOCALIZE[24000] [B]2[/B]</label>
							<label2>    [COLOR=selected]$INFO[system.addontitle(Skin.String(HomeVideosButton2))][/COLOR]</label2>
							<textcolor>grey2</textcolor>
							<focusedcolor>white</focusedcolor>
							<texturefocus>MenuItemFO.png</texturefocus>
							<texturenofocus>MenuItemNF.png</texturenofocus>
							<onclick>Skin.SetAddon(HomeVideosButton2,xbmc.addon.video,xbmc.addon.audio,xbmc.addon.image,xbmc.addon.executable)</onclick>
						</control>
						<control type="button" id="453">
							<visible>!Skin.HasSetting(HomeMenuNoVideosButton)</visible>
							<width>1125</width>
							<height>60</height>
							<font>font13</font>
							<label>$LOCALIZE[24000] [B]3[/B]</label>
							<label2>    [COLOR=selected]$INFO[system.addontitle(Skin.String(HomeVideosButton3))][/COLOR]</label2>
							<textcolor>grey2</textcolor>
							<focusedcolor>white</focusedcolor>
							<texturefocus>MenuItemFO.png</texturefocus>
							<texturenofocus>MenuItemNF.png</texturenofocus>
							<onclick>Skin.SetAddon(HomeVideosButton3,xbmc.addon.video,xbmc.addon.audio,xbmc.addon.image,xbmc.addon.executable)</onclick>
						</control>
						<control type="button" id="454">
							<visible>!Skin.HasSetting(HomeMenuNoVideosButton)</visible>
							<width>1125</width>
							<height>60</height>
							<font>font13</font>
							<label>$LOCALIZE[24000] [B]4[/B]</label>
							<label2>    [COLOR=selected]$INFO[system.addontitle(Skin.String(HomeVideosButton4))][/COLOR]</label2>
							<textcolor>grey2</textcolor>
							<focusedcolor>white</focusedcolor>
							<texturefocus>MenuItemFO.png</texturefocus>
							<texturenofocus>MenuItemNF.png</texturenofocus>
							<onclick>Skin.SetAddon(HomeVideosButton4,xbmc.addon.video,xbmc.addon.audio,xbmc.addon.image,xbmc.addon.executable)</onclick>
						</control>
						<control type="button" id="455">
							<visible>!Skin.HasSetting(HomeMenuNoVideosButton)</visible>
							<width>1125</width>
							<height>60</height>
							<font>font13</font>
							<label>$LOCALIZE[24000] [B]5[/B]</label>
							<label2>    [COLOR=selected]$INFO[system.addontitle(Skin.String(HomeVideosButton5))][/COLOR]</label2>
							<textcolor>grey2</textcolor>
							<focusedcolor>white</focusedcolor>
							<texturefocus>MenuItemFO.png</texturefocus>
							<texturenofocus>MenuItemNF.png</texturenofocus>
							<onclick>Skin.SetAddon(HomeVideosButton5,xbmc.addon.video,xbmc.addon.audio,xbmc.addon.image,xbmc.addon.executable)</onclick>
						</control>
						<control type="button" id="456">
							<visible>!Skin.HasSetting(HomeMenuNoVideosButton)</visible>
							<width>1125</width>
							<height>60</height>
							<font>font13</font>
							<label>$LOCALIZE[24000] [B]6[/B]</label>
							<label2>    [COLOR=selected]$INFO[system.addontitle(Skin.String(HomeVideosButton6))][/COLOR]</label2>
							<textcolor>grey2</textcolor>
							<focusedcolor>white</focusedcolor>
							<texturefocus>MenuItemFO.png</texturefocus>
							<texturenofocus>MenuItemNF.png</texturenofocus>
							<onclick>Skin.SetAddon(HomeVideosButton6,xbmc.addon.video,xbmc.addon.audio,xbmc.addon.image,xbmc.addon.executable)</onclick>
						</control>
						<control type="button" id="457">
							<visible>!Skin.HasSetting(HomeMenuNoVideosButton)</visible>
							<width>1125</width>
							<height>60</height>
							<font>font13</font>
							<label>$LOCALIZE[24000] [B]7[/B]</label>
							<label2>    [COLOR=selected]$INFO[system.addontitle(Skin.String(HomeVideosButton7))][/COLOR]</label2>
							<textcolor>grey2</textcolor>
							<focusedcolor>white</focusedcolor>
							<texturefocus>MenuItemFO.png</texturefocus>
							<texturenofocus>MenuItemNF.png</texturenofocus>
							<onclick>Skin.SetAddon(HomeVideosButton7,xbmc.addon.video,xbmc.addon.audio,xbmc.addon.image,xbmc.addon.executable)</onclick>
						</control>
						<control type="label" id="460">
							<visible>!Skin.HasSetting(HomeMenuNoMoviesButton)</visible>
							<visible>Library.HasContent(Movies)</visible>
							<width>1125</width>
							<height>68</height>
							<font>font13_title</font>
							<label>$LOCALIZE[20342] $LOCALIZE[24000] $LOCALIZE[13398]</label>
							<textcolor>blue</textcolor>
							<shadowcolor>black</shadowcolor>
							<align>left</align>
							<aligny>center</aligny>
						</control>
						<control type="button" id="461">
							<visible>!Skin.HasSetting(HomeMenuNoMoviesButton)</visible>
							<visible>Library.HasContent(Movies)</visible>
							<width>1125</width>
							<height>60</height>
							<font>font13</font>
							<label>$LOCALIZE[24000] [B]1[/B]</label>
							<label2>    [COLOR=selected]$INFO[system.addontitle(Skin.String(HomeMoviesButton1))][/COLOR]</label2>
							<textcolor>grey2</textcolor>
							<focusedcolor>white</focusedcolor>
							<texturefocus>MenuItemFO.png</texturefocus>
							<texturenofocus>MenuItemNF.png</texturenofocus>
							<onclick>Skin.SetAddon(HomeMoviesButton1,xbmc.addon.video,xbmc.addon.audio,xbmc.addon.image,xbmc.addon.executable)</onclick>
						</control>
						<control type="button" id="462">
							<visible>!Skin.HasSetting(HomeMenuNoMoviesButton)</visible>
							<visible>Library.HasContent(Movies)</visible>
							<width>1125</width>
							<height>60</height>
							<font>font13</font>
							<label>$LOCALIZE[24000] [B]2[/B]</label>
							<label2>    [COLOR=selected]$INFO[system.addontitle(Skin.String(HomeMoviesButton2))][/COLOR]</label2>
							<textcolor>grey2</textcolor>
							<focusedcolor>white</focusedcolor>
							<texturefocus>MenuItemFO.png</texturefocus>
							<texturenofocus>MenuItemNF.png</texturenofocus>
							<onclick>Skin.SetAddon(HomeMoviesButton2,xbmc.addon.video,xbmc.addon.audio,xbmc.addon.image,xbmc.addon.executable)</onclick>
						</control>
						<control type="button" id="463">
							<visible>!Skin.HasSetting(HomeMenuNoMoviesButton)</visible>
							<visible>Library.HasContent(Movies)</visible>
							<width>1125</width>
							<height>60</height>
							<font>font13</font>
							<label>$LOCALIZE[24000] [B]3[/B]</label>
							<label2>    [COLOR=selected]$INFO[system.addontitle(Skin.String(HomeMoviesButton3))][/COLOR]</label2>
							<textcolor>grey2</textcolor>
							<focusedcolor>white</focusedcolor>
							<texturefocus>MenuItemFO.png</texturefocus>
							<texturenofocus>MenuItemNF.png</texturenofocus>
							<onclick>Skin.SetAddon(HomeMoviesButton3,xbmc.addon.video,xbmc.addon.audio,xbmc.addon.image,xbmc.addon.executable)</onclick>
						</control>
						<control type="button" id="464">
							<visible>!Skin.HasSetting(HomeMenuNoMoviesButton)</visible>
							<visible>Library.HasContent(Movies)</visible>
							<width>1125</width>
							<height>60</height>
							<font>font13</font>
							<label>$LOCALIZE[24000] [B]4[/B]</label>
							<label2>    [COLOR=selected]$INFO[system.addontitle(Skin.String(HomeMoviesButton4))][/COLOR]</label2>
							<textcolor>grey2</textcolor>
							<focusedcolor>white</focusedcolor>
							<texturefocus>MenuItemFO.png</texturefocus>
							<texturenofocus>MenuItemNF.png</texturenofocus>
							<onclick>Skin.SetAddon(HomeMoviesButton4,xbmc.addon.video,xbmc.addon.audio,xbmc.addon.image,xbmc.addon.executable)</onclick>
						</control>
						<control type="button" id="465">
							<visible>!Skin.HasSetting(HomeMenuNoMoviesButton)</visible>
							<visible>Library.HasContent(Movies)</visible>
							<width>1125</width>
							<height>60</height>
							<font>font13</font>
							<label>$LOCALIZE[24000] [B]5[/B]</label>
							<label2>    [COLOR=selected]$INFO[system.addontitle(Skin.String(HomeMoviesButton5))][/COLOR]</label2>
							<textcolor>grey2</textcolor>
							<focusedcolor>white</focusedcolor>
							<texturefocus>MenuItemFO.png</texturefocus>
							<texturenofocus>MenuItemNF.png</texturenofocus>
							<onclick>Skin.SetAddon(HomeMoviesButton5,xbmc.addon.video,xbmc.addon.audio,xbmc.addon.image,xbmc.addon.executable)</onclick>
						</control>
						<control type="button" id="466">
							<visible>!Skin.HasSetting(HomeMenuNoMoviesButton)</visible>
							<visible>Library.HasContent(Movies)</visible>
							<width>1125</width>
							<height>60</height>
							<font>font13</font>
							<label>$LOCALIZE[24000] [B]6[/B]</label>
							<label2>    [COLOR=selected]$INFO[system.addontitle(Skin.String(HomeMoviesButton6))][/COLOR]</label2>
							<textcolor>grey2</textcolor>
							<focusedcolor>white</focusedcolor>
							<texturefocus>MenuItemFO.png</texturefocus>
							<texturenofocus>MenuItemNF.png</texturenofocus>
							<onclick>Skin.SetAddon(HomeMoviesButton6,xbmc.addon.video,xbmc.addon.audio,xbmc.addon.image,xbmc.addon.executable)</onclick>
						</control>
						<control type="button" id="467">
							<visible>!Skin.HasSetting(HomeMenuNoMoviesButton)</visible>
							<visible>Library.HasContent(Movies)</visible>
							<width>1125</width>
							<height>60</height>
							<font>font13</font>
							<label>$LOCALIZE[24000] [B]7[/B]</label>
							<label2>    [COLOR=selected]$INFO[system.addontitle(Skin.String(HomeMoviesButton7))][/COLOR]</label2>
							<textcolor>grey2</textcolor>
							<focusedcolor>white</focusedcolor>
							<texturefocus>MenuItemFO.png</texturefocus>
							<texturenofocus>MenuItemNF.png</texturenofocus>
							<onclick>Skin.SetAddon(HomeMoviesButton7,xbmc.addon.video,xbmc.addon.audio,xbmc.addon.image,xbmc.addon.executable)</onclick>
						</control>
						<control type="label" id="470">
							<visible>!Skin.HasSetting(HomeMenuNoTVShowsButton)</visible>
							<visible>Library.HasContent(TVShows)</visible>
							<width>1125</width>
							<height>68</height>
							<font>font13_title</font>
							<label>$LOCALIZE[20343] $LOCALIZE[24000] $LOCALIZE[13398]</label>
							<textcolor>blue</textcolor>
							<shadowcolor>black</shadowcolor>
							<align>left</align>
							<aligny>center</aligny>
						</control>
						<control type="button" id="471">
							<visible>!Skin.HasSetting(HomeMenuNoTVShowsButton)</visible>
							<visible>Library.HasContent(TVShows)</visible>
							<width>1125</width>
							<height>60</height>
							<font>font13</font>
							<label>$LOCALIZE[24000] [B]1[/B]</label>
							<label2>    [COLOR=selected]$INFO[system.addontitle(Skin.String(HomeTVShowsButton1))][/COLOR]</label2>
							<textcolor>grey2</textcolor>
							<focusedcolor>white</focusedcolor>
							<texturefocus>MenuItemFO.png</texturefocus>
							<texturenofocus>MenuItemNF.png</texturenofocus>
							<onclick>Skin.SetAddon(HomeTVShowsButton1,xbmc.addon.video,xbmc.addon.audio,xbmc.addon.image,xbmc.addon.executable)</onclick>
						</control>
						<control type="button" id="472">
							<visible>!Skin.HasSetting(HomeMenuNoTVShowsButton)</visible>
							<visible>Library.HasContent(TVShows)</visible>
							<width>1125</width>
							<height>60</height>
							<font>font13</font>
							<label>$LOCALIZE[24000] [B]2[/B]</label>
							<label2>    [COLOR=selected]$INFO[system.addontitle(Skin.String(HomeTVShowsButton2))][/COLOR]</label2>
							<textcolor>grey2</textcolor>
							<focusedcolor>white</focusedcolor>
							<texturefocus>MenuItemFO.png</texturefocus>
							<texturenofocus>MenuItemNF.png</texturenofocus>
							<onclick>Skin.SetAddon(HomeTVShowsButton2,xbmc.addon.video,xbmc.addon.audio,xbmc.addon.image,xbmc.addon.executable)</onclick>
						</control>
						<control type="button" id="473">
							<visible>!Skin.HasSetting(HomeMenuNoTVShowsButton)</visible>
							<visible>Library.HasContent(TVShows)</visible>
							<width>1125</width>
							<height>60</height>
							<font>font13</font>
							<label>$LOCALIZE[24000] [B]3[/B]</label>
							<label2>    [COLOR=selected]$INFO[system.addontitle(Skin.String(HomeTVShowsButton3))][/COLOR]</label2>
							<textcolor>grey2</textcolor>
							<focusedcolor>white</focusedcolor>
							<texturefocus>MenuItemFO.png</texturefocus>
							<texturenofocus>MenuItemNF.png</texturenofocus>
							<onclick>Skin.SetAddon(HomeTVShowsButton3,xbmc.addon.video,xbmc.addon.audio,xbmc.addon.image,xbmc.addon.executable)</onclick>
						</control>
						<control type="button" id="474">
							<visible>!Skin.HasSetting(HomeMenuNoTVShowsButton)</visible>
							<visible>Library.HasContent(TVShows)</visible>
							<width>1125</width>
							<height>60</height>
							<font>font13</font>
							<label>$LOCALIZE[24000] [B]4[/B]</label>
							<label2>    [COLOR=selected]$INFO[system.addontitle(Skin.String(HomeTVShowsButton4))][/COLOR]</label2>
							<textcolor>grey2</textcolor>
							<focusedcolor>white</focusedcolor>
							<texturefocus>MenuItemFO.png</texturefocus>
							<texturenofocus>MenuItemNF.png</texturenofocus>
							<onclick>Skin.SetAddon(HomeTVShowsButton4,xbmc.addon.video,xbmc.addon.audio,xbmc.addon.image,xbmc.addon.executable)</onclick>
						</control>
						<control type="button" id="475">
							<visible>!Skin.HasSetting(HomeMenuNoTVShowsButton)</visible>
							<visible>Library.HasContent(TVShows)</visible>
							<width>1125</width>
							<height>60</height>
							<font>font13</font>
							<label>$LOCALIZE[24000] [B]5[/B]</label>
							<label2>    [COLOR=selected]$INFO[system.addontitle(Skin.String(HomeTVShowsButton5))][/COLOR]</label2>
							<textcolor>grey2</textcolor>
							<focusedcolor>white</focusedcolor>
							<texturefocus>MenuItemFO.png</texturefocus>
							<texturenofocus>MenuItemNF.png</texturenofocus>
							<onclick>Skin.SetAddon(HomeTVShowsButton5,xbmc.addon.video,xbmc.addon.audio,xbmc.addon.image,xbmc.addon.executable)</onclick>
						</control>
						<control type="button" id="476">
							<visible>!Skin.HasSetting(HomeMenuNoTVShowsButton)</visible>
							<visible>Library.HasContent(TVShows)</visible>
							<width>1125</width>
							<height>60</height>
							<font>font13</font>
							<label>$LOCALIZE[24000] [B]6[/B]</label>
							<label2>    [COLOR=selected]$INFO[system.addontitle(Skin.String(HomeTVShowsButton6))][/COLOR]</label2>
							<textcolor>grey2</textcolor>
							<focusedcolor>white</focusedcolor>
							<texturefocus>MenuItemFO.png</texturefocus>
							<texturenofocus>MenuItemNF.png</texturenofocus>
							<onclick>Skin.SetAddon(HomeTVShowsButton6,xbmc.addon.video,xbmc.addon.audio,xbmc.addon.image,xbmc.addon.executable)</onclick>
						</control>
						<control type="button" id="477">
							<visible>!Skin.HasSetting(HomeMenuNoTVShowsButton)</visible>
							<visible>Library.HasContent(TVShows)</visible>
							<width>1125</width>
							<height>60</height>
							<font>font13</font>
							<label>$LOCALIZE[24000] [B]7[/B]</label>
							<label2>    [COLOR=selected]$INFO[system.addontitle(Skin.String(HomeTVShowsButton7))][/COLOR]</label2>
							<textcolor>grey2</textcolor>
							<focusedcolor>white</focusedcolor>
							<texturefocus>MenuItemFO.png</texturefocus>
							<texturenofocus>MenuItemNF.png</texturenofocus>
							<onclick>Skin.SetAddon(HomeTVShowsButton7,xbmc.addon.video,xbmc.addon.audio,xbmc.addon.image,xbmc.addon.executable)</onclick>
						</control>
						<control type="label" id="480">
							<visible>!Skin.HasSetting(HomeMenuNoMusicVideosButton)</visible>
							<visible>Library.HasContent(MusicVideos)</visible>
							<width>1125</width>
							<height>68</height>
							<font>font13_title</font>
							<label>$LOCALIZE[20389] $LOCALIZE[24000] $LOCALIZE[13398]</label>
							<textcolor>blue</textcolor>
							<shadowcolor>black</shadowcolor>
							<align>left</align>
							<aligny>center</aligny>
						</control>
						<control type="button" id="481">
							<visible>!Skin.HasSetting(HomeMenuNoMusicVideosButton)</visible>
							<visible>Library.HasContent(MusicVideos)</visible>
							<width>1125</width>
							<height>60</height>
							<font>font13</font>
							<label>$LOCALIZE[24000] [B]1[/B]</label>
							<label2>    [COLOR=selected]$INFO[system.addontitle(Skin.String(HomeMusicVideosButton1))][/COLOR]</label2>
							<textcolor>grey2</textcolor>
							<focusedcolor>white</focusedcolor>
							<texturefocus>MenuItemFO.png</texturefocus>
							<texturenofocus>MenuItemNF.png</texturenofocus>
							<onclick>Skin.SetAddon(HomeMusicVideosButton1,xbmc.addon.video,xbmc.addon.audio,xbmc.addon.image,xbmc.addon.executable)</onclick>
						</control>
						<control type="button" id="482">
							<visible>!Skin.HasSetting(HomeMenuNoMusicVideosButton)</visible>
							<visible>Library.HasContent(MusicVideos)</visible>
							<width>1125</width>
							<height>60</height>
							<font>font13</font>
							<label>$LOCALIZE[24000] [B]2[/B]</label>
							<label2>    [COLOR=selected]$INFO[system.addontitle(Skin.String(HomeMusicVideosButton2))][/COLOR]</label2>
							<textcolor>grey2</textcolor>
							<focusedcolor>white</focusedcolor>
							<texturefocus>MenuItemFO.png</texturefocus>
							<texturenofocus>MenuItemNF.png</texturenofocus>
							<onclick>Skin.SetAddon(HomeMusicVideosButton2,xbmc.addon.video,xbmc.addon.audio,xbmc.addon.image,xbmc.addon.executable)</onclick>
						</control>
						<control type="button" id="483">
							<visible>!Skin.HasSetting(HomeMenuNoMusicVideosButton)</visible>
							<visible>Library.HasContent(MusicVideos)</visible>
							<width>1125</width>
							<height>60</height>
							<font>font13</font>
							<label>$LOCALIZE[24000] [B]3[/B]</label>
							<label2>    [COLOR=selected]$INFO[system.addontitle(Skin.String(HomeMusicVideosButton3))][/COLOR]</label2>
							<textcolor>grey2</textcolor>
							<focusedcolor>white</focusedcolor>
							<texturefocus>MenuItemFO.png</texturefocus>
							<texturenofocus>MenuItemNF.png</texturenofocus>
							<onclick>Skin.SetAddon(HomeMusicVideosButton3,xbmc.addon.video,xbmc.addon.audio,xbmc.addon.image,xbmc.addon.executable)</onclick>
						</control>
						<control type="button" id="484">
							<visible>!Skin.HasSetting(HomeMenuNoMusicVideosButton)</visible>
							<visible>Library.HasContent(MusicVideos)</visible>
							<width>1125</width>
							<height>60</height>
							<font>font13</font>
							<label>$LOCALIZE[24000] [B]4[/B]</label>
							<label2>    [COLOR=selected]$INFO[system.addontitle(Skin.String(HomeMusicVideosButton4))][/COLOR]</label2>
							<textcolor>grey2</textcolor>
							<focusedcolor>white</focusedcolor>
							<texturefocus>MenuItemFO.png</texturefocus>
							<texturenofocus>MenuItemNF.png</texturenofocus>
							<onclick>Skin.SetAddon(HomeMusicVideosButton4,xbmc.addon.video,xbmc.addon.audio,xbmc.addon.image,xbmc.addon.executable)</onclick>
						</control>
						<control type="button" id="485">
							<visible>!Skin.HasSetting(HomeMenuNoMusicVideosButton)</visible>
							<visible>Library.HasContent(MusicVideos)</visible>
							<width>1125</width>
							<height>60</height>
							<font>font13</font>
							<label>$LOCALIZE[24000] [B]5[/B]</label>
							<label2>    [COLOR=selected]$INFO[system.addontitle(Skin.String(HomeMusicVideosButton5))][/COLOR]</label2>
							<textcolor>grey2</textcolor>
							<focusedcolor>white</focusedcolor>
							<texturefocus>MenuItemFO.png</texturefocus>
							<texturenofocus>MenuItemNF.png</texturenofocus>
							<onclick>Skin.SetAddon(HomeMusicVideosButton5,xbmc.addon.video,xbmc.addon.audio,xbmc.addon.image,xbmc.addon.executable)</onclick>
						</control>
						<control type="button" id="486">
							<visible>!Skin.HasSetting(HomeMenuNoMusicVideosButton)</visible>
							<visible>Library.HasContent(MusicVideos)</visible>
							<width>1125</width>
							<height>60</height>
							<font>font13</font>
							<label>$LOCALIZE[24000] [B]6[/B]</label>
							<label2>    [COLOR=selected]$INFO[system.addontitle(Skin.String(HomeMusicVideosButton6))][/COLOR]</label2>
							<textcolor>grey2</textcolor>
							<focusedcolor>white</focusedcolor>
							<texturefocus>MenuItemFO.png</texturefocus>
							<texturenofocus>MenuItemNF.png</texturenofocus>
							<onclick>Skin.SetAddon(HomeMusicVideosButton6,xbmc.addon.video,xbmc.addon.audio,xbmc.addon.image,xbmc.addon.executable)</onclick>
						</control>
						<control type="button" id="487">
							<visible>!Skin.HasSetting(HomeMenuNoMusicVideosButton)</visible>
							<visible>Library.HasContent(MusicVideos)</visible>
							<width>1125</width>
							<height>60</height>
							<font>font13</font>
							<label>$LOCALIZE[24000] [B]7[/B]</label>
							<label2>    [COLOR=selected]$INFO[system.addontitle(Skin.String(HomeMusicVideosButton7))][/COLOR]</label2>
							<textcolor>grey2</textcolor>
							<focusedcolor>white</focusedcolor>
							<texturefocus>MenuItemFO.png</texturefocus>
							<texturenofocus>MenuItemNF.png</texturenofocus>
							<onclick>Skin.SetAddon(HomeMusicVideosButton7,xbmc.addon.video,xbmc.addon.audio,xbmc.addon.image,xbmc.addon.executable)</onclick>
						</control>
						<control type="label" id="490">
							<visible>!Skin.HasSetting(HomeMenuNoMusicButton)</visible>
							<width>1125</width>
							<height>68</height>
							<font>font13_title</font>
							<label>$LOCALIZE[2] $LOCALIZE[24000] $LOCALIZE[13398]</label>
							<textcolor>blue</textcolor>
							<shadowcolor>black</shadowcolor>
							<align>left</align>
							<aligny>center</aligny>
						</control>
						<control type="button" id="491">
							<visible>!Skin.HasSetting(HomeMenuNoMusicButton)</visible>
							<width>1125</width>
							<height>60</height>
							<font>font13</font>
							<label>$LOCALIZE[24000] [B]1[/B]</label>
							<label2>    [COLOR=selected]$INFO[system.addontitle(Skin.String(HomeMusicButton1))][/COLOR]</label2>
							<textcolor>grey2</textcolor>
							<focusedcolor>white</focusedcolor>
							<texturefocus>MenuItemFO.png</texturefocus>
							<texturenofocus>MenuItemNF.png</texturenofocus>
							<onclick>Skin.SetAddon(HomeMusicButton1,xbmc.addon.video,xbmc.addon.audio,xbmc.addon.image,xbmc.addon.executable)</onclick>
						</control>
						<control type="button" id="492">
							<visible>!Skin.HasSetting(HomeMenuNoMusicButton)</visible>
							<width>1125</width>
							<height>60</height>
							<font>font13</font>
							<label>$LOCALIZE[24000] [B]2[/B]</label>
							<label2>    [COLOR=selected]$INFO[system.addontitle(Skin.String(HomeMusicButton2))][/COLOR]</label2>
							<textcolor>grey2</textcolor>
							<focusedcolor>white</focusedcolor>
							<texturefocus>MenuItemFO.png</texturefocus>
							<texturenofocus>MenuItemNF.png</texturenofocus>
							<onclick>Skin.SetAddon(HomeMusicButton2,xbmc.addon.video,xbmc.addon.audio,xbmc.addon.image,xbmc.addon.executable)</onclick>
						</control>
						<control type="button" id="493">
							<visible>!Skin.HasSetting(HomeMenuNoMusicButton)</visible>
							<width>1125</width>
							<height>60</height>
							<font>font13</font>
							<label>$LOCALIZE[24000] [B]3[/B]</label>
							<label2>    [COLOR=selected]$INFO[system.addontitle(Skin.String(HomeMusicButton3))][/COLOR]</label2>
							<textcolor>grey2</textcolor>
							<focusedcolor>white</focusedcolor>
							<texturefocus>MenuItemFO.png</texturefocus>
							<texturenofocus>MenuItemNF.png</texturenofocus>
							<onclick>Skin.SetAddon(HomeMusicButton3,xbmc.addon.video,xbmc.addon.audio,xbmc.addon.image,xbmc.addon.executable)</onclick>
						</control>
						<control type="button" id="494">
							<visible>!Skin.HasSetting(HomeMenuNoMusicButton)</visible>
							<width>1125</width>
							<height>60</height>
							<font>font13</font>
							<label>$LOCALIZE[24000] [B]4[/B]</label>
							<label2>    [COLOR=selected]$INFO[system.addontitle(Skin.String(HomeMusicButton4))][/COLOR]</label2>
							<textcolor>grey2</textcolor>
							<focusedcolor>white</focusedcolor>
							<texturefocus>MenuItemFO.png</texturefocus>
							<texturenofocus>MenuItemNF.png</texturenofocus>
							<onclick>Skin.SetAddon(HomeMusicButton4,xbmc.addon.video,xbmc.addon.audio,xbmc.addon.image,xbmc.addon.executable)</onclick>
						</control>
						<control type="button" id="495">
							<visible>!Skin.HasSetting(HomeMenuNoMusicButton)</visible>
							<width>1125</width>
							<height>60</height>
							<font>font13</font>
							<label>$LOCALIZE[24000] [B]5[/B]</label>
							<label2>    [COLOR=selected]$INFO[system.addontitle(Skin.String(HomeMusicButton5))][/COLOR]</label2>
							<textcolor>grey2</textcolor>
							<focusedcolor>white</focusedcolor>
							<texturefocus>MenuItemFO.png</texturefocus>
							<texturenofocus>MenuItemNF.png</texturenofocus>
							<onclick>Skin.SetAddon(HomeMusicButton5,xbmc.addon.video,xbmc.addon.audio,xbmc.addon.image,xbmc.addon.executable)</onclick>
						</control>
						<control type="button" id="496">
							<visible>!Skin.HasSetting(HomeMenuNoMusicButton)</visible>
							<width>1125</width>
							<height>60</height>
							<font>font13</font>
							<label>$LOCALIZE[24000] [B]6[/B]</label>
							<label2>    [COLOR=selected]$INFO[system.addontitle(Skin.String(HomeMusicButton6))][/COLOR]</label2>
							<textcolor>grey2</textcolor>
							<focusedcolor>white</focusedcolor>
							<texturefocus>MenuItemFO.png</texturefocus>
							<texturenofocus>MenuItemNF.png</texturenofocus>
							<onclick>Skin.SetAddon(HomeMusicButton6,xbmc.addon.video,xbmc.addon.audio,xbmc.addon.image,xbmc.addon.executable)</onclick>
						</control>
						<control type="button" id="497">
							<visible>!Skin.HasSetting(HomeMenuNoMusicButton)</visible>
							<width>1125</width>
							<height>60</height>
							<font>font13</font>
							<label>$LOCALIZE[24000] [B]7[/B]</label>
							<label2>    [COLOR=selected]$INFO[system.addontitle(Skin.String(HomeMusicButton7))][/COLOR]</label2>
							<textcolor>grey2</textcolor>
							<focusedcolor>white</focusedcolor>
							<texturefocus>MenuItemFO.png</texturefocus>
							<texturenofocus>MenuItemNF.png</texturenofocus>
							<onclick>Skin.SetAddon(HomeMusicButton7,xbmc.addon.video,xbmc.addon.audio,xbmc.addon.image,xbmc.addon.executable)</onclick>
						</control>
						<control type="label" id="500">
							<width>1125</width>
							<height>68</height>
							<font>font13_title</font>
							<label>$LOCALIZE[0] $LOCALIZE[24000] $LOCALIZE[13398]</label>
							<textcolor>blue</textcolor>
							<shadowcolor>black</shadowcolor>
							<align>left</align>
							<aligny>center</aligny>
						</control>
						<control type="button" id="501">
							<width>1125</width>
							<height>60</height>
							<font>font13</font>
							<label>$LOCALIZE[24000] [B]1[/B]</label>
							<label2>    [COLOR=selected]$INFO[system.addontitle(Skin.String(HomeProgramsButton1))][/COLOR]</label2>
							<textcolor>grey2</textcolor>
							<focusedcolor>white</focusedcolor>
							<texturefocus>MenuItemFO.png</texturefocus>
							<texturenofocus>MenuItemNF.png</texturenofocus>
							<onclick>Skin.SetAddon(HomeProgramsButton1,xbmc.addon.video,xbmc.addon.audio,xbmc.addon.image,xbmc.addon.executable)</onclick>
						</control>
						<control type="button" id="502">
							<width>1125</width>
							<height>60</height>
							<font>font13</font>
							<label>$LOCALIZE[24000] [B]2[/B]</label>
							<label2>    [COLOR=selected]$INFO[system.addontitle(Skin.String(HomeProgramsButton2))][/COLOR]</label2>
							<textcolor>grey2</textcolor>
							<focusedcolor>white</focusedcolor>
							<texturefocus>MenuItemFO.png</texturefocus>
							<texturenofocus>MenuItemNF.png</texturenofocus>
							<onclick>Skin.SetAddon(HomeProgramsButton2,xbmc.addon.video,xbmc.addon.audio,xbmc.addon.image,xbmc.addon.executable)</onclick>
						</control>
						<control type="button" id="503">
							<width>1125</width>
							<height>60</height>
							<font>font13</font>
							<label>$LOCALIZE[24000] [B]3[/B]</label>
							<label2>    [COLOR=selected]$INFO[system.addontitle(Skin.String(HomeProgramsButton3))][/COLOR]</label2>
							<textcolor>grey2</textcolor>
							<focusedcolor>white</focusedcolor>
							<texturefocus>MenuItemFO.png</texturefocus>
							<texturenofocus>MenuItemNF.png</texturenofocus>
							<onclick>Skin.SetAddon(HomeProgramsButton3,xbmc.addon.video,xbmc.addon.audio,xbmc.addon.image,xbmc.addon.executable)</onclick>
						</control>
						<control type="button" id="504">
							<width>1125</width>
							<height>60</height>
							<font>font13</font>
							<label>$LOCALIZE[24000] [B]4[/B]</label>
							<label2>    [COLOR=selected]$INFO[system.addontitle(Skin.String(HomeProgramsButton4))][/COLOR]</label2>
							<textcolor>grey2</textcolor>
							<focusedcolor>white</focusedcolor>
							<texturefocus>MenuItemFO.png</texturefocus>
							<texturenofocus>MenuItemNF.png</texturenofocus>
							<onclick>Skin.SetAddon(HomeProgramsButton4,xbmc.addon.video,xbmc.addon.audio,xbmc.addon.image,xbmc.addon.executable)</onclick>
						</control>
						<control type="button" id="505">
							<width>1125</width>
							<height>60</height>
							<font>font13</font>
							<label>$LOCALIZE[24000] [B]5[/B]</label>
							<label2>    [COLOR=selected]$INFO[system.addontitle(Skin.String(HomeProgramsButton5))][/COLOR]</label2>
							<textcolor>grey2</textcolor>
							<focusedcolor>white</focusedcolor>
							<texturefocus>MenuItemFO.png</texturefocus>
							<texturenofocus>MenuItemNF.png</texturenofocus>
							<onclick>Skin.SetAddon(HomeProgramsButton5,xbmc.addon.video,xbmc.addon.audio,xbmc.addon.image,xbmc.addon.executable)</onclick>
						</control>
						<control type="button" id="506">
							<width>1125</width>
							<height>60</height>
							<font>font13</font>
							<label>$LOCALIZE[24000] [B]6[/B]</label>
							<label2>    [COLOR=selected]$INFO[system.addontitle(Skin.String(HomeProgramsButton6))][/COLOR]</label2>
							<textcolor>grey2</textcolor>
							<focusedcolor>white</focusedcolor>
							<texturefocus>MenuItemFO.png</texturefocus>
							<texturenofocus>MenuItemNF.png</texturenofocus>
							<onclick>Skin.SetAddon(HomeProgramsButton6,xbmc.addon.video,xbmc.addon.audio,xbmc.addon.image,xbmc.addon.executable)</onclick>
						</control>
						<control type="button" id="507">
							<width>1125</width>
							<height>60</height>
							<font>font13</font>
							<label>$LOCALIZE[24000] [B]7[/B]</label>
							<label2>    [COLOR=selected]$INFO[system.addontitle(Skin.String(HomeProgramsButton7))][/COLOR]</label2>
							<textcolor>grey2</textcolor>
							<focusedcolor>white</focusedcolor>
							<texturefocus>MenuItemFO.png</texturefocus>
							<texturenofocus>MenuItemNF.png</texturenofocus>
							<onclick>Skin.SetAddon(HomeProgramsButton7,xbmc.addon.video,xbmc.addon.audio,xbmc.addon.image,xbmc.addon.executable)</onclick>
						</control>
					</control>
				</control>
				<control type="scrollbar" id="61">
					<left>1590</left>
					<top>90</top>
					<width>38</width>
					<height>795</height>
					<texturesliderbackground border="0,21,0,21">ScrollBarV.png</texturesliderbackground>
					<texturesliderbar border="0,21,0,21">ScrollBarV_bar.png</texturesliderbar>
					<texturesliderbarfocus border="0,21,0,21">ScrollBarV_bar_focus.png</texturesliderbarfocus>
					<textureslidernib>ScrollBarNib.png</textureslidernib>
					<textureslidernibfocus>ScrollBarNib.png</textureslidernibfocus>
					<onleft>9004</onleft>
					<onright>9000</onright>
					<showonepage>false</showonepage>
					<orientation>vertical</orientation>
					<visible>Container(9000).Hasfocus(4)</visible>
				</control>
			</control>
		</control>
		<include>CommonNowPlaying</include>
		<include>MainWindowMouseButtons</include>
		<include>BehindDialogFadeOut</include>
	</controls>
</window>
