<?xml version="1.0" encoding="UTF-8"?>
<!-- Foundation -->
<window id="1113" type="dialog">
    <defaultcontrol always="true">9000</defaultcontrol>

    <controls>

        <include>Global_Overlay</include>

        <control type="group">
            <include>Dialog_Standard_Group</include>

            <control type="label">
                <include>Dialog_Standard_Header</include>
                <label>31269</label>
            </control>
            <control type="list" id="9000">
                <left>0</left>
                <width>1080</width>
                <top>120</top>
                <height>759</height>
                <onup>9000</onup>
                <ondown>9000</ondown>

                <itemlayout height="69" width="1080">

                    <control type="label">
                        <left>30</left>
                        <right>30</right>
                        <font>SmallBold</font>
                        <textcolor>dialog_fg_70</textcolor>
                        <height>66</height>
                        <aligny>center</aligny>
                        <info>ListItem.Label</info>
                    </control>

                    <control type="label">
                        <left>30</left>
                        <right>30</right>
                        <textcolor>dialog_fg_70</textcolor>
                        <align>right</align>
                        <height>66</height>
                        <aligny>center</aligny>
                        <info>ListItem.Label2</info>
                    </control>

                </itemlayout>

                <focusedlayout height="69" width="1080">

                    <control type="image">
                        <left>0</left>
                        <right>0</right>
                        <height>66</height>
                        <texture border="5" colordiffuse="$VAR[ColorHighlight]">common/white.png</texture>
                    </control>

                    <control type="label">
                        <left>30</left>
                        <right>30</right>
                        <height>66</height>
                        <font>SmallBold</font>
                        <aligny>center</aligny>
                        <textcolor>Selected</textcolor>
                        <info>ListItem.Label</info>
                    </control>

                    <control type="label">
                        <left>30</left>
                        <right>30</right>
                        <align>right</align>
                        <height>66</height>
                        <aligny>center</aligny>
                        <textcolor>Selected</textcolor>
                        <info>ListItem.Label2</info>
                    </control>

                </focusedlayout>
                <content>
                    <item>
                        <label>16018</label>
                        <onclick>Close</onclick>
                        <onclick>Skin.SetString(home.slideshowpath,special://skin/extras/backgrounds/default.jpg)</onclick>
                    </item>
                    <item>
                        <label>31271</label>
                        <onclick>Close</onclick>
                        <onclick>Skin.SetImage(home.slideshowpath)</onclick>
                    </item>
                    <item>
                        <label>31272</label>
                        <onclick>Close</onclick>
                        <onclick>Skin.SetPath(home.slideshowpath)</onclick>
                    </item>
                    <item>
                        <label>$LOCALIZE[31266]</label>
                        <onclick>Close</onclick>
                        <onclick>Skin.Reset(home.slideshowpath)</onclick>
                        <onclick>RunScript(script.skinshortcuts,type=widgets&amp;grouping=widget&amp;skinWidgetPath=home.fallbackwidget&amp;skinWidget=home.fallbackwidget.node&amp;skinWidgetName=home.fallbackwidget.name&amp;skinWidgetType=home.fallbackwidget.type&amp;skinWidgetTarget=home.fallbackwidget.target)</onclick>
                    </item>
                </content>
            </control>
        </control>


    </controls>

</window>
