<?xml version="1.0" encoding="UTF-8"?>
<window id="604">
    <defaultcontrol always="true">29</defaultcontrol>
    <controls>
        <include>GlobalOverlay</include>

        <control type="group">

            <include content="Dialog_Standard_Group">
                <param name="width" value="1720" />
                <param name="height" value="880" />
            </include>

            <control type="label">
                <include>Dialog_Standard_Header</include>
                <label>$LOCALIZE[19143]</label>
            </control>


            <control type="grouplist" id="9000">
                <posx>30</posx>
                <top>100</top>
                <itemgap>10</itemgap>
                <orientation>vertical</orientation>
                <onleft>11</onleft>
                <onright>13</onright>
                <onup>13</onup>
                <control type="radiobutton" id="25">
                    <description>Hide group</description>
                    <label>19289</label>
                    <height>74</height>
                    <align>left</align>
                    <radioposx>250</radioposx>
                    <include>Dialog_Standard_OkCancel</include>
                </control>
                <control type="button" id="26">
                    <description>Add group</description>
                    <label>15019</label>
                    <height>74</height>
                    <align>left</align>
                    <include>Dialog_Standard_OkCancel</include>
                </control>
                <control type="button" id="27">
                    <description>Rename group</description>
                    <label>$LOCALIZE[118]</label>
                    <height>74</height>
                    <align>left</align>
                    <include>Dialog_Standard_OkCancel</include>
                </control>
                <control type="button" id="28">
                    <description>Delete group</description>
                    <label>$LOCALIZE[117]</label>
                    <height>74</height>
                    <align>left</align>
                    <include>Dialog_Standard_OkCancel</include>
                </control>
                <control type="button" id="29">
                    <description>OK</description>
                    <label>$LOCALIZE[186]</label>
                    <height>74</height>
                    <align>left</align>
                    <include>Dialog_Standard_OkCancel</include>
                </control>
            </control>

            <control type="group">
                <description>Group list</description>
                <posx>360</posx>
                <top>100</top>
                <width>423</width>
                <control type="label" id="20">
                    <description>Name label</description>
                    <posx>0</posx>
                    <posy>0</posy>
                    <width>100%</width>
                    <align>center</align>
                    <height>84</height>
                    <font>TinyBold</font>
                </control>
                <control type="list" id="13">
                    <posx>0</posx>
                    <posy>84</posy>
                    <width>423</width>
                    <height>672</height>
                    <onleft>9000</onleft>
                    <onright>11</onright>
                    <onup>13</onup>
                    <ondown>13</ondown>
                    <scrolltime tween="cubic" easing="out">500</scrolltime>
                    <pagecontrol>60</pagecontrol>
                    <itemlayout height="84" width="423">
                        <control type="group">
                            <bottom>10</bottom>
                            <control type="image">
                                <texture colordiffuse="dialog_fg_12" border="12">common/box.png</texture>
                            </control>
                            <control type="label">
                                <left>30</left>
                                <right>30</right>
                                <height>74</height>
                                <aligny>center</aligny>
                                <info>ListItem.Label</info>
                            </control>
                        </control>
                    </itemlayout>
                    <focusedlayout height="84" width="423">
                        <control type="group">
                            <visible>!Control.HasFocus(13)</visible>
                            <bottom>10</bottom>
                            <control type="image">
                                <texture colordiffuse="dialog_fg_30" border="12">common/box.png</texture>
                            </control>
                            <control type="label">
                                <left>30</left>
                                <right>30</right>
                                <height>74</height>
                                <aligny>center</aligny>
                                <info>ListItem.Label</info>
                            </control>
                        </control>
                        <control type="group">
                            <visible>Control.HasFocus(13)</visible>
                            <bottom>10</bottom>
                            <control type="image">
                                <texture colordiffuse="$VAR[ColorHighlight]" border="12">common/box.png</texture>
                            </control>
                            <control type="label">
                                <left>30</left>
                                <right>30</right>
                                <height>74</height>
                                <aligny>center</aligny>
                                <textcolor>Selected</textcolor>
                                <info>ListItem.Label</info>
                            </control>
                        </control>
                    </focusedlayout>
                </control>
            </control>

            <control type="group">
                <description>Group list</description>
                <right>483</right>
                <top>100</top>
                <width>423</width>
                <control type="label" id="21">
                    <description>Name label</description>
                    <posx>0</posx>
                    <posy>0</posy>
                    <width>100%</width>
                    <align>center</align>
                    <height>84</height>
                    <font>TinyBold</font>
                </control>
                <control type="list" id="11">
                    <posx>0</posx>
                    <posy>84</posy>
                    <width>423</width>
                    <height>672</height>
                    <onleft>13</onleft>
                    <onright>12</onright>
                    <onup>11</onup>
                    <ondown>11</ondown>
                    <scrolltime tween="cubic" easing="out">500</scrolltime>
                    <pagecontrol>60</pagecontrol>
                    <itemlayout height="84" width="423">
                        <control type="group">
                            <bottom>10</bottom>
                            <control type="image">
                                <texture colordiffuse="dialog_fg_12" border="12">common/box.png</texture>
                            </control>
                            <control type="label">
                                <left>30</left>
                                <right>30</right>
                                <height>74</height>
                                <aligny>center</aligny>
                                <info>ListItem.Label</info>
                            </control>
                        </control>
                    </itemlayout>
                    <focusedlayout height="84" width="423">
                        <control type="group">
                            <visible>!Control.HasFocus(11)</visible>
                            <bottom>10</bottom>
                            <control type="image">
                                <texture colordiffuse="dialog_fg_12" border="12">common/box.png</texture>
                            </control>
                            <control type="label">
                                <left>30</left>
                                <right>30</right>
                                <height>74</height>
                                <aligny>center</aligny>
                                <info>ListItem.Label</info>
                            </control>
                        </control>
                        <control type="group">
                            <visible>Control.HasFocus(11)</visible>
                            <bottom>10</bottom>
                            <control type="image">
                                <texture colordiffuse="$VAR[ColorHighlight]" border="12">common/box.png</texture>
                            </control>
                            <control type="label">
                                <left>30</left>
                                <right>30</right>
                                <height>74</height>
                                <aligny>center</aligny>
                                <textcolor>Selected</textcolor>
                                <info>ListItem.Label</info>
                            </control>
                        </control>
                    </focusedlayout>
                </control>
            </control>
            
            <control type="group">
                <description>Group list</description>
                <right>30</right>
                <top>100</top>
                <width>423</width>
                <control type="label" id="22">
                    <description>Name label</description>
                    <posx>0</posx>
                    <posy>0</posy>
                    <width>100%</width>
                    <align>center</align>
                    <height>84</height>
                    <font>TinyBold</font>
                </control>
                <control type="list" id="12">
                    <posx>0</posx>
                    <posy>84</posy>
                    <width>423</width>
                    <height>672</height>
                    <onleft>11</onleft>
                    <onright>noop</onright>
                    <onup>12</onup>
                    <ondown>12</ondown>
                    <scrolltime tween="cubic" easing="out">500</scrolltime>
                    <pagecontrol>60</pagecontrol>
                    <itemlayout height="84" width="423">
                        <control type="group">
                            <bottom>10</bottom>
                            <control type="image">
                                <texture colordiffuse="dialog_fg_12" border="12">common/box.png</texture>
                            </control>
                            <control type="label">
                                <left>30</left>
                                <right>30</right>
                                <height>74</height>
                                <aligny>center</aligny>
                                <info>ListItem.Label</info>
                            </control>
                        </control>
                    </itemlayout>
                    <focusedlayout height="84" width="423">
                        <control type="group">
                            <visible>!Control.HasFocus(12)</visible>
                            <bottom>10</bottom>
                            <control type="image">
                                <texture colordiffuse="dialog_fg_12" border="12">common/box.png</texture>
                            </control>
                            <control type="label">
                                <left>30</left>
                                <right>30</right>
                                <height>74</height>
                                <aligny>center</aligny>
                                <info>ListItem.Label</info>
                            </control>
                        </control>
                        <control type="group">
                            <visible>Control.HasFocus(12)</visible>
                            <bottom>10</bottom>
                            <control type="image">
                                <texture colordiffuse="$VAR[ColorHighlight]" border="12">common/box.png</texture>
                            </control>
                            <control type="label">
                                <left>30</left>
                                <right>30</right>
                                <height>74</height>
                                <aligny>center</aligny>
                                <textcolor>Selected</textcolor>
                                <info>ListItem.Label</info>
                            </control>
                        </control>
                    </focusedlayout>
                </control>
            </control>
        </control>
    </controls>
</window>
