<?xml version="1.0" encoding="UTF-8"?>
<!-- Foundation -->
<window id="104">
    <zorder>10</zorder>
    <controls>

        <control type="group">
            <visible>!Player.Muted</visible>
            <include>Animation_Notification_Follow</include>
            <control type="group">
                <include>Dialog_Notification_Group</include>
                <control type="group">
                    <visible>!player.passthrough</visible>
                    <control type="image">
                        <include>Dialog_Notification_Icon</include>
                        <aspectratio>keep</aspectratio>
                        <texture colordiffuse="panel_fg_100">buttons/volume.png</texture>
                        <visible>!Player.Muted</visible>
                    </control>
                    <control type="image">
                        <include>Dialog_Notification_Icon</include>
                        <aspectratio>keep</aspectratio>
                        <texture colordiffuse="panel_fg_100">buttons/mute.png</texture>
                        <visible>Player.Muted</visible>
                    </control>

                    <control type="label">
                        <left>104</left>
                        <top>24</top>
                        <height>24</height>
                        <aligny>center</aligny>
                        <font>Tiny</font>
                        <label>$LOCALIZE[13376]$INFO[Player.Volume,  ,]</label>
                        <textcolor>panel_fg_100</textcolor>
                    </control>

                    <control type="label">
                        <align>right</align>
                        <right>24</right>
                        <top>24</top>
                        <height>24</height>
                        <aligny>center</aligny>
                        <font>Tiny</font>
                        <label>$INFO[Control.GetLabel(1),, %]</label>
                        <textcolor>panel_fg_100</textcolor>
                    </control>

                    <control type="progress">
                        <description>progress control</description>
                        <left>104</left>
                        <right>24</right>
                        <bottom>24</bottom>
                        <height>8</height>
                        <info>Player.Volume</info>
                    </control>

                </control>

                <control type="group">
                    <visible>player.passthrough</visible>

                    <control type="label">
                        <description>Passthrough Label</description>
                        <left>38</left>
                        <centertop>50%</centertop>
                        <height>24</height>
                        <aligny>center</aligny>
                        <textcolor>panel_fg_100</textcolor>
                        <font>Tiny</font>
                        <label>29802</label>
                    </control>

                </control>

            </control>
            <control type="progress" id="1">
                <description>progress control</description>
                <left>104</left>
                <right>24</right>
                <bottom>24</bottom>
                <height>8</height>
                <texturebg colordiffuse="dialog_bg_12">osd/progress-bg.png</texturebg>
                <info>Player.Volume</info>
                <visible>false</visible>
            </control>
        </control>
        <control type="group">
            <visible>Player.Muted</visible>
            <include>Animation_Notification_Follow</include>
            <control type="group">
                <left>SidePad</left>
                <top>132</top>
                <width>100</width>
                <height>100</height>
                <include>Animation_FadeIn_Slide</include>
                <include>Animation_FadeOut</include>
                <control type="image">
                    <description>background image</description>
                    <left>-8</left>
                    <top>-8</top>
                    <width>100</width>
                    <height>100</height>
                    <texture border="16" colordiffuse="panel_bg">common/rounded-shadow8.png</texture>
                </control>
                <control type="image" id="901">
                    <centerleft>42</centerleft>
                    <centertop>42</centertop>
                    <width>64</width>
                    <height>64</height>
                    <aspectratio>keep</aspectratio>
                    <texture colordiffuse="panel_fg_70">buttons/mute.png</texture>
                </control>
            </control>
        </control>

    </controls>

</window>
