<?xml version="1.0" encoding="UTF-8"?>
<!-- Foundation -->
<window id="136">


    <controls>

        <control type="group">
            <visible>!Window.IsVisible(DialogConfirm.xml)</visible>
            <visible>!Skin.HasSetting(hide.busydialog)</visible>
            <include>Animation_FadeIn</include>
            <include>Animation_FadeOut</include>
            <include>Global_Overlay</include>
            <include>Global_Overlay</include>
            <include>Defs_BusySpinner</include>
        </control>

        <control type="group">
            <visible>Skin.HasSetting(hide.busydialog)</visible>
            <include>Dialog_Notification_Group</include>
            <animation effect="slide" end="0,100" tween="cubic" time="300" condition="Window.IsActive(DialogVolumeBar.xml) + !Player.Muted">Conditional</animation>
            <visible>!Window.IsVisible(DialogNotification.xml) + !Window.IsVisible(DialogExtendedProgressBar.xml)</visible>
            <include>Animation_Notification_Follow</include>
            <control type="group">
                <control type="group">
                    <include>Dialog_Notification_Icon</include>
                    <control type="image">
                        <description>Busy animation</description>
                        <centerleft>50%</centerleft>
                        <centertop>50%</centertop>
                        <width>100</width>
                        <height>100</height>
                        <texture>dialog/loading-back.png</texture>
                        <aspectratio>keep</aspectratio>
                    </control>
                    <control type="image">
                        <description>Busy animation</description>
                        <centerleft>50%</centerleft>
                        <centertop>50%</centertop>
                        <width>100</width>
                        <height>100</height>
                        <animation effect="rotate" condition="true" start="0" end="360" pulse="true" loop="true" time="1000" center="auto">Conditional</animation>
                        <texture colordiffuse="$VAR[ColorHighlight]">dialog/loading-spinner.png</texture>
                        <aspectratio>keep</aspectratio>
                    </control>
                </control>
                <control type="label">
                    <label>$LOCALIZE[20186]...</label>
                    <include>Dialog_Notification_MainLabel</include>
                </control>
                <control type="label">
                    <label>$LOCALIZE[31164]</label>
                    <textcolor>$VAR[ColorHighlight]</textcolor>
                    <include>Dialog_Notification_SubLabel</include>
                </control>
            </control>
        </control>

    </controls>

</window>
