<?xml version="1.0" encoding="UTF-8"?>
<includes>
    <include name="GlobalSearch_List">
        <param name="onleft" default="9600" />
        <param name="onright" default="8000" />
        <definition>
            <control type="group" id="$PARAM[groupid]">
                <control type="panel" id="$PARAM[id]">
                    <width>1000</width>
                    <include>Dialog_Standard_List_Left</include>
                    <onleft>$PARAM[onleft]</onleft>
                    <onright>$PARAM[onright]</onright>
                    <onup>$PARAM[id]</onup>
                    <ondown>$PARAM[id]</ondown>
                    <visible>$PARAM[visible]</visible>
                    <itemlayout height="138" width="1000">
                        <control type="image">
                            <include>Dialog_Standard_List_Left_Icon</include>
                        </control>
                        <control type="label">
                            <animation effect="slide" end="0,18" condition="String.IsEmpty($PARAM[label2vis])">Conditional</animation>
                            <include>Dialog_Standard_List_Left_Label</include>
                        </control>
                        <control type="label">
                            <label>$PARAM[label2]</label>
                            <include>Dialog_Standard_List_Left_Label2</include>
                        </control>
                    </itemlayout>
                    <focusedlayout height="138" width="1000">
                        <control type="image">
                            <width>100%</width>
                            <height>135</height>
                            <texture border="5" colordiffuse="$VAR[ColorHighlight]">common/white.png</texture>
                        </control>
                        <control type="image">
                            <include>Dialog_Standard_List_Left_Icon</include>
                        </control>
                        <control type="label">
                            <textcolor>Selected</textcolor>
                            <selectedcolor>Selected</selectedcolor>
                            <animation effect="slide" end="0,18" condition="String.IsEmpty($PARAM[label2vis])">Conditional</animation>
                            <include>Dialog_Standard_List_Left_Label</include>
                        </control>
                        <control type="label">
                            <textcolor>Selected</textcolor>
                            <selectedcolor>Selected</selectedcolor>
                            <label>$PARAM[label2]</label>
                            <include>Dialog_Standard_List_Left_Label2</include>
                        </control>
                    </focusedlayout>
                </control>
            </control>
        </definition>
    </include>
</includes>