<?xml version="1.0" encoding="UTF-8"?>
<!-- Foundation -->
<includes>

    <include file="Defaults.xml" />

    <include file="Includes_Animations.xml" />
    <include file="Includes_Bottombar.xml" />
    <include file="Includes_Defs.xml" />
    <include file="Includes_Dialog.xml" />
    <include file="Includes_Expression.xml" />
    <include file="Includes_Global.xml" />
    <include file="Includes_GlobalSearch.xml" />
    <include file="Includes_Images.xml" />
    <include file="Includes_Labels.xml" />
    <include file="Includes_NextAired.xml" />
    <include file="Includes_Object.xml" />
    <include file="Includes_OSD.xml" />
    <include file="Includes_Statusbar.xml" />
    <include file="Includes_Topbar.xml" />
    <include file="Includes_View.xml" />
    <include file="Includes_VideoLyrics.xml" />
    <include file="Includes_Weather.xml" />
    <include file="script-skinshortcuts-includes.xml"/>

    <include condition="!Skin.HasSetting(HideBigPoster)" file="Constants_Main.xml" />
    <include condition="Skin.HasSetting(HideBigPoster)" file="Constants_NoPoster.xml" />

    <variable name="ColorHighlight">
        <value condition="!String.IsEmpty(Skin.String(focuscolor.name))">$INFO[Skin.String(focuscolor.name)]</value>
        <value>Highlight</value>
    </variable>

    <include name="Dimensions_Fullscreen">
        <left>0</left>
        <top>0</top>
        <width>1920</width>
        <height>1080</height>
    </include>
</includes>
