<?xml version="1.0" encoding="UTF-8"?>
<!-- Foundation -->
<window id="502">
    <defaultcontrol always="true">50</defaultcontrol>
    <menucontrol>9000</menucontrol>
    <views>50,51,52,53,54</views>
    <onload>SetFocus(50)</onload>
    <include>Defs_SetStartWindow</include>
    <controls>

        <include>Global_Background</include>
        <include>Topbar</include>
        <include>Bottombar</include>
        <control type="group">
            <include>Animation_Bottombar</include>
            <visible>!Window.IsVisible(DialogMusicInfo.xml)</visible>
            <include content="Object_BigPoster">
                <param name="discart" value="false" />
                <param name="height" value="504" />
            </include>
        </control>
        
        <include>Statusbar</include>

        <control type="group">
            <include>Global_Overlay</include>
            <include>Animation_FadeIn</include>
            <visible allowhiddenfocus="true">ControlGroup(6000).HasFocus()</visible>
        </control>
        <control type="group">
            <visible allowhiddenfocus="true">ControlGroup(6000).HasFocus()</visible>
            <include>Defs_Options_Menu</include>
            <control type="grouplist" id="6000">
                <include>Defs_Options_Grouplist</include>
                <include>Defs_Options_StandardButtons</include>
                <control type="button" id="8">
                    <description>Search</description>
                    <label>137</label>
                    <include>Defs_Context_Button</include>
                </control>
                <control type="button" id="16">
                    <description>Party Mode</description>
                    <label>589</label>
                    <include>Defs_Context_Button</include>
                </control>
                <control type="button" id="20">
                    <description>Library</description>
                    <label>653</label>
                    <include>Defs_Context_Button</include>
                </control>
            </control>
        </control>

    </controls>

</window>
