<?xml version="1.0" encoding="UTF-8"?>
<!-- Foundation -->
<window id="2600">
    <defaultcontrol always="true">9400</defaultcontrol>
    <menucontrol>9000</menucontrol>
    <include>Defs_SetStartWindow</include>
    <controls>

        <include>Global_Background</include>
        
        <!-- Standard Furniture -->
        <include>Topbar</include>
        <include>Bottombar</include>
        <include>Statusbar</include>


        <!-- Options -->
        <control type="group">
            <include>Global_Overlay</include>
            <include>Animation_FadeIn</include>
            <visible allowhiddenfocus="true">ControlGroup(6000).HasFocus()</visible>
            <control type="group">
                <height>382</height>
                <include>Defs_Options_Menu</include>
                <control type="grouplist" id="6000">
                    <include>Defs_Options_Grouplist</include>
                    <!-- Refresh -->
                    <control type="button" id="2">
                        <description>Refresh</description>
                        <include>Defs_Context_Button</include>
                    </control>
                    <!-- Weather Settings -->
                    <control type="button" id="9004">
                        <label>10140</label>
                        <onclick>Addon.OpenSettings($INFO[Weather.Plugin])</onclick>
                        <include>Defs_Context_Button</include>
                    </control>
                    <!-- Settings -->
                    <control type="button" id="9005">
                        <label>5</label>
                        <onclick>ActivateWindow(ServiceSettings,weather)</onclick>
                        <include>Defs_Context_Button</include>
                    </control>
                    <!-- Weather Icons -->
                    <control type="togglebutton" id="9006">
                        <label>$LOCALIZE[31011]</label>
                        <altlabel>$INFO[Skin.String(weather.icons.name)]</altlabel>
                        <usealttexture>!String.IsEmpty(Skin.String(weather.icons.path))</usealttexture>
                        <include>Defs_Context_Button</include>
                        <onclick>RunScript(script.image.resource.select,property=weather.icons&amp;type=resource.images.weathericons)</onclick>
                    </control>
                    <!-- Weather Fanart -->
                    <control type="togglebutton" id="9007">
                        <label>$LOCALIZE[31008]</label>
                        <altlabel>$LOCALIZE[31012]</altlabel>
                        <include>Defs_Context_Button</include>
                        <usealttexture>System.HasAddon(resource.images.weatherfanart.multi)</usealttexture>
                        <enable>!System.HasAddon(resource.images.weatherfanart.multi)</enable>
                        <onclick condition="!System.HasAddon(resource.images.weatherfanart.multi)">InstallAddon(resource.images.weatherfanart.multi)</onclick>
                    </control>
                </control>
            </control>
        </control>
    </controls>

</window>
