<?xml version="1.0" encoding="UTF-8"?>
<window>
    <defaultcontrol always="true">401</defaultcontrol>
    <controls>
        <include>Global_Overlay</include>

        <control type="group">
            <include>Animation_FadeIn_Slide</include>
            <centerleft>50%</centerleft>
            <centertop>50%</centertop>
            <width>1465</width>
            <height>657</height>
            <control type="image">
                <description>background image</description>
                <top>-8</top>
                <bottom>-8</bottom>
                <left>-8</left>
                <right>-8</right>
                <texture border="16" colordiffuse="dialog_bg_100">common/rounded-shadow8.png</texture>
            </control>

            <control type="label" id="500">
                <description>header label</description>
                <top>10</top>
                <left>22</left>
                <right>22</right>
                <height>66</height>
                <font>SmallBold</font>
                <align>left</align>
                <textcolor>dialog_fg_70</textcolor>
            </control>

            <!-- Left List: Current Shortcuts -->
            <control type="list" id="211">
                <description>Rules List Control</description>
                <left>15</left>
                <bottom>15</bottom>
                <width>600</width>
                <height>552</height>
                <onup>211</onup>
                <onleft>211</onleft>
                <onright>9100</onright>
                <ondown>211</ondown>
                <scrolltime>0</scrolltime>
                <itemlayout width="600" height="69">
                    <control type="image">
                        <left>0</left>
                        <top>0</top>
                        <width>100%</width>
                        <height>66</height>
                        <texture border="5" colordiffuse="dialog_fg_12">common/box.png</texture>
                    </control>
                    <control type="label">
                        <left>30</left>
                        <right>30</right>
                        <height>66</height>
                        <info>ListItem.Label</info>
                    </control>
                    <control type="image">
                        <right>0</right>
                        <top>0</top>
                        <width>66</width>
                        <height>66</height>
                        <texture colordiffuse="dialog_fg_30">$INFO[ListItem.Icon]</texture>
                        <visible>String.Contains(ListItem.Icon,special://skin/extras/icons)</visible>
                        <visible>String.Contains(Window.Property(groupname),x110)</visible>
                    </control>
                </itemlayout>
                <focusedlayout width="600" height="69">
                    <control type="image">
                        <left>0</left>
                        <top>0</top>
                        <width>100%</width>
                        <height>66</height>
                        <texture border="5" colordiffuse="$VAR[ColorHighlight]">common/box.png</texture>
                    </control>
                    <control type="label">
                        <left>30</left>
                        <right>30</right>
                        <height>66</height>
                        <info>ListItem.Label</info>
                        <textcolor>Selected</textcolor>
                    </control>
                    <control type="image">
                        <right>0</right>
                        <top>0</top>
                        <width>66</width>
                        <height>66</height>
                        <texture colordiffuse="Selected">$INFO[ListItem.Icon]</texture>
                        <visible>String.Contains(ListItem.Icon,special://skin/extras/icons)</visible>
                        <visible>String.Contains(Window.Property(groupname),x110)</visible>
                    </control>
                </focusedlayout>
            </control>

            <control type="grouplist" id="9200">
                <left>15</left>
                <top>91</top>
                <width>600</width>
                <align>right</align>
                <itemgap>-20</itemgap>
                <onright>9100</onright>
                <onup>Control.Move(211,-1)</onup>
                <ondown>Control.Move(211,1)</ondown>
                <orientation>horizontal</orientation>
                <animation effect="slide" end="-48" condition="String.Contains(Window.Property(groupname),x110)">Conditional</animation>
                <animation effect="slide" end="0,69" condition="Integer.IsGreater(Container(211).Position,0)">Conditional</animation>
                <animation effect="slide" end="0,69" condition="Integer.IsGreater(Container(211).Position,1)">Conditional</animation>
                <animation effect="slide" end="0,69" condition="Integer.IsGreater(Container(211).Position,2)">Conditional</animation>
                <animation effect="slide" end="0,69" condition="Integer.IsGreater(Container(211).Position,3)">Conditional</animation>
                <animation effect="slide" end="0,69" condition="Integer.IsGreater(Container(211).Position,4)">Conditional</animation>
                <animation effect="slide" end="0,69" condition="Integer.IsGreater(Container(211).Position,5)">Conditional</animation>
                <animation effect="slide" end="0,69" condition="Integer.IsGreater(Container(211).Position,6)">Conditional</animation>
                <animation effect="slide" end="0,69" condition="Integer.IsGreater(Container(211).Position,7)">Conditional</animation>
                <animation effect="slide" end="0,69" condition="Integer.IsGreater(Container(211).Position,8)">Conditional</animation>
                <animation effect="slide" end="0,69" condition="Integer.IsGreater(Container(211).Position,9)">Conditional</animation>
                <animation effect="slide" end="0,69" condition="Integer.IsGreater(Container(211).Position,10)">Conditional</animation>
                <animation effect="slide" end="0,69" condition="Integer.IsGreater(Container(211).Position,11)">Conditional</animation>
                <control type="button" id="302" description="Delete">
                    <width>64</width>
                    <height>64</height>
                    <font>-</font>
                    <texturenofocus colordiffuse="dialog_fg_30">buttons/delete.png</texturenofocus>
                    <texturefocus colordiffuse="Selected">buttons/delete.png</texturefocus>
                </control>
                <control type="button" id="301" description="Add">
                    <width>64</width>
                    <height>64</height>
                    <font>-</font>
                    <texturenofocus colordiffuse="dialog_fg_30">buttons/add.png</texturenofocus>
                    <texturefocus colordiffuse="Selected">buttons/add.png</texturefocus>
                </control>
                <control type="button" id="303" description="Up">
                    <width>64</width>
                    <height>64</height>
                    <font>-</font>
                    <texturenofocus colordiffuse="dialog_fg_30">buttons/moveup.png</texturenofocus>
                    <texturefocus colordiffuse="Selected">buttons/moveup.png</texturefocus>
                </control>
                <control type="button" id="304" description="Down">
                    <width>64</width>
                    <height>64</height>
                    <font>-</font>
                    <texturenofocus colordiffuse="dialog_fg_30" flipy="true">buttons/moveup.png</texturenofocus>
                    <texturefocus colordiffuse="Selected" flipy="true">buttons/moveup.png</texturefocus>
                </control>

            </control>

            <!-- Right Buttons -->
            <control type="grouplist" id="9100">
                <onleft>304</onleft>
                <onright>303</onright>
                <onup>9100</onup>
                <ondown>9100</ondown>
                <right>15</right>
                <bottom>15</bottom>
                <width>820</width>
                <height>552</height>
                <orientation>vertical</orientation>
                <itemgap>3</itemgap>



                <control type="button" id="401" description="Alt chooser">
                    <width>100%</width>
                    <height>66</height>
                    <texturenofocus colordiffuse="dialog_fg_12" border="5">common/box.png</texturenofocus>
                    <align>left</align>
                    <include>Dialog_Standard_Right_Buttons</include>
                </control>
                <control type="button" id="307" description="Custom">
                    <width>100%</width>
                    <height>66</height>
                    <label>31267</label>
                    <label2>$INFO[Container(211).ListItem.Property(Path)]</label2>
                    <texturenofocus colordiffuse="dialog_fg_12" border="5">common/box.png</texturenofocus>
                    <align>left</align>
                    <include>Dialog_Standard_Right_Buttons</include>
                </control>
                <control type="button" id="305" description="Set Label">
                    <width>100%</width>
                    <height>66</height>
                    <label>31268</label>
                    <label2>$INFO[Container(211).ListItem.Label]</label2>
                    <texturenofocus colordiffuse="dialog_fg_12" border="5">common/box.png</texturenofocus>
                    <align>left</align>
                    <include>Dialog_Standard_Right_Buttons</include>
                </control>

                <control type="button" id="312" description="Widget">
                    <width>100%</width>
                    <height>66</height>
                    <label>31266</label>
                    <label2>$VAR[Label_SkinShortcuts_WidgetName]</label2>
                    <texturenofocus colordiffuse="dialog_fg_12" border="5">common/box.png</texturenofocus>
                    <align>left</align>
                    <include>Dialog_Standard_Right_Buttons</include>
                    <visible>!String.Contains(Window.Property(groupname),x110)</visible>
                    <!-- <visible>String.IsEqual(Window.Property(groupname),mainmenu)</visible> -->
                </control>
                <control type="button" id="310" description="Background">
                    <width>100%</width>
                    <height>66</height>
                    <label>31110</label>
                    <label2>$INFO[Container(211).ListItem.Property(background)]</label2>
                    <visible>String.IsEqual(Window.Property(groupname),mainmenu)</visible>
                    <texturenofocus colordiffuse="dialog_fg_12" border="5">common/box.png</texturenofocus>
                    <align>left</align>
                    <include>Dialog_Standard_Right_Buttons</include>
                </control>
                <control type="button" id="311" description="Browse for Thumb">
                    <width>100%</width>
                    <height>66</height>
                    <label>31181</label>
                    <texturenofocus colordiffuse="dialog_fg_12" border="5">common/box.png</texturenofocus>
                    <align>left</align>
                    <include>Dialog_Standard_Right_Buttons</include>
                    <visible>String.Contains(Window.Property(groupname),x110)</visible>
                </control>
                <control type="button" id="405" description="Set Submenu">
                    <width>100%</width>
                    <height>66</height>
                    <label>31112</label>
                    <visible>String.IsEqual(Window.Property(groupname),mainmenu)</visible>
                    <texturenofocus colordiffuse="dialog_fg_12" border="5">common/box.png</texturenofocus>
                    <align>left</align>
                    <include>Dialog_Standard_Right_Buttons</include>
                </control>

                <include content="Defs_Shortcuts_SetHub">
                    <param name="hubid" value="1101" />
                    <param name="buttonid1" value="9301" />
                    <param name="buttonid2" value="9501" />
                </include>
                <include content="Defs_Shortcuts_SetHub">
                    <param name="hubid" value="1102" />
                    <param name="buttonid1" value="9302" />
                    <param name="buttonid2" value="9502" />
                </include>
                <include content="Defs_Shortcuts_SetHub">
                    <param name="hubid" value="1103" />
                    <param name="buttonid1" value="9303" />
                    <param name="buttonid2" value="9503" />
                </include>
                <include content="Defs_Shortcuts_SetHub">
                    <param name="hubid" value="1104" />
                    <param name="buttonid1" value="9304" />
                    <param name="buttonid2" value="9504" />
                </include>
                <include content="Defs_Shortcuts_SetHub">
                    <param name="hubid" value="1105" />
                    <param name="buttonid1" value="9305" />
                    <param name="buttonid2" value="9505" />
                </include>
                <include content="Defs_Shortcuts_SetHub">
                    <param name="hubid" value="1106" />
                    <param name="buttonid1" value="9306" />
                    <param name="buttonid2" value="9506" />
                </include>
                <include content="Defs_Shortcuts_SetHub">
                    <param name="hubid" value="1107" />
                    <param name="buttonid1" value="9307" />
                    <param name="buttonid2" value="9507" />
                </include>
                <include content="Defs_Shortcuts_SetHub">
                    <param name="hubid" value="1108" />
                    <param name="buttonid1" value="9308" />
                    <param name="buttonid2" value="9508" />
                </include>
                <include content="Defs_Shortcuts_SetHub">
                    <param name="hubid" value="1109" />
                    <param name="buttonid1" value="9309" />
                    <param name="buttonid2" value="9509" />
                </include>

                <control type="button" id="308" description="Reset">
                    <width>100%</width>
                    <height>66</height>
                    <texturenofocus colordiffuse="dialog_fg_12" border="5">common/box.png</texturenofocus>
                    <align>left</align>
                    <include>Dialog_Standard_Right_Buttons</include>
                </control>
            </control>



        </control>
        <control type="button" id="404"><visible allowhiddenfocus="true">false</visible><width>1</width><height>1</height></control>
    </controls>
</window>
