<?xml version="1.0" encoding="UTF-8"?>
<window>
	<defaultcontrol always="true">9000</defaultcontrol>
	<onload>RunScript(script.skinshortcuts,type=buildxml&amp;mainmenuID=9000&amp;group=mainmenu&amp;options=noGroups)</onload>
	<onload condition="!Skin.HasSetting(SkinHelper.EnableMusicArt)">Skin.SetBool(SkinHelper.EnableMusicArt)</onload>
	<controls>
		<include>CommonBackground</include>
		<include>Clock</include>
		<!--PVR Info-->
		<control type="group">
			<left>795r</left>
			<top>200</top>
			<visible>String.IsEqual(Container(9000).ListItem.Property(defaultID),livetv) + [PVR.IsRecording | PVR.HasNonRecordingTimer]</visible>
			<control type="group">
				<animation effect="slide" start="0,0" end="0,140" time="0" condition="PVR.IsRecording">conditional</animation>
				<visible>PVR.HasNonRecordingTimer</visible>
				<!--background-->
				<control type="image">
					<left>0</left>
					<top>0</top>
					<width>735</width>
					<height>135</height>
					<texture colordiffuse="tertiary">backgrounds/white.png</texture>
				</control>
				<!--background strip-->
				<control type="image">
					<left>64r</left>
					<top>0</top>
					<width>4</width>
					<height>135</height>
					<texture colordiffuse="$VAR[Colour.500]">backgrounds/white.png</texture>
				</control>
				<control type="image">
					<left>600</left>
					<top>8</top>
					<width>120</width>
					<height>120</height>
					<aspectratio>keep</aspectratio>
					<texture background="true" fallback="DefaultVideoCover.png">$INFO[PVR.NextRecordingChannelIcon]</texture>
				</control>
				<control type="image">
					<left>548</left>
					<top>16</top>
					<width>38</width>
					<height>38</height>
					<aspectratio>keep</aspectratio>
					<texture colordiffuse="$VAR[Colour.500]">PVR-HasTimer.png</texture>
				</control>
				<control type="label">
					<description>Next Timer Header label</description>
					<left>15</left>
					<top>14</top>
					<height>38</height>
					<width>517</width>
					<label>$LOCALIZE[19157]</label>
					<align>right</align>
					<aligny>center</aligny>
					<textcolor>$VAR[Colour.500]</textcolor>
				</control>
				<control type="label">
					<description>NextRecordingDateTime</description>
					<left>15</left>
					<top>53</top>
					<height>38</height>
					<width>570</width>
					<label>$INFO[PVR.NextRecordingDateTime,$LOCALIZE[19126] - ]</label>
					<align>right</align>
					<aligny>center</aligny>
					<scroll>true</scroll>
				</control>
				<control type="label">
					<description>NextRecordingTitle Channel</description>
					<left>15</left>
					<top>85</top>
					<height>38</height>
					<width>570</width>
					<label>$INFO[PVR.NextRecordingTitle] - [COLOR=$VAR[Colour.500]]$INFO[PVR.NextRecordingChannel,(,)][/COLOR]</label>
					<align>right</align>
					<aligny>center</aligny>
					<scroll>true</scroll>
				</control>
			</control>
			<control type="group">
				<visible>PVR.IsRecording</visible>
				<!--background-->
				<control type="image">
					<left>0</left>
					<top>0</top>
					<width>735</width>
					<height>135</height>
					<texture colordiffuse="tertiary">backgrounds/white.png</texture>
				</control>
				<!--background strip-->
				<control type="image">
					<left>64r</left>
					<top>0</top>
					<width>4</width>
					<height>135</height>
					<texture colordiffuse="$VAR[Colour.500]">backgrounds/white.png</texture>
				</control>
				<control type="image">
					<left>600</left>
					<top>8</top>
					<width>120</width>
					<height>120</height>
					<aspectratio>keep</aspectratio>
					<texture background="true" fallback="DefaultVideoCover.png">$INFO[PVR.NowRecordingChannelIcon]</texture>
				</control>
				<control type="image">
					<left>545</left>
					<top>13</top>
					<width>45</width>
					<height>45</height>
					<aspectratio>keep</aspectratio>
					<texture colordiffuse="$VAR[Colour.500]">PVR-IsRecording.png</texture>
				</control>
				<control type="label">
					<description>Is Recording Header label</description>
					<left>15</left>
					<top>14</top>
					<height>38</height>
					<width>517</width>
					<label>$LOCALIZE[19158]</label>
					<align>right</align>
					<aligny>center</aligny>
					<textcolor>$VAR[Colour.500]</textcolor>
				</control>
				<control type="label">
					<description>NextRecordingDateTime</description>
					<left>15</left>
					<top>53</top>
					<height>38</height>
					<width>570</width>
					<label>$INFO[PVR.NowRecordingDateTime,$LOCALIZE[19126] - ]</label>
					<align>right</align>
					<aligny>center</aligny>
					<scroll>true</scroll>
				</control>
				<control type="label">
					<description>NextRecordingTitle Channel</description>
					<left>15</left>
					<top>85</top>
					<height>38</height>
					<width>570</width>
					<label>$INFO[PVR.NowRecordingTitle] - [COLOR=$VAR[Colour.500]]$INFO[PVR.NowRecordingChannel,(,)][/COLOR]</label>
					<align>right</align>
					<aligny>center</aligny>
					<scroll>true</scroll>
				</control>
			</control>
		</control>
		<control type="group">
			<width>1920</width>
			<centerleft>50%</centerleft>
			<!--Home Screen Widgets-->
			<include>skinshortcuts-template-widget</include>
			<!--Hidden Button Fix Nav No Widgets-->
			<control type="button" id="9003">
				<left>-30</left>
				<top>-30</top>
				<width>1</width>
				<height>1</height>
				<label>-</label>
				<font>-</font>
				<texturefocus>-</texturefocus>
				<texturenofocus>-</texturenofocus>
				<onleft>9000</onleft>
				<onright>9000</onright>
				<onup>20</onup>
				<ondown>608</ondown>
				<visible>false</visible>
			</control>
			<control type="group">
				<left>0</left>
				<top>37%</top>
				<!--Now playing music Info-->
				<control type="group">
					<visible>Player.HasAudio + !Skin.HasSetting(homepageMusicinfo) + String.IsEmpty(Window(Videos).Property(PlayingBackgroundMedia))</visible>
					<!--cover-->
					<control type="image">
						<left>55</left>
						<top>80</top>
						<width>181</width>
						<height>181</height>
						<aspectratio aligny="bottom">stretch</aspectratio>
						<bordersize>5</bordersize>
						<bordertexture colordiffuse="$VAR[Colour.500]">backgrounds/square shadow small.png</bordertexture>
						<texture fallback="DefaultAlbumCover.png">$INFO[Player.Art(thumb)]</texture>
					</control>
					<!--labels-->
					<control type="group">
						<!--title-->
						<control type="label">
							<left>240</left>
							<top>132</top>
							<height>45</height>
							<width>825</width>
							<align>left</align>
							<aligny>center</aligny>
							<font>breadcrumb</font>
							<textcolor>white</textcolor>
							<shadowcolor>button.nf</shadowcolor>
							<label>$INFO[Player.Title]</label>
						</control>
						<!--artist-->
						<control type="label">
							<description>Album Label</description>
							<left>240</left>
							<top>171</top>
							<height>38</height>
							<width>825</width>
							<align>left</align>
							<aligny>center</aligny>
							<font>breadcrumb.secondary</font>
							<textcolor>white</textcolor>
							<shadowcolor>button.nf</shadowcolor>
							<label>$INFO[MusicPlayer.Artist]</label>
						</control>
						<!--album-->
						<control type="label">
							<description>Album Label</description>
							<left>240</left>
							<top>197</top>
							<height>38</height>
							<width>825</width>
							<align>left</align>
							<aligny>center</aligny>
							<font>breadcrumb.secondary</font>
							<textcolor>white</textcolor>
							<shadowcolor>button.nf</shadowcolor>
							<label>$INFO[MusicPlayer.Album]$INFO[musicplayer.discnumber, - $LOCALIZE[427]: ]</label>
						</control>
						<!--time-->
						<control type="label">
							<left>240</left>
							<top>223</top>
							<height>45</height>
							<width>450</width>
							<align>left</align>
							<aligny>center</aligny>
							<font>breadcrumb.secondary</font>
							<textcolor>white</textcolor>
							<shadowcolor>button.nf</shadowcolor>
							<label>$INFO[Player.Time] / $INFO[Player.Duration,]</label>
						</control>
					</control>
				</control>
				<!--Now playing video Info -->
				<control type="group">
					<visible>Player.HasVideo + !Skin.HasSetting(homepageVideoinfo) + String.IsEmpty(Window(Videos).Property(PlayingBackgroundMedia))</visible>
					<!--videos-->
					<control type="group">
						<visible>!VideoPlayer.Content(Movies) + !VideoPlayer.Content(Episodes) + !VideoPlayer.Content(LiveTV)</visible>
						<!--title-->
						<control type="label">
							<left>60</left>
							<top>187</top>
							<height>45</height>
							<width>1500</width>
							<align>left</align>
							<aligny>center</aligny>
							<font>breadcrumb</font>
							<textcolor>white</textcolor>
							<shadowcolor>button.nf</shadowcolor>
							<label>$INFO[Player.Title]</label>
						</control>
						<!--time-->
						<control type="label">
							<left>60</left>
							<top>223</top>
							<height>45</height>
							<width>450</width>
							<align>left</align>
							<aligny>center</aligny>
							<font>breadcrumb.secondary</font>
							<textcolor>white</textcolor>
							<shadowcolor>button.nf</shadowcolor>
							<label>$INFO[Player.Time] / $INFO[Player.Duration,]</label>
						</control>
					</control>
					<!--live tv-->
					<control type="group">
						<visible>VideoPlayer.Content(LiveTV)</visible>
						<!--thumb-->
						<control type="image">
							<left>64</left>
							<top>168</top>
							<width>256</width>
							<height>90</height>
							<aspectratio>keep</aspectratio>
							<texture fallback="DefaultVideoCover.png">$INFO[Player.Art(thumb)]</texture>
						</control>
						<!--title-->
						<control type="label">
							<left>330</left>
							<top>158</top>
							<height>45</height>
							<width>1500</width>
							<align>left</align>
							<aligny>center</aligny>
							<font>breadcrumb</font>
							<textcolor>white</textcolor>
							<shadowcolor>button.nf</shadowcolor>
							<label>$INFO[Player.Title]</label>
						</control>
						<!--channel-->
						<control type="label">
							<left>330</left>
							<top>197</top>
							<height>38</height>
							<width>825</width>
							<align>left</align>
							<aligny>center</aligny>
							<font>breadcrumb.secondary</font>
							<textcolor>white</textcolor>
							<shadowcolor>button.nf</shadowcolor>
							<label>$INFO[VideoPlayer.ChannelName]</label>
						</control>
						<!--time-->
						<control type="label">
							<left>330</left>
							<top>223</top>
							<height>45</height>
							<width>450</width>
							<align>left</align>
							<aligny>center</aligny>
							<font>breadcrumb.secondary</font>
							<textcolor>white</textcolor>
							<shadowcolor>button.nf</shadowcolor>
							<label>$INFO[Player.Time] / $INFO[Player.Duration,]</label>
						</control>
					</control>
					<!--movies-->
					<control type="group">
						<visible>VideoPlayer.Content(Movies)</visible>
						<control type="image">
							<left>55</left>
							<top>0</top>
							<width>175</width>
							<height>263</height>
							<aspectratio aligny="bottom">stretch</aspectratio>
							<bordertexture>backgrounds/poster shadow small.png</bordertexture>
							<bordersize>5</bordersize>
							<texture fallback="DefaultVideoCover.png">$INFO[Player.Art(thumb)]</texture>
						</control>
						<!--title-->
						<control type="label">
							<left>233</left>
							<top>158</top>
							<height>45</height>
							<width>1500</width>
							<align>left</align>
							<aligny>center</aligny>
							<font>breadcrumb</font>
							<textcolor>white</textcolor>
							<shadowcolor>button.nf</shadowcolor>
							<label>$INFO[Player.Title]</label>
						</control>
						<!--studio-->
						<control type="label">
							<left>233</left>
							<top>197</top>
							<height>38</height>
							<width>825</width>
							<align>left</align>
							<aligny>center</aligny>
							<font>breadcrumb.secondary</font>
							<textcolor>white</textcolor>
							<shadowcolor>button.nf</shadowcolor>
							<label>$INFO[VideoPlayer.Studio]</label>
						</control>
						<!--time-->
						<control type="label">
							<left>233</left>
							<top>223</top>
							<height>45</height>
							<width>450</width>
							<align>left</align>
							<aligny>center</aligny>
							<font>breadcrumb.secondary</font>
							<textcolor>white</textcolor>
							<shadowcolor>button.nf</shadowcolor>
							<label>$INFO[Player.Time] / $INFO[Player.Duration,]</label>
						</control>
					</control>
					<!--episodes-->
					<control type="group">
						<visible>VideoPlayer.Content(Episodes)</visible>
						<!--thumb-->
						<control type="image">
							<left>55</left>
							<top>81</top>
							<width>270</width>
							<height>180</height>
							<aspectratio>scale</aspectratio>
							<texture fallback="DefaultVideoCover.png">$INFO[Player.Art(thumb)]</texture>
							<bordertexture>backgrounds/episode shadow small.png</bordertexture>
							<bordersize>5</bordersize>
						</control>
						<!--title-->
						<control type="label">
							<left>330</left>
							<top>158</top>
							<height>45</height>
							<width>1500</width>
							<align>left</align>
							<aligny>center</aligny>
							<font>breadcrumb</font>
							<textcolor>white</textcolor>
							<shadowcolor>button.nf</shadowcolor>
							<label>$INFO[Player.Title]</label>
						</control>
						<!--episode-->
						<control type="label">
							<left>330</left>
							<top>197</top>
							<height>38</height>
							<width>825</width>
							<align>left</align>
							<aligny>center</aligny>
							<font>breadcrumb.secondary</font>
							<textcolor>white</textcolor>
							<shadowcolor>button.nf</shadowcolor>
							<label>$INFO[VideoPlayer.TVShowTitle] ($INFO[VideoPlayer.Season,$LOCALIZE[20373] , - ]$INFO[VideoPlayer.episode,$LOCALIZE[20359] ,])</label>
						</control>
						<!--time-->
						<control type="label">
							<left>330</left>
							<top>223</top>
							<height>45</height>
							<width>450</width>
							<align>left</align>
							<aligny>center</aligny>
							<font>breadcrumb.secondary</font>
							<textcolor>white</textcolor>
							<shadowcolor>button.nf</shadowcolor>
							<label>$INFO[Player.Time] / $INFO[Player.Duration,]</label>
						</control>
					</control>
				</control>
				<!--now playing controls-->
				<control type="group">
					<left>900r</left>
					<top>213</top>
					<visible>String.IsEmpty(Window(Videos).Property(PlayingBackgroundMedia))</visible>
					<animation type="WindowOpen" reversible="false">
						<effect type="zoom" start="80" end="100" center="960,540" easing="out" tween="back" time="300" />
						<effect type="fade" start="0" end="100" time="300" />
					</animation>
					<animation type="WindowClose" reversible="false">
						<effect type="zoom" start="100" end="80" center="960,540" easing="in" tween="back" time="300" />
						<effect type="fade" start="100" end="0" time="300" />
					</animation>
					<!--search-->
					<control type="group">
						<visible>System.HasAddon(script.globalsearch)</visible>
						<!--search background-->
						<control type="image">
							<left>60</left>
							<top>0</top>
							<width>776</width>
							<height>45</height>
							<texture colordiffuse="tertiary">backgrounds/white.png</texture>
							<animation effect="zoom" start="60,0,776,45" end="608,0,228,45" time="500" condition="!Player.HasMedia">conditional</animation>
						</control>
						<!--background strip-->
						<control type="image">
							<left>64r</left>
							<top>0</top>
							<width>4</width>
							<height>45</height>
							<texture colordiffuse="$VAR[Colour.500]">backgrounds/white.png</texture>
						</control>
						<!--global search button-->
						<control type="radiobutton" id="608">
							<colordiffuse>tertiary</colordiffuse>
							<left>65</left>
							<top>5</top>
							<height>35</height>
							<width>218</width>
							<textwidth>225</textwidth>
							<textoffsetx>10</textoffsetx>
							<textoffsety>3</textoffsety>
							<align>left</align>
							<aligny>center</aligny>
							<font>breadcrumb.tertiary</font>
							<textcolor>text.primary</textcolor>
							<focusedcolor>white</focusedcolor>
							<texturefocus colordiffuse="$VAR[Colour.500]">backgrounds/white.png</texturefocus>
							<texturenofocus colordiffuse="button.border">button-border-search.png</texturenofocus>
							<pulseonselect>false</pulseonselect>
							<label>137</label>
							<onclick>RunScript(script.globalsearch)</onclick>
							<textureradioonfocus colordiffuse="white">icon_search.png</textureradioonfocus>
							<textureradioonnofocus colordiffuse="text.primary">icon_search.png</textureradioonnofocus>
							<textureradioofffocus colordiffuse="white">icon_search.png</textureradioofffocus>
							<textureradiooffnofocus colordiffuse="text.primary">icon_search.png</textureradiooffnofocus>
							<onleft>607</onleft>
							<onright>601</onright>
							<onup>9003</onup>
							<ondown>9000</ondown>
							<radiowidth>24</radiowidth>
							<radioheight>24</radioheight>
							<radioposx>188</radioposx>
							<animation effect="slide" start="0,0" end="548,0" time="500" condition="!Player.HasMedia">conditional</animation>
						</control>
					</control>
					<!--now playing items-->
					<control type="group">
						<animation effect="fade" start="0" end="100" time="0" delay="500">Visible</animation>
						<animation effect="fade" start="100" end="0" time="0">Hidden</animation>
						<visible>Player.HasMedia</visible>
						<!--media controls-->
						<control type="group" id="600">
							<left>303</left>
							<onup>9003</onup>
							<ondown>9000</ondown>
							<defaultcontrol>-</defaultcontrol>
							<enable>Player.HasMedia</enable>
							<!--background-->
							<control type="image">
								<left>-15</left>
								<top>0</top>
								<width>308</width>
								<height>45</height>
								<texture colordiffuse="tertiary">backgrounds/white.png</texture>
							</control>
							<!--background strip-->
							<control type="image">
								<left>64r</left>
								<top>0</top>
								<width>4</width>
								<height>45</height>
								<texture colordiffuse="$VAR[Colour.500]">backgrounds/white.png</texture>
								<visible>!System.HasAddon(script.globalsearch)</visible>
							</control>
							<control type="group">
								<visible>!VideoPlayer.Content(LiveTV)</visible>
								<top>-5</top>
								<left>-5</left>
								<control type="button" id="601">
									<left>15</left>
									<top>15</top>
									<width>25</width>
									<height>25</height>
									<label>-</label>
									<texturefocus colordiffuse="$VAR[Colour.500]">OSDPrevTrackNF.png</texturefocus>
									<texturenofocus colordiffuse="text.primary">OSDPrevTrackNF.png</texturenofocus>
									<onleft>608</onleft>
									<onright>602</onright>
									<onup>9003</onup>
									<ondown>9000</ondown>
									<onclick>XBMC.PlayerControl(Previous)</onclick>
								</control>
								<control type="button" id="602">
									<left>60</left>
									<top>15</top>
									<width>25</width>
									<height>25</height>
									<label>-</label>
									<texturefocus colordiffuse="$VAR[Colour.500]">OSDRewindNF.png</texturefocus>
									<texturenofocus colordiffuse="text.primary">OSDRewindNF.png</texturenofocus>
									<onleft>601</onleft>
									<onright>603</onright>
									<onup>9003</onup>
									<ondown>9000</ondown>
									<onclick>XBMC.PlayerControl(Rewind)</onclick>
								</control>
								<control type="togglebutton" id="603">
									<left>105</left>
									<top>15</top>
									<width>25</width>
									<height>25</height>
									<label>-</label>
									<texturefocus colordiffuse="$VAR[Colour.500]">OSDPauseNF.png</texturefocus>
									<texturenofocus colordiffuse="text.primary">OSDPauseNF.png</texturenofocus>
									<usealttexture>Player.Paused | Player.Forwarding | Player.Rewinding</usealttexture>
									<alttexturefocus colordiffuse="$VAR[Colour.500]">OSDPlayNF.png</alttexturefocus>
									<alttexturenofocus colordiffuse="text.primary">OSDPlayNF.png</alttexturenofocus>
									<onleft>602</onleft>
									<onright>604</onright>
									<onup>9003</onup>
									<ondown>9000</ondown>
									<onclick>XBMC.PlayerControl(Play)</onclick>
								</control>
								<control type="button" id="604">
									<left>150</left>
									<top>15</top>
									<width>25</width>
									<height>25</height>
									<label>-</label>
									<texturefocus colordiffuse="$VAR[Colour.500]">OSDStopNF.png</texturefocus>
									<texturenofocus colordiffuse="text.primary">OSDStopNF.png</texturenofocus>
									<onleft>603</onleft>
									<onright>605</onright>
									<onup>9003</onup>
									<ondown>9000</ondown>
									<onclick>down</onclick>
									<onclick>XBMC.PlayerControl(Stop)</onclick>
								</control>
								<control type="button" id="605">
									<left>195</left>
									<top>15</top>
									<width>25</width>
									<height>25</height>
									<label>-</label>
									<texturefocus colordiffuse="$VAR[Colour.500]">OSDForwardNF.png</texturefocus>
									<texturenofocus colordiffuse="text.primary">OSDForwardNF.png</texturenofocus>
									<onleft>604</onleft>
									<onright>606</onright>
									<onup>9003</onup>
									<ondown>9000</ondown>
									<onclick>XBMC.PlayerControl(Forward)</onclick>
								</control>
								<control type="button" id="606">
									<left>240</left>
									<top>15</top>
									<width>25</width>
									<height>25</height>
									<label>-</label>
									<texturefocus colordiffuse="$VAR[Colour.500]">OSDNextTrackNF.png</texturefocus>
									<texturenofocus colordiffuse="text.primary">OSDNextTrackNF.png</texturenofocus>
									<onleft>605</onleft>
									<onright>607</onright>
									<onup>9003</onup>
									<ondown>9000</ondown>
									<onclick>XBMC.PlayerControl(Next)</onclick>
								</control>
							</control>
							<control type="group" id="600">
								<visible>VideoPlayer.Content(LiveTV)</visible>
								<top>-5</top>
								<left>-5</left>
								<control type="button" id="601">
									<left>15</left>
									<top>15</top>
									<width>25</width>
									<height>25</height>
									<label>-</label>
									<texturefocus colordiffuse="$VAR[Colour.500]">OSDChannelUPNF.png</texturefocus>
									<texturenofocus colordiffuse="text.primary">OSDChannelUPNF.png</texturenofocus>
									<onleft>608</onleft>
									<onright>602</onright>
									<onup>9003</onup>
									<ondown>9000</ondown>
									<onclick>ChannelDown</onclick>
								</control>
								<control type="button" id="602">
									<left>60</left>
									<top>15</top>
									<width>25</width>
									<height>25</height>
									<label>-</label>
									<texturefocus colordiffuse="$VAR[Colour.500]">OSDChannelDownNF.png</texturefocus>
									<texturenofocus colordiffuse="text.primary">OSDChannelDownNF.png</texturenofocus>
									<onleft>601</onleft>
									<onright>603</onright>
									<onup>9003</onup>
									<ondown>9000</ondown>
									<onclick>ChannelUp</onclick>
								</control>
								<control type="button" id="603">
									<left>105</left>
									<top>15</top>
									<width>25</width>
									<height>25</height>
									<label>-</label>
									<texturefocus colordiffuse="$VAR[Colour.500]">OSDStopNF.png</texturefocus>
									<texturenofocus colordiffuse="text.primary">OSDStopNF.png</texturenofocus>
									<onleft>602</onleft>
									<onright>604</onright>
									<onup>9003</onup>
									<ondown>9000</ondown>
									<onclick>down</onclick>
									<onclick>XBMC.PlayerControl(Stop)</onclick>
								</control>
								<control type="togglebutton" id="604">
									<left>150</left>
									<top>15</top>
									<width>25</width>
									<height>25</height>
									<label>-</label>
									<texturefocus colordiffuse="$VAR[Colour.500]">OSDPauseNF.png</texturefocus>
									<texturenofocus colordiffuse="text.primary">OSDPauseNF.png</texturenofocus>
									<usealttexture>Player.Paused | Player.Forwarding | Player.Rewinding</usealttexture>
									<alttexturefocus colordiffuse="$VAR[Colour.500]">OSDPlayNF.png</alttexturefocus>
									<alttexturenofocus colordiffuse="text.primary">OSDPlayNF.png</alttexturenofocus>
									<onleft>603</onleft>
									<onright>606</onright>
									<onup>9003</onup>
									<ondown>9000</ondown>
									<onclick>XBMC.PlayerControl(Play)</onclick>
									<enable>Player.PauseEnabled</enable>
									<animation effect="fade" start="100" end="30" time="100" condition="!Player.PauseEnabled">Conditional</animation>
								</control>
								<control type="button" id="606">
									<left>240</left>
									<top>15</top>
									<width>25</width>
									<height>25</height>
									<label>-</label>
									<texturefocus colordiffuse="$VAR[Colour.500]">OSDRecordOffNF.png</texturefocus>
									<texturenofocus colordiffuse="text.primary">OSDRecordOffNF.png</texturenofocus>
									<onleft>604</onleft>
									<onright>607</onright>
									<onup>9003</onup>
									<ondown>9000</ondown>
									<onclick>XBMC.PlayerControl(record)</onclick>
								</control>
							</control>
						</control>
						<!--fullscreen background-->
						<control type="image">
							<left>586</left>
							<top>0</top>
							<width>250</width>
							<height>45</height>
							<texture colordiffuse="tertiary">backgrounds/white.png</texture>
						</control>
						<!--fullscreen button-->
						<control type="radiobutton" id="607">
							<colordiffuse>tertiary</colordiffuse>
							<left>591</left>
							<top>5</top>
							<height>35</height>
							<width>240</width>
							<textwidth>225</textwidth>
							<textoffsetx>10</textoffsetx>
							<textoffsety>8</textoffsety>
							<align>left</align>
							<aligny>center</aligny>
							<font>breadcrumb.tertiary</font>
							<textcolor>text.primary</textcolor>
							<focusedcolor>white</focusedcolor>
							<texturefocus colordiffuse="$VAR[Colour.500]">backgrounds/white.png</texturefocus>
							<texturenofocus colordiffuse="button.border">button-border-fullscreen.png</texturenofocus>
							<pulseonselect>false</pulseonselect>
							<label>31008</label>
							<onclick>fullscreen</onclick>
							<textureradioonfocus colordiffuse="tertiary">GoFullscreen.png</textureradioonfocus>
							<textureradioonnofocus colordiffuse="text.primary">GoFullscreen.png</textureradioonnofocus>
							<textureradioofffocus colordiffuse="tertiary">GoFullscreen.png</textureradioofffocus>
							<textureradiooffnofocus colordiffuse="text.primary">GoFullscreen.png</textureradiooffnofocus>
							<onleft>606</onleft>
							<onright>608</onright>
							<onup>9003</onup>
							<ondown>9000</ondown>
							<enable>Player.HasMedia</enable>
							<radiowidth>26</radiowidth>
							<radioheight>26</radioheight>
							<radioposx>210</radioposx>
						</control>
					</control>
				</control>
				<!--menus-->
				<control type="group">
					<top>253</top>
					<animation type="WindowOpen" reversible="false">
						<effect type="zoom" start="80" end="100" center="960,540" easing="out" tween="back" time="300" />
						<effect type="fade" start="0" end="100" time="300" />
					</animation>
					<animation type="WindowClose" reversible="false">
						<effect type="zoom" start="100" end="80" center="960,540" easing="in" tween="back" time="300" />
						<effect type="fade" start="100" end="0" time="300" delay="200" />
					</animation>
					<control type="group">
						<!--sub menus-->
						<include condition="!Skin.HasSetting(AutoHideHomepageSubmenu)">skinshortcuts-template-submenu</include>
						<include condition="Skin.HasSetting(AutoHideHomepageSubmenu)">HomeSubMenu</include>
					</control>
					<!--main menu background-->
					<control type="image">
						<left>60</left>
						<top>10</top>
						<width>1800</width>
						<height>92</height>
						<texture colordiffuse="tertiary">backgrounds/white.png</texture>
					</control>
					<!--main menu-->
					<control type="fixedlist" id="9000">
						<left>60</left>
						<top>10</top>
						<width>1800</width>
						<height>92</height>
						<onleft>9000</onleft>
						<onright>9000</onright>
						<onup condition="System.HasAddon(script.globalsearch)">608</onup>
						<onup condition="!System.HasAddon(script.globalsearch)">603</onup>
						<ondown>9901</ondown>
						<pagecontrol>-</pagecontrol>
						<scrolltime>300</scrolltime>
						<focusposition>2</focusposition>
						<movement>1</movement>
						<orientation>Horizontal</orientation>
						<itemlayout height="92" width="360">
							<!--seperator-->
							<control type="image">
								<left>0</left>
								<top>15</top>
								<width>1</width>
								<height>62</height>
								<texture colordiffuse="$VAR[Colour.500]">backgrounds/white.png</texture>
							</control>
							<!--label-->
							<control type="label">
								<left>10</left>
								<top>0</top>
								<width>340</width>
								<height>92</height>
								<font>main.menu</font>
								<textcolor>text.primary</textcolor>
								<align>center</align>
								<aligny>center</aligny>
								<label>$INFO[ListItem.Label]</label>
							</control>
							<!--seperator-->
							<control type="image">
								<left>360</left>
								<top>15</top>
								<width>1</width>
								<height>62</height>
								<texture colordiffuse="$VAR[Colour.500]">backgrounds/white.png</texture>
							</control>
						</itemlayout>
						<focusedlayout height="90" width="360">
							<control type="image">
								<left>0</left>
								<top>15</top>
								<width>1</width>
								<height>62</height>
								<texture colordiffuse="$VAR[Colour.500]">backgrounds/white.png</texture>
							</control>
							<control type="label">
								<left>10</left>
								<top>0</top>
								<width>340</width>
								<height>92</height>
								<font>main.menu</font>
								<textcolor>text.primary</textcolor>
								<align>center</align>
								<aligny>center</aligny>
								<label>$INFO[ListItem.Label]</label>
								<visible>!Control.HasFocus(9000)</visible>
							</control>
							<control type="image">
								<left>0</left>
								<top>0</top>
								<width>361</width>
								<height>92</height>
								<texture colordiffuse="$VAR[Colour.500]">backgrounds/white.png</texture>
								<visible>Control.HasFocus(9000)</visible>
							</control>
							<control type="label">
								<left>10</left>
								<top>0</top>
								<width>340</width>
								<height>92</height>
								<font>main.menu</font>
								<textcolor>white</textcolor>
								<align>center</align>
								<aligny>center</aligny>
								<label>$INFO[ListItem.Label]</label>
								<visible>Control.HasFocus(9000)</visible>
							</control>
							<!--seperator-->
							<control type="image">
								<left>360</left>
								<top>15</top>
								<width>1</width>
								<height>62</height>
								<texture colordiffuse="$VAR[Colour.500]">backgrounds/white.png</texture>
							</control>
						</focusedlayout>
						<content>
							<include>skinshortcuts-mainmenu</include>
						</content>
					</control>
					<!--left side fade-->
					<control type="image">
						<left>60</left>
						<top>10</top>
						<width>192</width>
						<height>92</height>
						<texture colordiffuse="tertiary">SideFade.png</texture>
					</control>
					<!--right side fade-->
					<control type="image">
						<left>252r</left>
						<top>10</top>
						<width>192</width>
						<height>92</height>
						<texture colordiffuse="tertiary" flipx="true">SideFade.png</texture>
					</control>
					<!--background strip left-->
					<control type="image">
						<left>60</left>
						<top>10</top>
						<width>4</width>
						<height>92</height>
						<texture colordiffuse="$VAR[Colour.500]">backgrounds/white.png</texture>
					</control>
					<!--background strip right-->
					<control type="image">
						<left>64r</left>
						<top>10</top>
						<width>4</width>
						<height>92</height>
						<texture colordiffuse="$VAR[Colour.500]">backgrounds/white.png</texture>
					</control>
				</control>
			</control>
			<!--addon sortcuts-->
			<control type="group" id="9002">
				<onup>9901</onup>
				<ondown>20</ondown>
				<control type="list" id="700">
					<animation effect="slide" start="0,0" end="80,0" time="0" condition="StringCompare(Container(700).NumItems,4)">conditional</animation>
					<animation effect="slide" start="0,0" end="160,0" time="0" condition="StringCompare(Container(700).NumItems,3)">conditional</animation>
					<animation effect="slide" start="0,0" end="240,0" time="0" condition="StringCompare(Container(700).NumItems,2)">conditional</animation>
					<animation effect="slide" start="0,0" end="320,0" time="0" condition="StringCompare(Container(700).NumItems,1)">conditional</animation>
					<visible>String.IsEqual(Container(9000).ListItem.Property(defaultID),videos)</visible>
					<onleft>700</onleft>
					<onright>700</onright>
					<onup>9901</onup>
					<ondown>20</ondown>
					<include>HomeAddonsCommonLayout</include>
					<content>
						<include>HomeAddonItemsVideos</include>
					</content>
				</control>
				<control type="list" id="703">
					<animation effect="slide" start="0,0" end="80,0" time="0" condition="StringCompare(Container(703).NumItems,4)">conditional</animation>
					<animation effect="slide" start="0,0" end="160,0" time="0" condition="StringCompare(Container(703).NumItems,3)">conditional</animation>
					<animation effect="slide" start="0,0" end="240,0" time="0" condition="StringCompare(Container(703).NumItems,2)">conditional</animation>
					<animation effect="slide" start="0,0" end="320,0" time="0" condition="StringCompare(Container(703).NumItems,1)">conditional</animation>
					<visible>String.IsEqual(Container(9000).ListItem.Property(defaultID),music)</visible>
					<onleft>703</onleft>
					<onright>703</onright>
					<onup>9901</onup>
					<ondown>20</ondown>
					<include>HomeAddonsCommonLayout</include>
					<content>
						<include>HomeAddonItemsMusic</include>
					</content>
				</control>
				<control type="list" id="704">
					<animation effect="slide" start="0,0" end="80,0" time="0" condition="StringCompare(Container(704).NumItems,4)">conditional</animation>
					<animation effect="slide" start="0,0" end="160,0" time="0" condition="StringCompare(Container(704).NumItems,3)">conditional</animation>
					<animation effect="slide" start="0,0" end="240,0" time="0" condition="StringCompare(Container(704).NumItems,2)">conditional</animation>
					<animation effect="slide" start="0,0" end="320,0" time="0" condition="StringCompare(Container(704).NumItems,1)">conditional</animation>
					<visible>String.IsEqual(Container(9000).ListItem.Property(defaultID),pictures)</visible>
					<onleft>704</onleft>
					<onright>704</onright>
					<onup>9901</onup>
					<ondown>20</ondown>
					<include>HomeAddonsCommonLayout</include>
					<content>
						<include>HomeAddonItemsPictures</include>
					</content>
				</control>
				<control type="list" id="705">
					<animation effect="slide" start="0,0" end="80,0" time="0" condition="StringCompare(Container(705).NumItems,4)">conditional</animation>
					<animation effect="slide" start="0,0" end="160,0" time="0" condition="StringCompare(Container(705).NumItems,3)">conditional</animation>
					<animation effect="slide" start="0,0" end="240,0" time="0" condition="StringCompare(Container(705).NumItems,2)">conditional</animation>
					<animation effect="slide" start="0,0" end="320,0" time="0" condition="StringCompare(Container(705).NumItems,1)">conditional</animation>
					<visible>String.IsEqual(Container(9000).ListItem.Property(defaultID),programs)</visible>
					<onleft>705</onleft>
					<onright>705</onright>
					<onup>9901</onup>
					<ondown>20</ondown>
					<include>HomeAddonsCommonLayout</include>
					<content>
						<include>HomeAddonItemsPrograms</include>
					</content>
				</control>
			</control>
		</control>
		<control type="group">
			<left>60</left>
			<right>60</right>
			<top>54r</top>
			<!--rss feed-->
			<control type="group">
				<visible>system.getbool(lookandfeel.enablerssfeeds)</visible>
				<include>Window_OpenClose_Animation</include>
				<!--rss background-->
				<control type="image">
					<width>100%</width>
					<height>34</height>
					<texture colordiffuse="tertiary">backgrounds/white.png</texture>
				</control>
				<!--rss background strip-->
				<control type="image">
					<right>0</right>
					<width>4</width>
					<height>34</height>
					<texture colordiffuse="$VAR[Colour.500]">backgrounds/white.png</texture>
				</control>
				<!--rss feed-->
				<control type="rss">
					<centerleft>50%</centerleft>
					<top>2</top>
					<height>34</height>
					<width>99%</width>
					<font>breadcrumb.secondary</font>
					<urlset>1</urlset>
					<textcolor>$VAR[Colour.500]</textcolor>
					<titlecolor>$VAR[Colour.500]</titlecolor>
					<headlinecolor>text.primary</headlinecolor>
				</control>
			</control>
		</control>
		<!--weather info-->
		<control type="group">
			<left>60</left>
			<top>60</top>
			<visible>Skin.HasSetting(homepageWeatherinfo) + !String.IsEmpty(Weather.Plugin)</visible>
			<include>Window_OpenClose_Animation</include>
			<!--breadcrumb bg-->
			<control type="image">
				<left>4</left>
				<top>0</top>
				<width>350</width>
				<height>90</height>
				<texture colordiffuse="tertiary">backgrounds/white.png</texture>
			</control>
			<!--breadcrumb strip-->
			<control type="image">
				<left>0</left>
				<top>0</top>
				<width>4</width>
				<height>90</height>
				<texture colordiffuse="$VAR[Colour.500]">backgrounds/white.png</texture>
			</control>
			<control type="image">
				<description>Weather image</description>
				<left>4</left>
				<top>0</top>
				<width>90</width>
				<height>90</height>
				<aspectratio>keep</aspectratio>
				<texture>$INFO[Weather.Conditions]</texture>
			</control>
			<control type="label">
				<description>Location label</description>
				<left>102</left>
				<top>12</top>
				<width>375</width>
				<height>22</height>
				<align>left</align>
				<aligny>center</aligny>
				<font>font10</font>
				<textcolor>text.primary</textcolor>
				<label>$INFO[Window(Weather).Property(Location)]</label>
			</control>
			<control type="grouplist">
				<left>102</left>
				<top>40</top>
				<width>375</width>
				<height>45</height>
				<orientation>horizontal</orientation>
				<align>left</align>
				<itemgap>0</itemgap>
				<control type="label">
					<description>Temp label</description>
					<width min="0" max="300">auto</width>
					<height>45</height>
					<align>left</align>
					<aligny>center</aligny>
					<font>font28_title</font>
					<textcolor>text.primary</textcolor>
					<label>$INFO[Window(Weather).Property(Current.Temperature)]</label>
				</control>
				<control type="label">
					<description>Temp Units</description>
					<width min="0" max="150">auto</width>
					<height>33</height>
					<font>font10</font>
					<aligny>center</aligny>
					<label>$INFO[System.TemperatureUnits]</label>
					<textcolor>text.primary</textcolor>
					<visible>!String.IsEmpty(Window(Weather).Property(Current.Temperature))</visible>
				</control>
				<control type="label">
					<description>Conditions Label</description>
					<width>285</width>
					<height>33</height>
					<font>font10</font>
					<aligny>center</aligny>
					<label>$INFO[Window(Weather).Property(Current.Condition),  ]</label>
					<textcolor>$VAR[Colour.500]</textcolor>
				</control>
			</control>
		</control>
		<!--dialog fade-->
		<include>BehindDialogFadeOut</include>
	</controls>
</window>