<?xml version="1.0" encoding="UTF-8"?>
<addon id="skin.aeon.nox.gray2.17" version="6.1.0" name="[COLOR aqua]Aeon Nox Gray 2[/COLOR]" provider-name="BigNoid">
	<requires>
		<import addon="xbmc.gui" version="5.12.0"/>
		<import addon="script.grab.fanart" version="0.12.8"/>
		<import addon="script.skinshortcuts" version="0.4.5"/>
		<import addon="service.library.data.provider" version="0.0.7"/>
		<import addon="resource.images.studios.white" version="0.0.1"/>
		<import addon="resource.images.recordlabels.white" version="0.0.1"/>
	</requires>
	<extension point="xbmc.gui.skin" debugging="false" effectslowdown="0.75">
		<res width="1920" height="1080" aspect="16:9" default="true" folder="1080i" />
		<res width="2560" height="1080" aspect="21:9" default="false" folder="1080i" />
	</extension>
	<extension point="xbmc.addon.metadata">
		<summary lang="de_DE">Skins und Skin Themen by Guidos Skinbase.</summary>
		<summary lang="en_GB">Skins and Skin Themen by Guidos Skinbase.</summary>
		<description lang="de_DE">Guidos Skinbase Repo. Die Gröste Skinbase der Welt mit unzähligen Skin Mods  und Skin Themen aus der ganzen Welt. Ständig Erweitert und Verbessert, so sollte für jeden was dabei sein Viel Spass. </description>
		<description lang="en_GB">Guido's Skinbase Repo. The world's largest skinbase with countless skin mods and skin themes from around the world. Constantly extended and improved, so there should be something for everyone Have fun.</description>
		<platform>all</platform>
		<license>CC BY-NC-SA 4.0</license>
		<forum>http://forum.kodi.tv/showthread.php?tid=183504</forum>
		<website>https://github.com/BigNoid/Aeon-Nox</website>
		<email>big.noid@kodi.tv</email>
		<source>https://github.com/BigNoid/Aeon-Nox</source>
		<news lang="de_DE">Guidos Skinbase Repo. Die Gröste Skinbase der Welt mit unzähligen Skin Mods  und Skin Themen aus der ganzen Welt. Ständig Erweitert und Verbessert, so sollte für jeden was dabei sein Viel Spass. </news>
		<news lang="en_GB">Guido's Skinbase Repo. The world's largest skinbase with countless skin mods and skin themes from around the world. Constantly extended and improved, so there should be something for everyone Have fun.</news>
		<assets>
			<icon>resources/icon.png</icon>
			<fanart>resources/fanart.jpg</fanart>
			<screenshot>resources/screenshot-01.jpg</screenshot>
			<screenshot>resources/screenshot-02.jpg</screenshot>
			<screenshot>resources/screenshot-03.jpg</screenshot>
			<screenshot>resources/screenshot-04.jpg</screenshot>
			<screenshot>resources/screenshot-05.jpg</screenshot>
		</assets>
	</extension>
</addon>
