<window id="1113" type="dialog">
    <defaultcontrol always="true">9013</defaultcontrol>
    <onunload condition="Window.IsActive(videos)">Skin.Reset(Enable.FullscreenFanart)</onunload>
    <onunload condition="Window.IsActive(music)">Skin.Reset(Enable.FullscreenMusicFanart)</onunload>
    <onunload condition="!String.IsEmpty(Window(movieinformation).Property(FSFanart))">ClearProperty(FSFanart,movieinformation)</onunload>
    <onunload condition="String.IsEmpty(Window(movieinformation).Property(FSFanart))">SetFocus(50)</onunload>
    <controls>
        <control type="button" id="9013">
            <include>HiddenObject</include>
            <onclick>Dialog.Close(1113)</onclick>
            <onup>Dialog.Close(1113)</onup>
            <ondown>Dialog.Close(1113)</ondown>
            <onleft>Dialog.Close(1113)</onleft>
            <onright>Dialog.Close(1113)</onright>
        </control>
        <control type="image">
            <include>FullscreenDimensions</include>
            <texture>$INFO[Window(movieinformation).Property(FSFanart)]</texture>
        </control>
    </controls>
</window>
