<window id="1117" type="dialog">
    <defaultcontrol always="true">9000</defaultcontrol>
    <controls>
        <control type="group">
            <top>59</top>
            <control type="list" id="9000">
                <left>82</left>
                <top>32</top>
                <width>356</width>
                <height>840</height>
                <onleft>9010</onleft>
                <onright>9010</onright>
                <onup>9000</onup>
                <ondown>9000</ondown>
                <pagecontrol />
                <scrolltime tween="quadratic" easing="out">200</scrolltime>
                <include>SettingsFadeAnimation</include>
                <itemlayout height="90" width="356">
                    <control type="image">
                        <top>30</top>
                        <width>356</width>
                        <height>60</height>
                        <texture border="1">separator2.png</texture>
                    </control>
                    <control type="label">
                        <width>356</width>
                        <height>90</height>
                        <font>font15</font>
                        <textoffsetx>20</textoffsetx>
                        <textcolor>grey2</textcolor>
                        <selectedcolor>$VAR[ThemeLabelColor]</selectedcolor>
                        <align>right</align>
                        <label>$INFO[ListItem.Label]</label>
                    </control>
                </itemlayout>
                <focusedlayout height="90" width="356">
                    <control type="image">
                        <top>30</top>
                        <width>356</width>
                        <height>60</height>
                        <texture border="1">separator2.png</texture>
                    </control>
                    <control type="image">
                        <width>356</width>
                        <height>90</height>
                        <texture colordiffuse="$VAR[HighlightBarColor]" border="4">listselect_fo.png</texture>
                        <animation effect="fade" start="100" end="40" time="300" tween="sine" easing="inout" condition="!Control.HasFocus(9000)">Conditional</animation>
                    </control>
                    <control type="label">
                        <width>356</width>
                        <height>90</height>
                        <font>font15</font>
                        <textoffsetx>20</textoffsetx>
                        <textcolor>white</textcolor>
                        <selectedcolor>$VAR[ThemeLabelColor]</selectedcolor>
                        <align>right</align>
                        <label>$INFO[ListItem.Label]</label>
                        <animation effect="fade" start="100" end="70" time="300" tween="sine" easing="inout" condition="!Control.HasFocus(9000)">Conditional</animation>
                    </control>
                </focusedlayout>
                <content>
                    <item id="1">
                        <label>$LOCALIZE[31334]</label>
                        <onclick>noop</onclick>
                        <icon />
                    </item>
                    <item id="2">
                        <label>$LOCALIZE[31335]</label>
                        <onclick>noop</onclick>
                        <icon />
                    </item>
                    <item id="3">
                        <label>$LOCALIZE[31336]</label>
                        <onclick>noop</onclick>
                        <icon />
                    </item>
                </content>
            </control>
            <control type="textbox">
                <description>description area</description>
                <left>552</left>
                <top>850</top>
                <width>1256</width>
                <height>130</height>
                <font>font16bold_textbox</font>
                <textcolor>grey2</textcolor>
                <label>$VAR[AddonStatusDescriptionVar]</label>
                <autoscroll time="3000" delay="4000" repeat="5000">true</autoscroll>
                <animation effect="fade" start="0" end="100" time="300" tween="sine" easing="inout">Visible</animation>
                <animation effect="fade" start="100" end="0" time="0" tween="sine" easing="inout">Hidden</animation>
            </control>
            <control type="group" id="9010">
                <control type="grouplist" id="9001">
                    <description>control area</description>
                    <left>522</left>
                    <top>32</top>
                    <width>1316</width>
                    <height>810</height>
                    <pagecontrol>60</pagecontrol>
                    <onleft>9000</onleft>
                    <onright>60</onright>
                    <onup>9001</onup>
                    <ondown>9001</ondown>
                    <visible>Container(9000).HasFocus(1)</visible>
                    <control type="button" id="100">
                        <include>SettingsButtonCommonValues</include>
                        <label>$INFO[System.AddonTitle(script.skinshortcuts)]</label>
                        <label2>$INFO[System.AddonVersion(script.skinshortcuts),v, [COLOR FF00991F]$LOCALIZE[31331][/COLOR]]</label2>
                        <oninfo>SetProperty(TextViewerHeader,$ESCINFO[System.AddonTitle(script.skinshortcuts),[B],[/B]],Home)</oninfo>
                        <oninfo>SetProperty(TextViewerSubHeader,$ESCINFO[System.AddonVersion(script.skinshortcuts),v, [COLOR FF00991F]$LOCALIZE[31331][/COLOR]],Home)</oninfo>
                        <oninfo>SetProperty(TextViewerContent,$LOCALIZE[31427],Home)</oninfo>
                        <oninfo>ActivateWindow(1112)</oninfo>
                        <onclick>Addon.OpenSettings(script.skinshortcuts)</onclick>
                        <visible>System.HasAddon(script.skinshortcuts)</visible>
                    </control>
                    <control type="button" id="101">
                        <include>SettingsButtonCommonValues</include>
                        <label>script.skinshortcuts</label>
                        <label2>[COLOR invalid]$LOCALIZE[31332][/COLOR]</label2>
                        <oninfo>SetProperty(TextViewerHeader,[B]script.skinshortcuts[/B],Home)</oninfo>
                        <oninfo>SetProperty(TextViewerSubHeader,[COLOR invalid]$LOCALIZE[31332][/COLOR],Home)</oninfo>
                        <oninfo>SetProperty(TextViewerContent,$LOCALIZE[31427],Home)</oninfo>
                        <oninfo>ActivateWindow(1112)</oninfo>
                        <onclick>InstallAddon(script.skinshortcuts)</onclick>
                        <visible>!System.HasAddon(script.skinshortcuts)</visible>
                    </control>
                    <control type="button" id="102">
                        <include>SettingsButtonCommonValues</include>
                        <label>$INFO[System.AddonTitle(script.grab.fanart)]</label>
                        <label2>$INFO[System.AddonVersion(script.grab.fanart),v, [COLOR FF00991F]$LOCALIZE[31331][/COLOR]]</label2>
                        <oninfo>SetProperty(TextViewerHeader,$ESCINFO[System.AddonTitle(script.grab.fanart),[B],[/B]],Home)</oninfo>
                        <oninfo>SetProperty(TextViewerSubHeader,$ESCINFO[System.AddonVersion(script.grab.fanart),v, [COLOR FF00991F]$LOCALIZE[31331][/COLOR]],Home)</oninfo>
                        <oninfo>SetProperty(TextViewerContent,$LOCALIZE[31428],Home)</oninfo>
                        <oninfo>ActivateWindow(1112)</oninfo>
                        <onclick>Addon.OpenSettings(script.grab.fanart)</onclick>
                        <visible>System.HasAddon(script.grab.fanart)</visible>
                    </control>
                    <control type="button" id="103">
                        <include>SettingsButtonCommonValues</include>
                        <label>script.grab.fanart</label>
                        <label2>[COLOR invalid]$LOCALIZE[31332][/COLOR]</label2>
                        <oninfo>SetProperty(TextViewerHeader,[B]script.grab.fanart[/B],Home)</oninfo>
                        <oninfo>SetProperty(TextViewerSubHeader,[COLOR invalid]$LOCALIZE[31332][/COLOR],Home)</oninfo>
                        <oninfo>SetProperty(TextViewerContent,$LOCALIZE[31428],Home)</oninfo>
                        <oninfo>ActivateWindow(1112)</oninfo>
                        <onclick>InstallAddon(script.grab.fanart)</onclick>
                        <visible>!System.HasAddon(script.grab.fanart)</visible>
                    </control>
                    <control type="button" id="104">
                        <include>SettingsButtonCommonValues</include>
                        <label>$INFO[System.AddonTitle(service.library.data.provider)]</label>
                        <label2>$INFO[System.AddonVersion(service.library.data.provider),v, [COLOR FF00991F]$LOCALIZE[31331][/COLOR]]</label2>
                        <oninfo>SetProperty(TextViewerHeader,$ESCINFO[System.AddonTitle(service.library.data.provider),[B],[/B]],Home)</oninfo>
                        <oninfo>SetProperty(TextViewerSubHeader,$ESCINFO[System.AddonVersion(service.library.data.provider),v, [COLOR FF00991F]$LOCALIZE[31331][/COLOR]],Home)</oninfo>
                        <oninfo>SetProperty(TextViewerContent,$LOCALIZE[31429],Home)</oninfo>
                        <oninfo>ActivateWindow(1112)</oninfo>
                        <onclick>Addon.OpenSettings(service.library.data.provider)</onclick>
                        <visible>System.HasAddon(service.library.data.provider)</visible>
                    </control>
                    <control type="button" id="105">
                        <include>SettingsButtonCommonValues</include>
                        <label>service.library.data.provider</label>
                        <label2>[COLOR invalid]$LOCALIZE[31332][/COLOR]</label2>
                        <oninfo>SetProperty(TextViewerHeader,[B]service.library.data.provider[/B],Home)</oninfo>
                        <oninfo>SetProperty(TextViewerSubHeader,[COLOR invalid]$LOCALIZE[31332][/COLOR],Home)</oninfo>
                        <oninfo>SetProperty(TextViewerContent,$LOCALIZE[31429],Home)</oninfo>
                        <oninfo>ActivateWindow(1112)</oninfo>
                        <onclick>InstallAddon(service.library.data.provider)</onclick>
                        <visible>!System.HasAddon(service.library.data.provider)</visible>
                    </control>
                    <control type="button" id="106">
                        <include>SettingsButtonCommonValues</include>
                        <label>$INFO[System.AddonTitle(resource.images.studios.white)]</label>
                        <label2>$INFO[System.AddonVersion(resource.images.studios.white),v, [COLOR FF00991F]$LOCALIZE[31331][/COLOR]]</label2>
                        <oninfo>SetProperty(TextViewerHeader,$ESCINFO[System.AddonTitle(resource.images.studios.white),[B],[/B]],Home)</oninfo>
                        <oninfo>SetProperty(TextViewerSubHeader,$ESCINFO[System.AddonVersion(resource.images.studios.white),v, [COLOR FF00991F]$LOCALIZE[31331][/COLOR]],Home)</oninfo>
                        <oninfo>SetProperty(TextViewerContent,$LOCALIZE[31430],Home)</oninfo>
                        <oninfo>ActivateWindow(1112)</oninfo>
                        <onclick>Addon.OpenSettings(resource.images.studios.white)</onclick>
                        <visible>System.HasAddon(resource.images.studios.white)</visible>
                    </control>
                    <control type="button" id="107">
                        <include>SettingsButtonCommonValues</include>
                        <label>resource.images.studios.white</label>
                        <label2>[COLOR invalid]$LOCALIZE[31332][/COLOR]</label2>
                        <oninfo>SetProperty(TextViewerHeader,[B]resource.images.studios.white[/B],Home)</oninfo>
                        <oninfo>SetProperty(TextViewerSubHeader,[COLOR invalid]$LOCALIZE[31332][/COLOR],Home)</oninfo>
                        <oninfo>SetProperty(TextViewerContent,$LOCALIZE[31430],Home)</oninfo>
                        <oninfo>ActivateWindow(1112)</oninfo>
                        <onclick>InstallAddon(resource.images.studios.white)</onclick>
                        <visible>!System.HasAddon(resource.images.studios.white)</visible>
                    </control>
                    <control type="button" id="108">
                        <include>SettingsButtonCommonValues</include>
                        <label>$INFO[System.AddonTitle(resource.images.recordlabels.white)]</label>
                        <label2>$INFO[System.AddonVersion(resource.images.recordlabels.white),v, [COLOR FF00991F]$LOCALIZE[31331][/COLOR]]</label2>
                        <oninfo>SetProperty(TextViewerHeader,$ESCINFO[System.AddonTitle(resource.images.recordlabels.white),[B],[/B]],Home)</oninfo>
                        <oninfo>SetProperty(TextViewerSubHeader,$ESCINFO[System.AddonVersion(resource.images.recordlabels.white),v, [COLOR FF00991F]$LOCALIZE[31331][/COLOR]],Home)</oninfo>
                        <oninfo>SetProperty(TextViewerContent,$LOCALIZE[31431],Home)</oninfo>
                        <oninfo>ActivateWindow(1112)</oninfo>
                        <onclick>Addon.OpenSettings(resource.images.recordlabels.white)</onclick>
                        <visible>System.HasAddon(resource.images.recordlabels.white)</visible>
                    </control>
                    <control type="button" id="109">
                        <include>SettingsButtonCommonValues</include>
                        <label>resource.images.recordlabels.white</label>
                        <label2>[COLOR invalid]$LOCALIZE[31332][/COLOR]</label2>
                        <oninfo>SetProperty(TextViewerHeader,[B]resource.images.recordlabels.white[/B],Home)</oninfo>
                        <oninfo>SetProperty(TextViewerSubHeader,[COLOR invalid]$LOCALIZE[31332][/COLOR],Home)</oninfo>
                        <oninfo>SetProperty(TextViewerContent,$LOCALIZE[31431],Home)</oninfo>
                        <oninfo>ActivateWindow(1112)</oninfo>
                        <onclick>InstallAddon(resource.images.recordlabels.white)</onclick>
                        <visible>!System.HasAddon(resource.images.recordlabels.white)</visible>
                    </control>
                </control>
                <control type="grouplist" id="9002">
                    <description>control area</description>
                    <left>522</left>
                    <top>32</top>
                    <width>1316</width>
                    <height>810</height>
                    <pagecontrol>60</pagecontrol>
                    <onleft>9000</onleft>
                    <onright>60</onright>
                    <onup>9002</onup>
                    <ondown>9002</ondown>
                    <visible>Container(9000).HasFocus(2)</visible>
                    <control type="button" id="200">
                        <include>SettingsButtonCommonValues</include>
                        <label>$INFO[System.AddonTitle(script.extendedinfo)]</label>
                        <label2>$INFO[System.AddonVersion(script.extendedinfo),v, [COLOR FF00991F]$LOCALIZE[31331][/COLOR]]</label2>
                        <oninfo>SetProperty(TextViewerHeader,$ESCINFO[System.AddonTitle(script.extendedinfo),[B],[/B]],Home)</oninfo>
                        <oninfo>SetProperty(TextViewerSubHeader,$ESCINFO[System.AddonVersion(script.extendedinfo),v, [COLOR FF00991F]$LOCALIZE[31331][/COLOR]],Home)</oninfo>
                        <oninfo>SetProperty(TextViewerContent,$LOCALIZE[31432],Home)</oninfo>
                        <oninfo>ActivateWindow(1112)</oninfo>
                        <onclick>Addon.OpenSettings(script.extendedinfo)</onclick>
                        <visible>System.HasAddon(script.extendedinfo)</visible>
                    </control>
                    <control type="button" id="201">
                        <include>SettingsButtonCommonValues</include>
                        <label>script.extendedinfo</label>
                        <label2>[COLOR invalid]$LOCALIZE[31332][/COLOR]</label2>
                        <oninfo>SetProperty(TextViewerHeader,[B]script.extendedinfo[/B],Home)</oninfo>
                        <oninfo>SetProperty(TextViewerSubHeader,[COLOR invalid]$LOCALIZE[31332][/COLOR],Home)</oninfo>
                        <oninfo>SetProperty(TextViewerContent,$LOCALIZE[31432],Home)</oninfo>
                        <oninfo>ActivateWindow(1112)</oninfo>
                        <onclick>InstallAddon(script.extendedinfo)</onclick>
                        <visible>!System.HasAddon(script.extendedinfo)</visible>
                    </control>
                    <control type="button" id="202">
                        <include>SettingsButtonCommonValues</include>
                        <label>$INFO[System.AddonTitle(script.skin.info.service)]</label>
                        <label2>$INFO[System.AddonVersion(script.skin.info.service),v, [COLOR FF00991F]$LOCALIZE[31331][/COLOR]]</label2>
                        <oninfo>SetProperty(TextViewerHeader,$ESCINFO[System.AddonTitle(script.skin.info.service),[B],[/B]],Home)</oninfo>
                        <oninfo>SetProperty(TextViewerSubHeader,$ESCINFO[System.AddonVersion(script.skin.info.service),v, [COLOR FF00991F]$LOCALIZE[31331][/COLOR]],Home)</oninfo>
                        <oninfo>SetProperty(TextViewerContent,$LOCALIZE[31433],Home)</oninfo>
                        <oninfo>ActivateWindow(1112)</oninfo>
                        <onclick>Addon.OpenSettings(script.skin.info.service)</onclick>
                        <visible>System.HasAddon(script.skin.info.service)</visible>
                    </control>
                    <control type="button" id="203">
                        <include>SettingsButtonCommonValues</include>
                        <label>script.skin.info.service</label>
                        <label2>[COLOR invalid]$LOCALIZE[31332][/COLOR]</label2>
                        <oninfo>SetProperty(TextViewerHeader,[B]script.skin.info.service[/B],Home)</oninfo>
                        <oninfo>SetProperty(TextViewerSubHeader,[COLOR invalid]$LOCALIZE[31332][/COLOR],Home)</oninfo>
                        <oninfo>SetProperty(TextViewerContent,$LOCALIZE[31433],Home)</oninfo>
                        <oninfo>ActivateWindow(1112)</oninfo>
                        <onclick condition="!System.HasAddon(repository.aeon.nox.silvo)">SetProperty(Notify,True,home)</onclick>
                        <onclick condition="!System.HasAddon(repository.aeon.nox.silvo)">SetProperty(NotifyNoRepo,True,home)</onclick>
                        <onclick condition="!System.HasAddon(repository.aeon.nox.silvo)">ActivateWindow(1126)</onclick>
                        <onclick condition="System.HasAddon(repository.aeon.nox.silvo)">InstallAddon(script.skin.info.service)</onclick>
                        <visible>!System.HasAddon(script.skin.info.service)</visible>
                    </control>
                    <control type="button" id="204">
                        <include>SettingsButtonCommonValues</include>
                        <label>$INFO[System.AddonTitle(script.skin.helper.service)]</label>
                        <label2>$INFO[System.AddonVersion(script.skin.helper.service),v, [COLOR FF00991F]$LOCALIZE[31331][/COLOR]]</label2>
                        <onclick>Addon.OpenSettings(script.skin.helper.service)</onclick>
                        <visible>System.HasAddon(script.skin.helper.service)</visible>
                    </control>
                    <control type="button" id="205">
                        <include>SettingsButtonCommonValues</include>
                        <label>script.skin.helper.service</label>
                        <label2>[COLOR invalid]$LOCALIZE[31332][/COLOR]</label2>
                        <onclick>InstallAddon(script.skin.helper.service)</onclick>
                        <visible>!System.HasAddon(script.skin.helper.service)</visible>
                    </control>
                    <control type="button" id="206">
                        <include>SettingsButtonCommonValues</include>
                        <label>$INFO[System.AddonTitle(script.artwork.downloader)]</label>
                        <label2>$INFO[System.AddonVersion(script.artwork.downloader),v, [COLOR FF00991F]$LOCALIZE[31331][/COLOR]]</label2>
                        <onclick>Addon.OpenSettings(script.artwork.downloader)</onclick>
                        <visible>System.HasAddon(script.artwork.downloader)</visible>
                    </control>
                    <control type="button" id="207">
                        <include>SettingsButtonCommonValues</include>
                        <label>script.artwork.downloader</label>
                        <label2>[COLOR invalid]$LOCALIZE[31332][/COLOR]</label2>
                        <onclick>InstallAddon(script.artwork.downloader)</onclick>
                        <visible>!System.HasAddon(script.artwork.downloader)</visible>
                    </control>
                    <control type="button" id="208">
                        <include>SettingsButtonCommonValues</include>
                        <label>$INFO[System.AddonTitle(script.toolbox)]</label>
                        <label2>$INFO[System.AddonVersion(script.toolbox),v, [COLOR FF00991F]$LOCALIZE[31331][/COLOR]]</label2>
                        <onclick>Addon.OpenSettings(script.toolbox)</onclick>
                        <visible>System.HasAddon(script.toolbox)</visible>
                    </control>
                    <control type="button" id="209">
                        <include>SettingsButtonCommonValues</include>
                        <label>script.toolbox</label>
                        <label2>[COLOR invalid]$LOCALIZE[31332][/COLOR]</label2>
                        <onclick>InstallAddon(script.toolbox)</onclick>
                        <visible>!System.HasAddon(script.toolbox)</visible>
                    </control>
                    <control type="button" id="210">
                        <include>SettingsButtonCommonValues</include>
                        <label>$INFO[System.AddonTitle(script.colorbox)]</label>
                        <label2>$INFO[System.AddonVersion(script.colorbox),v, [COLOR FF00991F]$LOCALIZE[31331][/COLOR]]</label2>
                        <onclick>Addon.OpenSettings(script.colorbox)</onclick>
                        <visible>System.HasAddon(script.colorbox)</visible>
                    </control>
                    <control type="button" id="211">
                        <include>SettingsButtonCommonValues</include>
                        <label>script.colorbox</label>
                        <label2>[COLOR invalid]$LOCALIZE[31332][/COLOR]</label2>
                        <onclick>InstallAddon(script.colorbox)</onclick>
                        <visible>!System.HasAddon(script.colorbox)</visible>
                    </control>
                    <control type="button" id="212">
                        <include>SettingsButtonCommonValues</include>
                        <label>$INFO[System.AddonTitle(script.image.resource.select)]</label>
                        <label2>$INFO[System.AddonVersion(script.image.resource.select),v, [COLOR FF00991F]$LOCALIZE[31331][/COLOR]]</label2>
                        <onclick>Addon.OpenSettings(script.image.resource.select)</onclick>
                        <visible>System.HasAddon(script.image.resource.select)</visible>
                    </control>
                    <control type="button" id="213">
                        <include>SettingsButtonCommonValues</include>
                        <label>script.image.resource.select</label>
                        <label2>[COLOR invalid]$LOCALIZE[31332][/COLOR]</label2>
                        <onclick>InstallAddon(script.image.resource.select)</onclick>
                        <visible>!System.HasAddon(script.image.resource.select)</visible>
                    </control>
                </control>
                <control type="grouplist" id="9003">
                    <description>control area</description>
                    <left>522</left>
                    <top>32</top>
                    <width>1316</width>
                    <height>810</height>
                    <pagecontrol>60</pagecontrol>
                    <onleft>9000</onleft>
                    <onright>60</onright>
                    <onup>9003</onup>
                    <ondown>9003</ondown>
                    <visible>Container(9000).HasFocus(3)</visible>
                    <control type="button" id="300">
                        <include>SettingsButtonCommonValues</include>
                        <label>$INFO[System.AddonTitle(script.tv.show.next.aired)]</label>
                        <label2>$INFO[System.AddonVersion(script.tv.show.next.aired),v, [COLOR FF00991F]$LOCALIZE[31331][/COLOR]]</label2>
                        <onclick>Addon.OpenSettings(script.tv.show.next.aired)</onclick>
                        <visible>System.HasAddon(script.tv.show.next.aired)</visible>
                    </control>
                    <control type="button" id="301">
                        <include>SettingsButtonCommonValues</include>
                        <label>script.tv.show.next.aired</label>
                        <label2>[COLOR invalid]$LOCALIZE[31332][/COLOR]</label2>
                        <onclick>InstallAddon(script.tv.show.next.aired)</onclick>
                        <visible>!System.HasAddon(script.tv.show.next.aired)</visible>
                    </control>
                    <control type="button" id="302">
                        <include>SettingsButtonCommonValues</include>
                        <label>$INFO[System.AddonTitle(script.trakt)]</label>
                        <label2>$INFO[System.AddonVersion(script.trakt),v, [COLOR FF00991F]$LOCALIZE[31331][/COLOR]]</label2>
                        <onclick>Addon.OpenSettings(script.trakt)</onclick>
                        <visible>System.HasAddon(script.trakt)</visible>
                    </control>
                    <control type="button" id="303">
                        <include>SettingsButtonCommonValues</include>
                        <label>script.trakt</label>
                        <label2>[COLOR invalid]$LOCALIZE[31332][/COLOR]</label2>
                        <onclick>InstallAddon(script.trakt)</onclick>
                        <visible>!System.HasAddon(script.trakt)</visible>
                    </control>
                    <control type="button" id="312">
                        <include>SettingsButtonCommonValues</include>
                        <label>$INFO[System.AddonTitle(script.artistslideshow)]</label>
                        <label2>$INFO[System.AddonVersion(script.artistslideshow),v, [COLOR FF00991F]$LOCALIZE[31331][/COLOR]]</label2>
                        <onclick>Addon.OpenSettings(script.artistslideshow)</onclick>
                        <visible>System.HasAddon(script.artistslideshow)</visible>
                    </control>
                    <control type="button" id="313">
                        <include>SettingsButtonCommonValues</include>
                        <label>script.artistslideshow</label>
                        <label2>[COLOR invalid]$LOCALIZE[31332][/COLOR]</label2>
                        <onclick>InstallAddon(script.artistslideshow)</onclick>
                        <visible>!System.HasAddon(script.artistslideshow)</visible>
                    </control>
                    <control type="button" id="304">
                        <include>SettingsButtonCommonValues</include>
                        <label>$INFO[System.AddonTitle(script.cinemavision)]</label>
                        <label2>$INFO[System.AddonVersion(script.cinemavision),v, [COLOR FF00991F]$LOCALIZE[31331][/COLOR]]</label2>
                        <onclick>Addon.OpenSettings(script.cinemavision)</onclick>
                        <visible>System.HasAddon(script.cinemavision)</visible>
                    </control>
                    <control type="button" id="305">
                        <include>SettingsButtonCommonValues</include>
                        <label>script.cinemavision</label>
                        <label2>[COLOR invalid]$LOCALIZE[31332][/COLOR]</label2>
                        <onclick>InstallAddon(script.cinemavision)</onclick>
                        <visible>!System.HasAddon(script.cinemavision)</visible>
                    </control>
                    <control type="button" id="308">
                        <include>SettingsButtonCommonValues</include>
                        <label>$INFO[System.AddonTitle(script.libraryeditor)]</label>
                        <label2>$INFO[System.AddonVersion(script.libraryeditor),v, [COLOR FF00991F]$LOCALIZE[31331][/COLOR]]</label2>
                        <onclick>Addon.OpenSettings(script.libraryeditor)</onclick>
                        <visible>System.HasAddon(script.libraryeditor)</visible>
                    </control>
                    <control type="button" id="309">
                        <include>SettingsButtonCommonValues</include>
                        <label>script.libraryeditor</label>
                        <label2>[COLOR invalid]$LOCALIZE[31332][/COLOR]</label2>
                        <onclick condition="!System.HasAddon(repository.aeon.nox.silvo)">SetProperty(Notify,True,home)</onclick>
                        <onclick condition="!System.HasAddon(repository.aeon.nox.silvo)">SetProperty(NotifyNoRepo,True,home)</onclick>
                        <onclick condition="!System.HasAddon(repository.aeon.nox.silvo)">ActivateWindow(1126)</onclick>
                        <onclick condition="System.HasAddon(repository.aeon.nox.silvo)">InstallAddon(script.libraryeditor)</onclick>
                        <visible>!System.HasAddon(script.libraryeditor)</visible>
                    </control>
                    <control type="button" id="310">
                        <include>SettingsButtonCommonValues</include>
                        <label>$INFO[System.AddonTitle(script.moviesetart)]</label>
                        <label2>$INFO[System.AddonVersion(script.moviesetart),v, [COLOR FF00991F]$LOCALIZE[31331][/COLOR]]</label2>
                        <onclick>Addon.OpenSettings(script.moviesetart)</onclick>
                        <visible>System.HasAddon(script.moviesetart)</visible>
                    </control>
                    <control type="button" id="311">
                        <include>SettingsButtonCommonValues</include>
                        <label>script.moviesetart</label>
                        <label2>[COLOR invalid]$LOCALIZE[31332][/COLOR]</label2>
                        <onclick condition="!System.HasAddon(repository.aeon.nox.silvo)">SetProperty(Notify,True,home)</onclick>
                        <onclick condition="!System.HasAddon(repository.aeon.nox.silvo)">SetProperty(NotifyNoRepo,True,home)</onclick>
                        <onclick condition="!System.HasAddon(repository.aeon.nox.silvo)">ActivateWindow(1126)</onclick>
                        <onclick condition="System.HasAddon(repository.aeon.nox.silvo)">InstallAddon(script.moviesetart)</onclick>
                        <visible>!System.HasAddon(script.moviesetart)</visible>
                    </control>
                </control>
            </control>
        </control>
    </controls>
</window>
