<window>
    <defaultcontrol>1</defaultcontrol>
    <coordinates>
        <system>0</system>
    </coordinates>
    <controls>
        <control type="group">
            <left>1390</left>
            <visible>!Player.Muted</visible>
            <animation effect="slide" start="0,-60" end="0,0" time="200">WindowOpen</animation>
            <animation effect="slide" start="0,0" end="0,-60" time="200">WindowClose</animation>
            <animation effect="slide" start="0,-60" end="0,0" time="200">VisibleChange</animation>
            <control type="image">
                <width>550</width>
                <height>70</height>
                <texture border="40,0,40,35">topbar2.png</texture>
                <visible>[Window.IsActive(fullscreenvideo) | Window.IsActive(visualisation) | Window.isActive(slideshow) | Window.IsActive(home)]</visible>
            </control>
            <control type="label">
                <left>20</left>
                <label></label>
                <aligny>top</aligny>
                <textoffsety>1</textoffsety>
                <include>ButtonTopbarCommonvalues</include>
                <visible>!Player.Passthrough</visible>
            </control>
            <control type="label">
                <left>20</left>
                <label></label>
                <aligny>top</aligny>
                <textoffsety>1</textoffsety>
                <include>ButtonTopbarCommonvalues</include>
                <visible>Player.Passthrough</visible>
            </control>
            <control type="progress">
                <left>80</left>
                <width>450</width>
                <height>34</height>
                <texturebg border="2">osd/texturebg2.png</texturebg>
                <lefttexture />
                <midtexture colordiffuse="$VAR[ThemeLabelColor]" border="2">osd/midtexture.png</midtexture>
                <righttexture />
                <overlaytexture />
                <info>Player.Volume</info>
            </control>
            <control type="progress" id="10">
                <left>80</left>
                <width>450</width>
                <height>34</height>
                <texturebg border="2">osd/texturebg2.png</texturebg>
                <lefttexture />
                <midtexture colordiffuse="$VAR[ThemeLabelColor]" border="2">osd/midtexture.png</midtexture>
                <righttexture />
                <overlaytexture />
                <info>Player.Volume</info>
            </control>
            <control type="label">
                <description>Line 1 Label</description>
                <left>65</left>
                <width>470</width>
                <height>40</height>
                <textoffsetx>15</textoffsetx>
                <font>font13_title</font>
                <textcolor>grey</textcolor>
                <align>right</align>
                <aligny>top</aligny>
                <textoffsety>-4</textoffsety>
                <label>$INFO[Control.GetLabel(10),,%]</label>
            </control>
        </control>
        <control type="group">
            <left>1830</left>
            <animation effect="slide" start="120" end="0,0" time="200">VisibleChange</animation>
            <visible>Player.Muted</visible>
            <control type="image">
                <left>20</left>
                <top>56</top>
                <width>90</width>
                <height>80</height>
                <texture border="40,0,40,35">dialog_bottom2.png</texture>
                <animation effect="rotate" end="-90" center="auto" delay="240" time="640" condition="True">Conditional</animation>
            </control>
            <control type="button">
                <left>6</left>
                <top>73</top>
                <label></label>
                <onclick>Mute</onclick>
                <aligny>top</aligny>
                <textoffsety>2</textoffsety>
                <height>120</height>
                <width>120</width>
                <align>center</align>
                <font>IconMedium</font>
                <textcolor>grey</textcolor>
                <focusedcolor>white</focusedcolor>
                <texturenofocus />
                <shadowcolor>ff000000</shadowcolor>
            </control>
        </control>
    </controls>
</window>
