<window>
    <defaultcontrol always="true">9001</defaultcontrol>
    <coordinates>
        <system>1</system>
        <left>199</left>
        <top>210</top>
    </coordinates>
    <include>DialogOpenCloseAnimation</include>
    <controls>
        <control type="image">
            <description>background image</description>
            <width>1522</width>
            <height>660</height>
            <texture border="40">dialogs/default/bg.png</texture>
        </control>
        <control type="label" id="2">
            <description>header label</description>
            <left>30</left>
            <top>32</top>
            <width>1462</width>
            <height>40</height>
            <font>font15_title</font>
            <label>21421</label>
            <align>center</align>
            <textcolor>dialogheader</textcolor>
        </control>
        <control type="image">
            <left>30</left>
            <top>86</top>
            <width>1140</width>
            <height>542</height>
            <texture border="5">dialogs/default/inner.png</texture>
        </control>
        <control type="button">
            <description>rules label</description>
            <left>31</left>
            <top>88</top>
            <width>1138</width>
            <label>21422</label>
            <disabledcolor>$VAR[ThemeLabelColor]</disabledcolor>
            <enable>no</enable>
            <texturefocus />
        </control>
        <!-- left group -->
        <control type="group" id="9001">
            <control type="image">
                <left>599</left>
                <top>148</top>
                <width>2</width>
                <height>60</height>
                <texture border="1">separator3.png</texture>
            </control>
            <control type="button" id="15">
                <description>Rule Field</description>
                <left>31</left>
                <top>148</top>
                <width>569</width>
                <height>60</height>
                <font>font14</font>
                <textoffsetx>15</textoffsetx>
                <textcolor>grey2</textcolor>
                <onright>16</onright>
                <onleft>9000</onleft>
                <onup>17</onup>
                <ondown>17</ondown>
            </control>
            <control type="label">
                <description>Rule Field label</description>
                <left>31</left>
                <top>148</top>
                <width>569</width>
                <height>60</height>
                <font>font14</font>
                <textoffsetx>15</textoffsetx>
                <label>$INFO[Control.GetLabel(15)]</label>
                <visible>Control.HasFocus(15)</visible>
            </control>
            <control type="button" id="16">
                <description>Rule operator</description>
                <left>600</left>
                <top>148</top>
                <width>569</width>
                <height>60</height>
                <font>font14</font>
                <textoffsetx>15</textoffsetx>
                <textcolor>grey2</textcolor>
                <onright>9000</onright>
                <onleft>15</onleft>
                <onup>17</onup>
                <ondown>17</ondown>
            </control>
            <control type="image">
                <left>858</left>
                <top>208</top>
                <width>2</width>
                <height>60</height>
                <texture border="1">separator3.png</texture>
            </control>
            <control type="edit" id="17">
                <description>Value Button</description>
                <left>31</left>
                <top>208</top>
                <width>828</width>
                <label />
                <onup>15</onup>
                <onleft>9000</onleft>
                <onright>20</onright>
                <ondown>15</ondown>
                <hinttext>$LOCALIZE[31426]</hinttext>
            </control>
            <control type="button" id="20">
                <description>Browse Button</description>
                <left>859</left>
                <top>208</top>
                <width>310</width>
                <label>1024</label>
                <onup>16</onup>
                <onleft>17</onleft>
                <onright>9000</onright>
                <ondown>15</ondown>
            </control>
        </control>
        <!-- right group -->
        <control type="group">
            <left>1182</left>
            <top>88</top>
            <control type="image">
                <left>-1</left>
                <top>-2</top>
                <width>312</width>
                <height>542</height>
                <texture border="5">dialogs/default/inner.png</texture>
            </control>
            <control type="grouplist" id="9000">
                <onup>9000</onup>
                <onleft>9001</onleft>
                <onright>9001</onright>
                <ondown>9000</ondown>
                <control type="button" id="18">
                    <description>Ok Button</description>
                    <width>310</width>
                    <label>186</label>
                </control>
                <control type="button" id="19">
                    <description>Cancel Button</description>
                    <width>310</width>
                    <label>222</label>
                </control>
            </control>
        </control>
    </controls>
</window>
