<window>
    <onload condition="System.HasAddon(script.artistslideshow)">RunScript(script.artistslideshow,daemon=True)</onload>
    <onload condition="System.HasAddon(script.skin.info.service)">RunScript(script.skin.info.service)</onload>
    <onload condition="System.HasAddon(script.skin.helper.service)">Skin.SetBool(SkinHelper.EnableMusicArt)</onload>
    <onload condition="System.HasAddon(script.skin.helper.service)">Skin.SetBool(SkinHelper.EnableExtraFanart)</onload>
    <onload condition="System.HasAddon(script.skin.helper.service)">Skin.SetBool(SkinHelper.EnableAnimatedPosters)</onload>
    <onload condition="!System.HasAddon(script.tv.show.next.aired)">Skin.SetBool(Disable.NextAired)</onload>
    <onload condition="System.HasAddon(script.toolbox)">RunScript(script.toolbox,daemon=True,radius=30)</onload>
    <onload condition="System.HasAddon(script.colorbox)">RunScript(script.colorbox,info=firstrun)</onload>
    <onload condition="String.IsEmpty(Skin.String(Overlay.Toggle))">SetProperty(Overlay.Path,overlays/showcase/,home)</onload>
    <onload condition="String.IsEqual(Skin.String(Overlay.Toggle),both) + !Skin.HasSetting(coloredflags)">SetProperty(Overlay.Path,overlays/showcase/1/,home)</onload>
    <onload condition="String.IsEqual(Skin.String(Overlay.Toggle),both) + Skin.HasSetting(coloredflags)">SetProperty(Overlay.Path,overlays/showcase/4/,home)</onload>
    <onload condition="String.IsEqual(Skin.String(Overlay.Toggle),watched) + !Skin.HasSetting(coloredflags)">SetProperty(Overlay.Path,overlays/showcase/2/,home)</onload>
    <onload condition="String.IsEqual(Skin.String(Overlay.Toggle),watched) + Skin.HasSetting(coloredflags)">SetProperty(Overlay.Path,overlays/showcase/5/,home)</onload>
    <onload condition="String.IsEqual(Skin.String(Overlay.Toggle),unwatched) + !Skin.HasSetting(coloredflags)">SetProperty(Overlay.Path,overlays/showcase/3/,home)</onload>
    <onload condition="String.IsEqual(Skin.String(Overlay.Toggle),unwatched) + Skin.HasSetting(coloredflags)">SetProperty(Overlay.Path,overlays/showcase/6/,home)</onload>
    <onload condition="!Skin.HasSetting(Disable.Resumable)">SetProperty(Overlay.Resumable,True,home)</onload>
    <!-- Intro -->
    <onload condition="!Skin.HasSetting(Disable.StartupIntro)">AlarmClock(Play Intro,PlayMedia(special://skin/extras/intro.mp4,1),00:01,silent)</onload>
    <onload condition="Skin.HasSetting(Disable.StartupIntro)">ReplaceWindow($INFO[System.StartupWindow])</onload>
    <onunload condition="!Skin.HasSetting(Disable.StartupIntro)">PlayerControl(Stop)</onunload>
    <defaultcontrol condition="!Skin.HasSetting(Disable.StartupIntro)">10</defaultcontrol>
    <controls>
        <control type="button" id="10">
            <include>HiddenObject</include>
            <onup>ReplaceWindow($INFO[System.StartupWindow])</onup>
            <ondown>ReplaceWindow($INFO[System.StartupWindow])</ondown>
            <onleft>ReplaceWindow($INFO[System.StartupWindow])</onleft>
            <onright>ReplaceWindow($INFO[System.StartupWindow])</onright>
            <onclick>ReplaceWindow($INFO[System.StartupWindow])</onclick>
            <onfocus>ReplaceWindow($INFO[System.StartupWindow])</onfocus>
            <animation effect="fade" end="100" time="16000">Focus</animation>
        </control>
        <control type="videowindow">
            <include>FullscreenDimensions</include>
            <visible>Player.HasVideo</visible>
        </control>
    </controls>
</window>
