<?xml version="1.0" encoding="UTF-8"?>
<window>
  <defaultcontrol always="true">50</defaultcontrol>
  <allowoverlay>no</allowoverlay>
  <views>50,56</views>
  <controls>
    <control type="group">
      <include>Animation_SettingsFade</include>
      <control type="largeimage">
        <include>Dimensions_Fullscreen</include>
        <texture background="true" fallback="special://skin/backdrops/addons2.jpg">$INFO[ListItem.Property(Fanart_Image)]</texture>
        <aspectratio>scale</aspectratio>
        <fadetime>400</fadetime>
        <include>Animation_BackdropFade</include>
        <visible></visible>
      </control>
      <control type="image">
        <include>Dimensions_Fullscreen</include>
        <texture border="20">special://skin/backgrounds/addons.jpg</texture>
        <visible>[Control.IsVisible(56) | Control.IsVisible(50)] + !Window.IsVisible(146)</visible>
      </control>
      <include>CommonMediaPlayingBackground</include>
    </control>
    <control type="group">
      <include>Viewtype_Addons</include>
      <!--  55  -->
      <include>Viewtype_3daddon</include>
      <!--  56  -->
    </control>
    <control type="group">
      <left>-839</left>
      <include>SideBladeLeft</include>
      <control type="image">
        <description>LOGO</description>
        <left>579</left>
        <top>30</top>
        <width>220</width>
        <height>60</height>
        <aspectratio>keep</aspectratio>
        <colordiffuse>mainblue</colordiffuse>
        <texture>neon.png</texture>
      </control>
      <control type="grouplist" id="7000">
        <left>579</left>
        <top>130</top>
        <include>WindowMenuVars_Vertical</include>
        <control type="label" id="200">
          <width>250</width>
          <height>35</height>
          <font>font12caps</font>
          <label>$LOCALIZE[31513]</label>
          <textcolor>mainblue</textcolor>
          <align>center</align>
          <aligny>center</aligny>
        </control>
        <control type="image" id="230">
          <description>separator</description>
          <width>240</width>
          <aspectratio>keep</aspectratio>
          <colordiffuse>mainblue</colordiffuse>
          <texture>separator2.png</texture>
        </control>
        <control type="button" id="2">
          <description>View As button</description>
          <include>WindowMenuButton_Vertical</include>
          <label>-</label>
        </control>
        <control type="button" id="3">
          <description>Sort by button</description>
          <include>WindowMenuButton_Vertical</include>
          <label>103</label>
        </control>
        <control type="togglebutton" id="4">
          <include>WindowMenuButton_Vertical</include>
          <!-- Sort Ascending -->
          <label>$LOCALIZE[31511]</label>
          <!-- Sort Descending -->
          <altlabel>$LOCALIZE[31512]</altlabel>
        </control>
        <control type="label" id="201">
          <width>250</width>
          <height>35</height>
          <font>font12caps</font>
          <label>$LOCALIZE[24002]</label>
          <textcolor>mainblue</textcolor>
          <align>center</align>
          <aligny>center</aligny>
        </control>
        <control type="image" id="231">
          <description>separator</description>
          <width>240</width>
          <aspectratio>keep</aspectratio>
          <colordiffuse>mainblue</colordiffuse>
          <texture>separator2.png</texture>
        </control>
        <control type="button" id="5">
          <description>Enable auto-updates</description>
          <include>WindowMenuButton_Vertical</include>
          <label>24063</label>
        </control>
        <control type="radiobutton" id="6">
          <description>No notifications</description>
          <include>WindowMenuButton_Vertical</include>
          <label>25000</label>
        </control>
        <control type="radiobutton" id="7">
          <description>Hide foreign</description>
          <include>WindowMenuButton_Vertical</include>
          <label>25001</label>
        </control>
        <control type="radiobutton" id="8">
          <description>Hide broken</description>
          <include>WindowMenuButton_Vertical</include>
          <label>24999</label>
        </control>
        <include>CommonNowPlaying_Controls</include>
      </control>
    </control>
    <include>Time</include>
  </controls>
</window>