<?xml version="1.0" encoding="UTF-8"?>
<!--Alaska-->
<window>
  <defaultcontrol>50</defaultcontrol>
  <allowoverlay>yes</allowoverlay>
  <views>50,511,513,598,599,512,56,58,51,52,54,53,503,500,506,509,633</views>
  <controls>
    <control type="image">
      <description>album and song level fanart</description>
      <left>0</left>
      <top>0</top>
      <width>1280</width>
      <height>720</height>
      <texture background="true" fallback="special://skin/backgrounds/music.jpg">$INFO[ListItem.Property(Fanart_Image)]</texture>
      <aspectratio>scale</aspectratio>
      <fadetime>400</fadetime>
      <include>Animation_BackdropFade</include>
      <include>global_kenburns_fanart</include>
      <visible>![Control.IsVisible(54) | Control.IsVisible(53) | Control.IsVisible(51) | Control.IsVisible(52)]</visible>
    </control>
    <control type="image">
      <description>artist level fanart</description>
      <left>0</left>
      <top>0</top>
      <width>1280</width>
      <height>720</height>
      <texture background="true" fallback="special://skin/backgrounds/music.jpg">$INFO[ListItem.Property(Fanart_Image)]</texture>
      <aspectratio>scale</aspectratio>
      <fadetime>400</fadetime>
      <include>Animation_BackdropFade</include>
      <include>global_kenburns_fanart</include>
      <visible>[Control.IsVisible(54) | Control.IsVisible(53) | Control.IsVisible(51) | Control.IsVisible(52) | Control.IsVisible(506)]</visible>
    </control>
    <control type="image">
      <description>album and song level fanart</description>
      <left>0</left>
      <top>0</top>
      <width>1280</width>
      <height>720</height>
      <texture>backgrounds/music.jpg</texture>
      <aspectratio>scale</aspectratio>
      <fadetime>400</fadetime>
      <include>Animation_BackdropFade</include>
      <include>global_kenburns_fanart</include>
      <visible>IsEmpty(ListItem.Property(Fanart_Image))</visible>
    </control>
    <include>CommonMediaPlayingBackground</include>
    <control type="group">
      <include>Viewtype_Files</include> <!-- 50 -->
      <include>MusicVideoInfoListView</include> <!-- 511 -->
      <include>AlbumInfoListView</include> <!-- 513 -->
      <include>Viewtype_SlimFiles</include> <!-- 598 -->
      <include>Viewtype_MusicLogo</include> <!-- 599 -->
      <include>ArtistMediaListView</include> <!-- 512 -->
      <include>Viewtype_3daddon</include> <!-- 56 -->
      <include>Viewtype_MusicShowcase</include> <!-- 58 -->
      <include>Viewtype_Shelf</include> <!-- 51 -->
      <include>Viewtype_Songs</include> <!-- 52 -->
      <include>Viewtype_JukeBox</include> <!-- 54 -->
      <include>Viewtype_List</include> <!-- 53 -->
      <include>MediaListView3</include> <!--  view id 503  -->
      <include>ThumbnailView</include> <!-- 500 -->
      <include>MusicInfoListView</include> <!-- 506 -->
      <!--<include>AlbumWrapView2_Fanart</include>  -->  <!-- 509 Need to fix this view and remove hidden aspect -->
      <include>Viewtype_Landscape_Fanart</include> <!-- 633 -->
      <include>ScrollOffsetLabel</include>
    </control>
    <control type="group">
      <include>Animation_HiddenByInfo</include>
      <include>RSS_Music</include>
    </control>    
    <control type="group">
      <left>-839</left>
      <include>SideBladeLeft</include>
      <control type="image">
        <description>LOGO</description>
        <left>579</left>
        <top>30</top>
        <width>220</width>
        <height>60</height>
        <aspectratio>keep</aspectratio>
        <colordiffuse>mainblue</colordiffuse>
        <texture>neon.png</texture>
      </control>
      <control type="grouplist" id="7000">
        <left>579</left>
        <top>130</top>
        <include>WindowMenuVars_Vertical</include>
        <control type="label" id="200">
          <width>250</width>
          <height>35</height>
          <font>Font_Neon_26</font>
          <label>$LOCALIZE[31513]</label>
          <textcolor>mainblue</textcolor>
          <align>center</align>
          <aligny>center</aligny>
        </control>
        <control type="image" id="230">
          <description>separator</description>
          <width>240</width>
          <aspectratio>keep</aspectratio>
          <colordiffuse>mainblue</colordiffuse>
          <texture>separator2.png</texture>
        </control>
        <control type="button" id="2">
          <include>WindowMenuButton_Vertical</include>
          <description>View As button</description>
          <textwidth>235</textwidth>
          <label>-</label>
        </control>
        <control type="togglebutton" id="26">
          <description>Toggle MoviesFanart</description>
          <include>WindowMenuButton_Vertical</include>
          <label>$LOCALIZE[31086]</label>
          <altlabel>$LOCALIZE[31094]</altlabel>
          <onclick>Skin.ToggleSetting(MusicShowcaseFanart)</onclick>
          <visible>Control.IsVisible(58)</visible>
        </control>
        <control type="togglebutton" id="28">
          <description>Toggle MoviesFanart</description>
          <include>WindowMenuButton_Vertical</include>
          <label>$LOCALIZE[31086]</label>
          <altlabel>$LOCALIZE[31214]</altlabel>
          <onclick>Skin.ToggleSetting(3dmusic_Fanart)</onclick>
          <visible>Control.IsVisible(56)</visible>
        </control>
        <control type="togglebutton" id="29">
          <description>Toggle MoviesFanart</description>
          <include>WindowMenuButton_Vertical</include>
          <label>$LOCALIZE[31086]</label>
          <altlabel>$LOCALIZE[31214]</altlabel>
          <onclick>Skin.ToggleSetting(music_files_fanart)</onclick>
          <visible>Control.IsVisible(50)</visible>
        </control>
        <control type="togglebutton" id="30">
          <description>Toggle Music Icon/Logo</description>
          <include>WindowMenuButton_Vertical</include>
          <label>$LOCALIZE[31287]</label>
          <altlabel>$LOCALIZE[31268]</altlabel>
          <onclick>Skin.ToggleSetting(MusicLogo)</onclick>
          <visible>Control.IsVisible(598)</visible>
        </control>
        <control type="button" id="3">
          <include>WindowMenuButton_Vertical</include>
          <label>103</label>
        </control>
        <control type="togglebutton" id="4">
          <include>WindowMenuButton_Vertical</include>
          <!-- Sort Ascending -->
          <label>$LOCALIZE[31511]</label>
          <!-- Sort Descending -->
          <altlabel>$LOCALIZE[31512]</altlabel>
        </control>
        <control type="radiobutton" id="99">
          <include>WindowMenuButton_Vertical</include>
          <description>Library button</description>
          <label>$LOCALIZE[29800]</label>
          <onclick>ReplaceWindow(MusicFiles)</onclick>
          <selected>Window.IsVisible(MusicLibrary)</selected>
        </control>
        <control type="edit" id="19">
          <include>WindowMenuButton_Vertical</include>
          <description>Filter</description>
          <textwidth>230</textwidth>
          <label>587</label>
          <visible>Container.CanFilter + !Container.CanFilterAdvanced</visible>
        </control>
        <control type="radiobutton" id="98">
          <include>WindowMenuButton_Vertical</include>
          <description>Filter</description>
          <label>587</label>
          <selected>Container.Filtered</selected>
          <onclick>right</onclick>
          <onclick>Filter</onclick>
          <visible>Container.CanFilterAdvanced</visible>
        </control>
        <control type="label" id="201">
          <width>250</width>
          <height>35</height>
          <font>font12caps</font>
          <label>31026</label>
          <textcolor>mainblue</textcolor>
          <align>center</align>
          <aligny>center</aligny>
        </control>
        <control type="image" id="231">
          <description>separator</description>
          <width>240</width>
          <aspectratio>keep</aspectratio>
          <colordiffuse>mainblue</colordiffuse>
          <texture>separator2.png</texture>
        </control>
        <control type="button" id="8">
          <include>WindowMenuButton_Vertical</include>
          <description>Search</description>
          <label>137</label>
        </control>
        <control type="radiobutton" id="16">
          <include>WindowMenuButton_Vertical</include>
          <label>589</label>
        </control>
        <control type="label" id="203">
          <width>250</width>
          <height>35</height>
          <font>font12caps</font>
          <label>31028</label>
          <textcolor>mainblue</textcolor>
          <align>center</align>
          <aligny>center</aligny>
        </control>
        <control type="image" id="233">
          <description>separator</description>
          <left>0</left>
          <top>240</top>
          <width>240</width>
          <aspectratio>keep</aspectratio>
          <colordiffuse>mainblue</colordiffuse>
          <texture>separator2.png</texture>
        </control>
        <control type="togglebutton" id="20">
          <include>WindowMenuButton_Vertical</include>
          <description>Update library</description>
          <textwidth>235</textwidth>
          <label>653</label>
          <altlabel>13353</altlabel>
          <usealttexture>library.isscanningvideo</usealttexture>
        </control>
        <include>CommonNowPlaying_Controls</include>
      </control>
    </control>
    <include>Time</include>
    <include>Library Totals</include>
    <!--<include>Global_RSS</include>-->
  </controls>
</window>