<?xml version="1.0" encoding="UTF-8"?>
<window>
  <defaultcontrol always="true">9001</defaultcontrol>
  <allowoverlay>no</allowoverlay>
  <coordinates>
    <system>1</system>
    <left>240</left>
    <top>220</top>
  </coordinates>
  <controls>
    <control type="image">
      <description>background image</description>
      <left>0</left>
      <top>0</top>
      <width>800</width>
      <height>280</height>
      <texture>DialogBack.png</texture>
    </control>
    <control type="label">
      <description>header label</description>
      <left>20</left>
      <top>18</top>
      <width>760</width>
      <height>30</height>
      <font>Font_Bartowski_Smaller_MenuValue</font>
      <label>[B]$LOCALIZE[21421][/B]</label>
      <align>center</align>
      <aligny>center</aligny>
      <textcolor>white</textcolor>
    </control>
    <control type="image">
      <left>50</left>
      <top>56</top>
      <width>740</width>
      <height>4</height>
      <texture>common/separator.png</texture>
    </control>
    <control type="label">
      <description>Rule match label</description>
      <left>40</left>
      <top>60</top>
      <width>720</width>
      <height>35</height>
      <align>center</align>
      <aligny>center</aligny>
      <font>Font_Bartowski_Smaller_MenuValue</font>
      <textcolor>white</textcolor>
      <label>21422</label>
    </control>
    <control type="group" id="9001">
      <control type="spincontrolex" id="15">
        <description>Rule Field</description>
        <left>20</left>
        <top>100</top>
        <width>375</width>
        <height>40</height>
        <font>-</font>
        <colordiffuse>mainblue</colordiffuse>
        <texturefocus border="3">button-focus.png</texturefocus>
        <texturenofocus border="3">button-nofocus.png</texturenofocus>
        <onright>16</onright>
        <onleft>16</onleft>
        <onup>9000</onup>
        <ondown>17</ondown>
      </control>
      <control type="label">
        <description>Rule Field label</description>
        <left>25</left>
        <top>100</top>
        <width>300</width>
        <height>40</height>
        <font>Font_Neon_20</font>
        <label>$INFO[Control.GetLabel(15)]</label>
        <align>left</align>
        <aligny>center</aligny>
        <textcolor>white</textcolor>
        <visible>!Control.HasFocus(15)</visible>
      </control>
      <control type="label">
        <description>Rule Field label</description>
        <left>25</left>
        <top>100</top>
        <width>300</width>
        <height>40</height>
        <font>Font_Neon_20</font>
        <label>$INFO[Control.GetLabel(15)]</label>
        <align>left</align>
        <aligny>center</aligny>
        <textcolor>white</textcolor>
        <visible>Control.HasFocus(15)</visible>
      </control>
      <control type="spincontrolex" id="16">
        <description>Rule operator</description>
        <left>405</left>
        <top>100</top>
        <width>375</width>
        <height>40</height>
        <font>-</font>
        <colordiffuse>mainblue</colordiffuse>
        <texturefocus border="3">button-focus.png</texturefocus>
        <texturenofocus border="3">button-nofocus.png</texturenofocus>
        <onright>15</onright>
        <onleft>15</onleft>
        <onup>9000</onup>
        <ondown>17</ondown>
      </control>
      <control type="label">
        <description>Rule Field label</description>
        <left>410</left>
        <top>100</top>
        <width>300</width>
        <height>40</height>
        <font>Font_Neon_20</font>
        <label>$INFO[Control.GetLabel(16)]</label>
        <align>left</align>
        <aligny>center</aligny>
        <textcolor>white</textcolor>
        <visible>!Control.HasFocus(16)</visible>
      </control>
      <control type="label">
        <description>Rule Field label</description>
        <left>410</left>
        <top>100</top>
        <width>300</width>
        <height>40</height>
        <font>Font_Neon_20</font>
        <label>$INFO[Control.GetLabel(16)]</label>
        <align>left</align>
        <aligny>center</aligny>
        <textcolor>white</textcolor>
        <visible>Control.HasFocus(16)</visible>
      </control>
    </control>
    <control type="image">
      <description>textbox image</description>
      <left>12</left>
      <top>150</top>
      <width>585</width>
      <height>50</height>
      <colordiffuse>mainblue</colordiffuse>
      <texture>common/textbox.png</texture>
      <visible>!Control.HasFocus(17)</visible>
    </control>
    <control type="edit" id="17">
      <description>Value Button</description>
      <left>18</left>
      <top>160</top>
      <width>574</width>
      <height>34</height>
      <font>Font_KeyboardEdit</font>
      <textcolor>white</textcolor>
      <focusedcolor>white</focusedcolor>
      <colordiffuse>mainblue</colordiffuse>
      <texturefocus>button-focus.png</texturefocus>
      <align>center</align>
      <label>-</label>
      <onup>9001</onup>
      <onleft>20</onleft>
      <onright>20</onright>
      <ondown>9000</ondown>
    </control>
    <control type="button" id="20">
      <description>Browse Button</description>
      <left>610</left>
      <top>156</top>
      <width>170</width>
      <height>40</height>
      <align>center</align>
      <aligny>center</aligny>
      <textcolor>white</textcolor>
      <focusedcolor>white</focusedcolor>
      <colordiffuse>mainblue</colordiffuse>
      <texturefocus>button-focus.png</texturefocus>
      <label>1024</label>
      <font>Font_KeyboardEdit</font>
      <onup>9001</onup>
      <onleft>17</onleft>
      <onright>17</onright>
      <ondown>9000</ondown>
    </control>
    <control type="group" id="9000">
      <control type="button" id="18">
        <description>Ok Button</description>
        <left>195</left>
        <top>210</top>
        <width>200</width>
        <height>40</height>
        <align>center</align>
        <aligny>center</aligny>
        <font>Font_Neon_25</font>
        <textcolor>white</textcolor>
        <focusedcolor>white</focusedcolor>
        <colordiffuse>mainblue</colordiffuse>
        <texturefocus>button-focus.png</texturefocus>
        <label>186</label>
        <onup>17</onup>
        <onleft>19</onleft>
        <onright>19</onright>
        <ondown>9001</ondown>
      </control>
      <control type="button" id="19">
        <description>Cancel Button</description>
        <left>405</left>
        <top>210</top>
        <width>200</width>
        <height>40</height>
        <align>center</align>
        <aligny>center</aligny>
        <font>Font_Neon_25</font>
        <textcolor>white</textcolor>
        <focusedcolor>white</focusedcolor>
        <colordiffuse>mainblue</colordiffuse>
        <texturefocus>button-focus.png</texturefocus>
        <label>222</label>
        <onup>17</onup>
        <onleft>18</onleft>
        <onright>19</onright>
        <ondown>9001</ondown>
      </control>
    </control>
  </controls>
</window>