<?xml version="1.0" encoding="UTF-8"?>
<window>
	<defaultcontrol>1</defaultcontrol>
	<coordinates>
		<system>0</system>
	</coordinates>
	<controls>
		<control type="group">
			<top>0</top>
			<left>620</left>
			<align>center</align>
			<width>1920</width>
			<visible>!Player.Muted</visible>
			<animation effect="fade" start="0" end="100" time="300">WindowOpen</animation>
			<animation effect="fade" start="100" end="0" time="300">WindowClose</animation>
			<control type="image">
				<width>690</width>
				<height>40</height>
				<align>center</align>
				<aspectratio>keep</aspectratio>
				<texture>$INFO[Control.GetLabel(32),volume/y,.png]</texture>
			</control>
			<control type="progress" id="32">
				<left>-10000</left>
				<width>22</width>
				<height>1</height>
				<info>Player.Volume</info>
			</control>
		</control>
		<control type="group">
			<left>940</left>
			<animation effect="slide" start="0,-20" end="0,0" time="200">Change</animation>
			<visible>Player.Muted</visible>
			
			<control type="button">
				<left>6</left>
				<top>0</top>
				<label></label>
				<onclick>Mute</onclick>
				<aligny>top</aligny>
				<textoffsety>2</textoffsety>
				<height>110</height>
				<width>110</width>
				<align>center</align>
				<font>IconMedium</font>
				<textcolor>grey</textcolor>
				<focusedcolor>white</focusedcolor>
				<texturenofocus />
				<shadowcolor>ff000000</shadowcolor>
			</control>
		</control>
	</controls>
</window>