<?xml version="1.0" encoding="UTF-8"?>
<includes>
	<include name="EpgTimelineStandard">
		<control type="group">
			<description>TV Guide Timeline</description>
			<include>VisibleFadeAnimation</include>
			<include>WindowOpenCloseAnimation</include>
			<top>128</top>
			<include>SystemCenterPanel</include>
			<control type="epggrid" id="10">
				<description>EPG Grid</description>
				<left>82</left>
				<top>32</top>
				<width>1750</width>
				<height>585</height>
				<pagecontrol>60</pagecontrol>
				<scrolltime tween="quadratic" easing="out">200</scrolltime>
				<timeblocks>20</timeblocks>
				<progresstexture border="0,20,18,14">new_pvr/PVR-EpgProgressIndicator.png</progresstexture>
				<rulerunit>6</rulerunit>
				<onleft>10</onleft>
				<onright>10</onright>
				<onup>10</onup>
				<ondown>10</ondown>
				<onback>SetProperty(MediaMenu,True,home)</onback>
				<onback>28</onback>
				<viewtype label="19032">list</viewtype>
				<rulerlayout height="45" width="60">
					<control type="label" id="2">
						<width>60</width>
						<height>45</height>
						<font>font13</font>
						<textcolor>labelheader</textcolor>
						<textoffsetx>5</textoffsetx>
						<selectedcolor>selected</selectedcolor>
						<label>$INFO[ListItem.Label]</label>
					</control>
					<control type="image">
						<width>393</width>
						<height>45</height>
						<texture border="1">separator2.png</texture>
						<visible>false</visible>
					</control>
				</rulerlayout>
				<channellayout height="60" width="440">
					<control type="image">
						<posy>1</posy>
						<width>440</width>
						<height>60</height>
						<texture border="1">separator2.png</texture>
					</control>
					<control type="label">
						<width>60</width>
						<height>60</height>
						<font>font15</font>
						<align>center</align>
						<textcolor>white2</textcolor>
						<selectedcolor>selected</selectedcolor>
						<label>$INFO[ListItem.ChannelNumber]</label>
					</control>
					<control type="label">
						<posx>60</posx>
						<width>400</width>
						<height>60</height>
						<font>font15</font>
						<textoffsetx>15</textoffsetx>
						<textcolor>white2</textcolor>
						<selectedcolor>selected</selectedcolor>
						<label>$INFO[ListItem.ChannelName]</label>
						<visible>String.IsEmpty(ListItem.Icon) | String.IsEmpty(Skin.String(LiveTV.EpgViewChannels))</visible>
					</control>
					<control type="label">
						<posx>138</posx>
						<width>300</width>
						<height>60</height>
						<font>font15</font>
						<textoffsetx>15</textoffsetx>
						<textcolor>white2</textcolor>
						<selectedcolor>selected</selectedcolor>
						<label>$INFO[ListItem.ChannelName]</label>
						<visible>String.IsEqual(Skin.String(LiveTV.EpgViewChannels),2) + !String.IsEmpty(ListItem.Icon)</visible>
					</control>
					<control type="image">
						<posx>70</posx>
						<posy>2</posy>
						<width>65</width>
						<height>56</height>
						<aspectratio align="left">keep</aspectratio>
						<fadetime>400</fadetime>
						<texture background="true">$INFO[ListItem.Icon]</texture>
						<visible>String.IsEqual(Skin.String(LiveTV.EpgViewChannels),2) + !String.IsEmpty(ListItem.Icon)</visible>
					</control>
					<control type="image">
						<posx>70</posx>
						<posy>1</posy>
						<width>200</width>
						<height>58</height>
						<aspectratio align="left">keep</aspectratio>
						<fadetime>400</fadetime>
						<texture background="true">$INFO[ListItem.Icon]</texture>
						<visible>String.IsEqual(Skin.String(LiveTV.EpgViewChannels),1) + !String.IsEmpty(ListItem.Icon)</visible>
					</control>
				</channellayout>
				<focusedchannellayout height="60" width="440">
					<control type="image">
						<posy>0</posy>
						<width>440</width>
						<height>60</height>
						<texture border="1">separator2.png</texture>
					</control>
					<control type="image">
						<width>460</width>
						<height>60</height>
						<texture border="4">darky.png</texture>
					</control>
					<control type="label">
						<width>60</width>
						<height>60</height>
						<font>font15</font>
						<align>center</align>
						    <textcolor>black</textcolor>
						    <selectedcolor>selected</selectedcolor>
						<label>$INFO[ListItem.ChannelNumber]</label>
					</control>
					<control type="label" id="1">
						<posx>60</posx>
						<width>380</width>
						<height>60</height>
						<font>font15</font>
						<textoffsetx>15</textoffsetx>
						    <textcolor>black</textcolor>
						    <selectedcolor>selected</selectedcolor>
						<label>$INFO[ListItem.ChannelName]</label>
						<visible>String.IsEmpty(Skin.String(LiveTV.EpgViewChannels)) | String.IsEmpty(ListItem.Icon)</visible>
					</control>
					<control type="label">
						<posx>138</posx>
						<width>300</width>
						<height>60</height>
						<font>font15</font>
						<textoffsetx>15</textoffsetx>
						    <textcolor>black</textcolor>
						    <selectedcolor>selected</selectedcolor>
						<label>$INFO[ListItem.ChannelName]</label>
						<visible>String.IsEqual(Skin.String(LiveTV.EpgViewChannels),2) + !String.IsEmpty(ListItem.Icon)</visible>
					</control>
					<control type="image">
						<posx>70</posx>
						<posy>2</posy>
						<width>65</width>
						<height>56</height>
						<aspectratio align="left">keep</aspectratio>
						<fadetime>400</fadetime>
						<texture background="true">$INFO[ListItem.Icon]</texture>
						<visible>String.IsEqual(Skin.String(LiveTV.EpgViewChannels),2) + !String.IsEmpty(ListItem.Icon)</visible>
					</control>
					<control type="image">
						<posx>70</posx>
						<posy>1</posy>
						<width>200</width>
						<height>58</height>
						<aspectratio align="left">keep</aspectratio>
						<fadetime>400</fadetime>
						<texture background="true">$INFO[ListItem.Icon]</texture>
						<visible>String.IsEqual(Skin.String(LiveTV.EpgViewChannels),1) + !String.IsEmpty(ListItem.Icon)</visible>
					</control>
				</focusedchannellayout>
				<itemlayout height="60" width="120">
					<control type="image" id="1">
						<width>120</width>
						<height>60</height>
						<aspectratio>stretch</aspectratio>
						<texture border="1">new_pvr/epg-item.png</texture>
					</control>
					<control type="image" id="1">
						<width>120</width>
						<height>60</height>
						<aspectratio>stretch</aspectratio>
						<texture border="3">$INFO[ListItem.Property(GenreType),overlays/pvr/genres/,.png]</texture>
					</control>
					<control type="image" id="2">
						<width>120</width>
						<height>60</height>
						<aspectratio>stretch</aspectratio>
						<texture border="3" fallback="overlays/pvr/genres/0.png">overlays/pvr/genres/$INFO[ListItem.Genre].png</texture>
						<visible>!Control.IsVisible(1)</visible>
					</control>
					<control type="group">
						<visible>[ListItem.HasTimer | ListItem.IsRecording]</visible>
						<control type="label">
							<posy>0</posy>
							<width>120</width>
							<height>60</height>
							<font>IconSmall</font>
							<textoffsetx>14</textoffsetx>
							<textcolor>themecolor</textcolor>
							<selectedcolor>selected</selectedcolor>
							<label></label>
							<visible>ListItem.HasTimer + !ListItem.IsRecording</visible>
						</control>
						<control type="label">
							<posy>0</posy>
							<width>120</width>
							<height>60</height>
							<font>IconSmall</font>
							<textoffsetx>14</textoffsetx>
							<textcolor>DDFF0000</textcolor>
							<selectedcolor>selected</selectedcolor>
							<label></label>
							<visible>ListItem.IsRecording</visible>
						</control>
					</control>
					<control type="label" id="1">
						<width>120</width>
						<height>60</height>
						<font>font15</font>
						<textoffsetx>15</textoffsetx>
						<textcolor>white2</textcolor>
						<selectedcolor>selected</selectedcolor>
						<label>$INFO[ListItem.Label]</label>
						<animation effect="slide" start="0,0" end="40,0" time="0" tween="sine" easing="in" condition="[ListItem.HasTimer | ListItem.IsRecording]">Conditional</animation>
					</control>
				</itemlayout>
				<focusedlayout height="60" width="120">
					<control type="image" id="14">
						<texture border="1">listselect_fo.png</texture>
					</control>
					<control type="group">
						<!-- <visible>[ListItem.HasTimer | ListItem.IsRecording]</visible> -->
						<control type="label">
							<posy>0</posy>
							<width>120</width>
							<height>60</height>
							<font>IconSmall</font>
							<textoffsetx>15</textoffsetx>
						    <textcolor>black</textcolor>
						    <selectedcolor>selected</selectedcolor>
							<label></label>
							<visible>ListItem.HasTimer + !ListItem.IsRecording</visible>
						</control>
						<control type="label">
							<posy>0</posy>
							<width>120</width>
							<height>60</height>
							<font>IconSmall</font>
							<textoffsetx>14</textoffsetx>
						    <textcolor>black</textcolor>
						    <selectedcolor>selected</selectedcolor>
							<label></label>
							<visible>ListItem.IsRecording</visible>
						</control>
					</control>
					<control type="label" id="1">
						<width>120</width>
						<height>60</height>
						<font>font15</font>
						<textoffsetx>15</textoffsetx>
						    <textcolor>black</textcolor>
						    <selectedcolor>selected</selectedcolor>
						<label>$INFO[ListItem.Label]</label>
						<animation effect="slide" start="0,0" end="40,0" time="0" tween="sine" easing="in" condition="[ListItem.HasTimer | ListItem.IsRecording]">Conditional</animation>
					</control>
				</focusedlayout>
			</control>
			<control type="scrollbar" id="60">
				<left>1838</left>
				<top>32</top>
				<width>14</width>
				<height>585</height>
				<texturesliderbackground />
				<texturesliderbar colordiffuse="55ffffff" border="1">scrollbar/texturesliderbar2.png</texturesliderbar>
				<texturesliderbarfocus border="1">scrollbar/texturesliderbar2.png</texturesliderbarfocus>
				<showonepage>false</showonepage>
				<orientation>vertical</orientation>
				<onleft>10</onleft>
				<onright>SetProperty(MediaMenu,True,home)</onright>
				<onright>SetFocus(9050)</onright>
			</control>
			<control type="image">
				<posx>82</posx>
				<posy>17</posy>
				<width>1755</width>
				<height>60</height>
				<texture border="1">separator2.png</texture>
			</control>
			<control type="image">
				<posx>520</posx>
				<posy>558</posy>
				<width>1319</width>
				<height>60</height>
				<texture border="1">separator2.png</texture>
			</control>
			<control type="group">
				<visible>Control.IsVisible(10) + !String.IsEmpty(ListItem.Icon)</visible>
				<posx>83</posx>
				<posy>617</posy>
				<control type="image">
					<posx>110</posx>
					<posy>30</posy>
					<width>200</width>
					<height>200</height>
					<aspectratio>keep</aspectratio>
					<fadetime>400</fadetime>
					<texture>$INFO[ListItem.Icon]</texture>
				</control>
			</control>
			<control type="group">
				<visible>Control.IsVisible(10)</visible>
				<posx>522</posx>
				<posy>617</posy>
				<control type="label">
					<posx>0</posx>
					<posy>15</posy>
					<width>1316</width>
					<height>30</height>
					<font>font15</font>
					<textcolor>white2</textcolor>
					<textoffsetx>15</textoffsetx>
					<label>[COLOR labelheader]$INFO[ListItem.StartTime]$INFO[ListItem.EndTime, - ,: ][/COLOR]$INFO[ListItem.Title]     $INFO[ListItem.Genre,[COLOR labelheader]$LOCALIZE[515]:[/COLOR] ,]</label>
				</control>
				<control type="textbox" id="81">
					<label>$INFO[ListItem.Plot]</label>
					<posx>15</posx>
					<posy>50</posy>
					<width>1286</width>
					<height>200</height>
					<font>font15_textbox</font>
					<autoscroll time="3000" delay="4000" repeat="5000">true</autoscroll>
					<visible>![String.StartsWith(ListItem.PlotOutline,"http://") | String.StartsWith(ListItem.PlotOutline,"https://")]</visible>
				</control>
				<control type="textbox" id="81">
					<posx>15</posx>
					<posy>50</posy>
					<width>985</width>
					<height>200</height>
					<font>font15_textbox</font>
					<label>$INFO[ListItem.Plot]</label>
					<autoscroll time="3000" delay="4000" repeat="5000">true</autoscroll>
					<visible>[String.StartsWith(ListItem.PlotOutline,"http://") | String.StartsWith(ListItem.PlotOutline,"https://")]</visible>
				</control>
				<control type="image">
					<left>1000</left>
					<top>15</top>
					<width>300</width>
					<height>220</height>
					<align>center</align>
					<aspectratio>keep</aspectratio>
					<texture>$INFO[ListItem.PlotOutline]</texture>
					<visible>[String.StartsWith(ListItem.PlotOutline,"http://") | String.StartsWith(ListItem.PlotOutline,"https://")]</visible>
				</control>
			</control>
		</control>
	</include>
	<include name="EpgTimelineMinified">
		<control type="group">
			<description>TV Guide Timeline</description>
			<animation condition="Skin.HasSetting(alternatetvosd)" effect="fade" start="0" end="100" time="300" easing="out">WindowOpen</animation>
			<animation condition="Skin.HasSetting(alternatetvosd)" effect="fade" start="100" end="0" time="300" easing="in">WindowClose</animation>
			<top>750</top>
			<control type="image">
				<left>-40</left>
				<width>2000</width>
				<height>350</height>
				<texture border="25">darky_flow.png</texture>
			</control>
			<control type="epggrid" id="10">
				<description>EPG Grid</description>
				<left>390</left>
				<top>8</top>
				<width>1520</width>
				<height>320</height>
				<pagecontrol>60</pagecontrol>
				<scrolltime tween="quadratic" easing="out">200</scrolltime>
				<timeblocks>20</timeblocks>
				<progresstexture border="0,70,18,14">new_pvr/PVR-EpgProgressIndicator_mini_2.png</progresstexture>
				<rulerunit>6</rulerunit>
				<onleft>10</onleft>
				<onright>10</onright>
				<onup>10</onup>
				<ondown>10</ondown>
				<onback>SetProperty(MediaMenu,True,home)</onback>
				<onback>28</onback>
				<viewtype label="19032">list</viewtype>
				<rulerlayout height="45" width="40">
					<control type="label" id="2">
						<width>40</width>
						<height>45</height>
						<top>5</top>
						<font>font11</font>
						<textcolor>labelheader</textcolor>
						<textoffsetx>0</textoffsetx>
						<selectedcolor>selected</selectedcolor>
						<label>$INFO[ListItem.Label]</label>
					</control>
				</rulerlayout>
				<channellayout height="55" width="400">
					<control type="image">
						<posy>0</posy>
						<width>400</width>
						<height>55</height>
						<texture border="0">new_pvr/epg-channels.png</texture>
					</control>
					<control type="label">
						<width>60</width>
						<height>55</height>
						<font>font14</font>
						<textcolor>white2</textcolor>
						<selectedcolor>selected</selectedcolor>
						<label>$INFO[ListItem.ChannelNumber]</label>
					</control>
					<control type="label">
						<posx>50</posx>
						<width>300</width>
						<height>55</height>
						<font>font14</font>
						<textoffsetx>15</textoffsetx>
						<textcolor>white2</textcolor>
						<selectedcolor>selected</selectedcolor>
						<label>$INFO[ListItem.ChannelName]</label>
						<visible>String.IsEqual(Skin.String(LiveTV.EpgViewChannels),2) + !String.IsEmpty(ListItem.Icon)</visible>
					</control>
					<control type="image">
						<posx>310</posx>
						<posy>2</posy>
						<width>65</width>
						<height>52</height>
						<aspectratio align="center">keep</aspectratio>
						<fadetime>400</fadetime>
						<texture background="true">$INFO[ListItem.Icon]</texture>
						<visible>String.IsEqual(Skin.String(LiveTV.EpgViewChannels),2) + !String.IsEmpty(ListItem.Icon)</visible>
					</control>
					<control type="image">
						<posx>310</posx>
						<posy>2</posy>
						<width>200</width>
						<height>52</height>
						<aspectratio align="center">keep</aspectratio>
						<fadetime>400</fadetime>
						<texture background="true">$INFO[ListItem.Icon]</texture>
						<visible>String.IsEqual(Skin.String(LiveTV.EpgViewChannels),1) + !String.IsEmpty(ListItem.Icon)</visible>
					</control>
				</channellayout>
				<focusedchannellayout height="55" width="400">
					<control type="image">
						<posy>0</posy>
						<width>400</width>
						<height>55</height>
						<texture border="1">new_pvr/epg-channels.png</texture>
					</control>
					<control type="label">
						<width>60</width>
						<height>55</height>
						<font>font14</font>
						    <textcolor>black</textcolor>
						    <selectedcolor>selected</selectedcolor>
						<label>$INFO[ListItem.ChannelNumber]</label>
					</control>
					<control type="label">
						<posx>50</posx>
						<width>300</width>
						<height>55</height>
						<font>font14</font>
						<textoffsetx>15</textoffsetx>
						    <textcolor>black</textcolor>
						    <selectedcolor>selected</selectedcolor>
						<label>$INFO[ListItem.ChannelName]</label>
						<visible>String.IsEqual(Skin.String(LiveTV.EpgViewChannels),2) + !String.IsEmpty(ListItem.Icon)</visible>
					</control>
					<control type="image">
						<posx>310</posx>
						<posy>2</posy>
						<width>65</width>
						<height>52</height>
						<aspectratio align="center">keep</aspectratio>
						<fadetime>400</fadetime>
						<texture background="true">$INFO[ListItem.Icon]</texture>
						<visible>String.IsEqual(Skin.String(LiveTV.EpgViewChannels),2) + !String.IsEmpty(ListItem.Icon)</visible>
					</control>
					<control type="image">
						<posx>310</posx>
						<posy>2</posy>
						<width>200</width>
						<height>52</height>
						<aspectratio align="left">keep</aspectratio>
						<fadetime>400</fadetime>
						<texture background="true">$INFO[ListItem.Icon]</texture>
						<visible>String.IsEqual(Skin.String(LiveTV.EpgViewChannels),1) + !String.IsEmpty(ListItem.Icon)</visible>
					</control>
				</focusedchannellayout>
				<itemlayout height="55" width="120">
					<control type="image" id="1">
						<width>120</width>
						<height>55</height>
						<aspectratio>stretch</aspectratio>
						<texture border="1">new_pvr/epg-item.png</texture>
					</control>
					<control type="image" id="1">
						<width>120</width>
						<height>55</height>
						<aspectratio>stretch</aspectratio>
						<texture border="3">$INFO[ListItem.Property(GenreType),overlays/pvr/genres/,.png]</texture>
					</control>
					<control type="image" id="2">
						<width>120</width>
						<height>55</height>
						<aspectratio>stretch</aspectratio>
						<texture border="3" fallback="overlays/pvr/genres/0.png">overlays/pvr/genres/$INFO[ListItem.Genre].png</texture>
						<visible>!Control.IsVisible(1)</visible>
					</control>
					<control type="group">
						<visible>[ListItem.HasTimer | ListItem.IsRecording]</visible>
						<control type="label">
							<posy>0</posy>
							<width>120</width>
							<height>55</height>
							<font>IconSmall</font>
							<textoffsetx>14</textoffsetx>
							<textcolor>themecolor</textcolor>
							<selectedcolor>selected</selectedcolor>
							<label></label>
							<visible>ListItem.HasTimer + !ListItem.IsRecording</visible>
						</control>
						<control type="label">
							<posy>0</posy>
							<width>120</width>
							<height>55</height>
							<font>IconSmall</font>
							<textoffsetx>14</textoffsetx>
							<textcolor>DDFF0000</textcolor>
							<selectedcolor>selected</selectedcolor>
							<label></label>
							<visible>ListItem.IsRecording</visible>
						</control>
					</control>
					<control type="label" id="1">
						<width>120</width>
						<height>55</height>
						<font>font14</font>
						<textoffsetx>15</textoffsetx>
						<textcolor>white2</textcolor>
						<selectedcolor>selected</selectedcolor>
						<label>$INFO[ListItem.Label]</label>
						<animation effect="slide" start="0,0" end="40,0" time="0" tween="sine" easing="in" condition="[ListItem.HasTimer | ListItem.IsRecording]">Conditional</animation>
					</control>
				</itemlayout>
				<focusedlayout height="55" width="120">
					<control type="image" id="14">
						<texture border="4">darky.png</texture>
					</control>
					<control type="group">
						<visible>[ListItem.HasTimer | ListItem.IsRecording]</visible>
						<control type="label">
							<posy>0</posy>
							<width>120</width>
							<height>55</height>
							<font>IconSmall</font>
							<textoffsetx>14</textoffsetx>
						    <textcolor>black</textcolor>
						    <selectedcolor>selected</selectedcolor>
							<label></label>
							<visible>ListItem.HasTimer + !ListItem.IsRecording</visible>
						</control>
						<control type="label">
							<posy>0</posy>
							<width>120</width>
							<height>55</height>
							<font>IconSmall</font>
							<textoffsetx>14</textoffsetx>
						    <textcolor>black</textcolor>
						    <selectedcolor>selected</selectedcolor>
							<label></label>
							<visible>ListItem.IsRecording</visible>
						</control>
					</control>
					<control type="label" id="1">
						<width>120</width>
						<height>55</height>
						<font>font14</font>
						<textoffsetx>15</textoffsetx>
						    <textcolor>black</textcolor>
						    <selectedcolor>selected</selectedcolor>
						<label>$INFO[ListItem.Label]</label>
						<animation effect="slide" start="0,0" end="40,0" time="0" tween="sine" easing="in" condition="[ListItem.HasTimer | ListItem.IsRecording]">Conditional</animation>
					</control>
				</focusedlayout>
			</control>
			<control type="scrollbar" id="76">
				<left>1906</left>
				<top>50</top>
				<width>14</width>
				<height>320</height>
				<texturesliderbackground />
				<texturesliderbar colordiffuse="55ffffff" border="1">scrollbar/texturesliderbar2.png</texturesliderbar>
				<texturesliderbarfocus border="1">scrollbar/texturesliderbar2.png</texturesliderbarfocus>
				<showonepage>false</showonepage>
				<orientation>vertical</orientation>
				<onleft>11</onleft>
				<onright>SetProperty(MediaMenu,True,home)</onright>
				<onright>SetFocus(9050)</onright>
			</control>
			<control type="group">
				<left>15</left>
				<top>25</top>
				<control type="label">
					<width>360</width>
					<height>30</height>
					<font>font13</font>
					<textcolor>white</textcolor>
					<label>$INFO[ListItem.Title]</label>
				</control>
				<control type="label">
					<top>35</top>
					<width>360</width>
					<height>30</height>
					<font>font11</font>
					<textcolor>labelheader</textcolor>
					<label>$INFO[ListItem.Genre]    $INFO[ListItem.StartTime]$INFO[ListItem.EndTime, - ,]</label>
				</control>
				<control type="textbox" id="81">
					<top>75</top>
					<width>360</width>
					<height>215</height>
					<font>font12</font>
					<textcolor>white</textcolor>
					<autoscroll time="3000" delay="4000" repeat="5000">true</autoscroll>
					<label>$INFO[ListItem.Plot]</label>
				</control>
			</control>
		</control>
	</include>
	
	<include name="ChannelOSDStandard">
		<top>0</top>
		<control type="group">
				<control type="image">
					<description>bg image</description>
					<top>80</top>
					<right>70</right>
					<width>750</width>
					<height>50</height>
					<texture border="15">darky_sub.png</texture>
				</control>
				<control type="image">
					<description>bg image</description>
					<top>80</top> 
					<right>70</right>
					<width>150</width>
					<height>40</height> 
					<texture border="10">blue.png</texture>
				</control>
				<control type="group"> 
				    <left>60</left>
    				<control type="label">
    					<top>80</top>
    					<left>1640</left>
    					<height>50</height>
    					<width>150</width>
    					<align>center</align>
    					<label>$INFO[PVR.EpgEventRemainingTime]</label>
    					<font>font15_bold</font>
    					<textcolor>white</textcolor>
    				</control>
    				<control type="label">
    					<top>130</top>
    					<left>1640</left>
    					<height>50</height>
    					<width>150</width>
    					<align>center</align>
    					<label>$INFO[System.Time]</label>
	    				<font>font15_bold</font>
		    			<textcolor>white</textcolor>
		    		</control>
    				<control type="progress">
    					<top>120</top>
    					<left>1641</left>
    					<width>150</width>
    					<height>10</height>
    					<colordiffuse>FFFF3300</colordiffuse>
    					<info>PVR.EpgEventProgress</info>
    				</control>
    				<control type="label">
    					<top>80</top>
    					<left>1045</left>
    					<align>left</align>
    					<width>540</width>
    					<height>50</height>
    					<scroll>true</scroll>
    					<font>font15_bold</font>
    					<textcolor>white</textcolor>
    					<visible>VideoPlayer.Content(livetv)</visible>
    					<label>$INFO[VideoPlayer.ChannelName]$INFO[Player.Title, - ,]</label>
    				</control>
    				<control type="image">
    					<top>80</top>
    					<left>1590</left>
    					<width>50</width>
    					<height>50</height>
    					<aspectratio>keep</aspectratio>
    					<visible>VideoPlayer.Content(livetv)</visible>
    					<texture background="true">$INFO[VideoPlayer.Cover]</texture>
    					<colordiffuse>FFFFFFFF</colordiffuse>
    				</control>
    				<control type="label">
    					<top>80</top>
    					<left>630</left>
    					<align>right</align>
    					<width>400</width>
    					<height>50</height>
    					<scroll>true</scroll>
    					<font>font15_bold</font>
    					<textcolor>white</textcolor>
    					<visible>VideoPlayer.Content(livetv)</visible>
    					<label>$INFO[VideoPlayer.ChannelNumberLabel]</label>
	    			</control>
	    		</control>
			</control>
	  	<control type="group">
				<control type="image">
					<top>130</top>
					<right>70</right>
					<width>750</width>
					<height>816</height>
					<texture border="15">darky.png</texture>
				</control>
				<control type="image">
					<description>bg image</description>
					<top>130</top>
					<right>70</right>
					<width>150</width>
					<height>816</height>
					<texture border="5">blue.png</texture>
				</control>
			</control>
			<animation effect="fade" time="300" delay="200">WindowOpen</animation>
			<animation effect="fade" time="300">WindowClose</animation>
	  	<control type="fixedlist" id="11">
			<visible>!Skin.HasSetting(alternatetvosd)</visible>
			<top>130</top>
			<left>1100</left>
			<width>750</width>
			<height>816</height>
			<onleft>PreviousChannelGroup</onleft>
			<onright>NextChannelGroup</onright>
			<onup>11</onup>
			<ondown>11</ondown>
			<focusposition>3</focusposition>
			<preloaditems>4</preloaditems>
			<viewtype label="535">list</viewtype>
			<pagecontrol>60</pagecontrol>
			<scrolltime tween="quadratic" easing="out">200</scrolltime>
			<itemlayout height="108" width="821">
				<control type="image">
					<top>60</top>
					<width>764</width>
					<height>48</height>
					<texture border="1">separator2.png</texture>
				</control>
				<control type="label">
					<left>10</left>
					<width>140</width>
					<height>85</height>
					<font>font45caps_title</font>
					<textcolor>white</textcolor>
					<selectedcolor>themecolor</selectedcolor>
					<align>center</align>
					<label>$INFO[ListItem.ChannelNumberLabel]</label>
				</control>
				<control type="label">
					<left>170</left>
					<width>420</width>
					<height>60</height>
					<font>font30</font>
					<textcolor>white</textcolor>
					<selectedcolor>themecolor</selectedcolor>
					<label>$INFO[ListItem.Label]</label>
				</control>
				<control type="label">
					<left>170</left>
					<top>50</top>
					<width>420</width>
					<height>60</height>
					<font>font15</font>
					<textcolor>white</textcolor>
					<selectedcolor>themecolor</selectedcolor>
					<label>$INFO[ListItem.Title]</label>
				</control>
				<control type="progress">
					<description>Progressbar</description>
					<left>10</left>
					<top>84</top>
					<width>140</width>
					<height>10</height>
					<colordiffuse>88FFFFFF</colordiffuse>
					<visible>ListItem.HasEpg</visible>
					<info>ListItem.Progress</info>
					<midtexture colordiffuse="themecolor">new_pvr/texturebg_white.png</midtexture>
					<texturebg border="3,1,3,1" colordiffuse="themecolor">new_pvr/texturebg_border_white.png</texturebg>
				</control>
				<control type="image">
					<left>605</left>
					<top>8</top>
					<width>140</width>
					<height>90</height>
					<align>center</align>
					<aspectratio>keep</aspectratio>
					<texture background="true">$INFO[ListItem.Icon]</texture>
					<fadetime>IconCrossfadeTime</fadetime>
				</control>
				<control type="label">
					<left>428</left>
					<top>45</top>
					<width>120</width>
					<height>30</height>
					<font>IconSmall</font>
					<textoffsetx>15</textoffsetx>
					<textcolor>white2</textcolor>
					<align>right</align>
					<selectedcolor>selected</selectedcolor>
					<label>?</label>
					<visible>ListItem.IsRecording</visible>
				</control>
			</itemlayout>
			<focusedlayout height="168" width="821">
				<control type="image">
					<top>124</top>
					<width>825</width>
					<height>48</height>
					<texture border="1">separator2.png</texture>
				</control>
				<control type="image">
					<width>600</width>
					<height>168</height>
					<texture border="1">listselect_fo.png</texture>
					<visible>Control.HasFocus(11)</visible>
					<include>VisibleFadeAnimation</include>
				</control>
				<control type="label">
					<left>10</left>
					<top>30</top>
					<width>140</width>
					<height>108</height>
					<font>font45caps_title</font>
					<textcolor>black</textcolor>
					<selectedcolor>selected</selectedcolor>
					<align>center</align>
					<label>$INFO[ListItem.ChannelNumberLabel]</label>
				</control>
				<control type="label">
					<left>170</left>
					<width>420</width>
					<height>60</height>
					<font>font30</font>
						    <textcolor>black</textcolor>
						    <selectedcolor>selected</selectedcolor>
					<label>$INFO[ListItem.Label]</label>
					<animation effect="fade" start="100" end="70" time="300" tween="sine" easing="inout" condition="!Control.HasFocus(11)">Conditional</animation>
				</control>
				<control type="label">
					<left>170</left>
					<top>50</top>
					<width>420</width>
					<height>60</height>
					<font>font15</font>
						    <textcolor>black</textcolor>
						    <selectedcolor>selected</selectedcolor>
					<label>$INFO[ListItem.Title]</label>
					<animation effect="fade" start="100" end="30" time="300" tween="sine" easing="inout" condition="!Control.HasFocus(11)">Conditional</animation>
				</control>
				<control type="progress">
					<description>Progressbar</description>
					<left>10</left>
					<top>136</top>
					<width>140</width>
					<height>9</height>
					<colordiffuse>88FFFFFF</colordiffuse>
					<visible>ListItem.HasEpg</visible>
					<info>ListItem.Progress</info>
					<midtexture colordiffuse="red">new_pvr/texturebg_white.png</midtexture>
					<texturebg border="3,1,3,1" colordiffuse="white">new_pvr/texturebg_border_white.png</texturebg>
				</control>
				<control type="label">
					<left>170</left>
					<top>95</top>
					<width>420</width>
					<height>60</height>
					<font>font12</font>
						    <textcolor>black</textcolor>
						    <selectedcolor>selected</selectedcolor>
					<label>$INFO[VideoPlayer.NextTitle]</label>
				</control>
				<control type="image">
					<left>605</left>
					<top>30</top>
					<align>center</align>
					<width>140</width>
					<height>90</height>
					<aspectratio>keep</aspectratio>
					<texture background="true">$INFO[ListItem.Icon]</texture>
					<fadetime>IconCrossfadeTime</fadetime>
					<animation effect="slide" start="0" end="-20" time="100" tween="sine" easing="in" condition="ListItem.IsRecording">Conditional</animation>
				</control>
				<control type="label">
					<left>728</left>
					<top>45</top>
					<width>120</width>
					<height>30</height>
					<font>IconSmall</font>
					<textoffsetx>15</textoffsetx>
					<align>right</align>
						    <textcolor>black</textcolor>
						    <selectedcolor>selected</selectedcolor>
					<label>?</label>
					<visible>ListItem.IsRecording</visible>
				</control>
			</focusedlayout>
		</control>
	</include>
	<include name="ChannelOSDExtended">
	 	 <control type="image">
				<left>0</left>
				<top>0</top>
				<width>1920</width>
				<height>41</height>
				<animation condition="!Skin.HasSetting(alternatetvosd)" effect="slide" start="0,-338" end="0,0" time="840" tween="back" easing="Out">WindowOpen</animation>
				<animation condition="!Skin.HasSetting(alternatetvosd)" effect="slide" end="0,-338" start="0,0" time="240" tween="back" easing="InOut">WindowClose</animation>
				<texture border="5">darky.png</texture>
			</control>
			<control type="image">
				<left>0</left>
				<bottom>52</bottom>
				<width>1920</width>
				<height>41</height>
				<animation condition="!Skin.HasSetting(alternatetvosd)" effect="slide" start="0,-338" end="0,0" time="840" tween="back" easing="Out">WindowOpen</animation>
				<animation condition="!Skin.HasSetting(alternatetvosd)" effect="slide" end="0,-338" start="0,0" time="240" tween="back" easing="InOut">WindowClose</animation>
				<texture border="5">darky.png</texture>
			</control>
		<control type="group">
			<control type="fixedlist" id="11">
			    <bottom>52</bottom>
				<width>1920</width>
				<height>41</height>
				<onleft>11</onleft>
				<onright>11</onright>
				<onup>PreviousChannelGroup</onup>
				<ondown>NextChannelGroup</ondown>
				<pagecontrol>80</pagecontrol>
				<viewtype label="535">list</viewtype>
				<orientation>horizontal</orientation>
				<scrolltime tween="quadratic">200</scrolltime>
				<focusposition>2</focusposition>
				<movement>2</movement>
	 			<itemlayout height="41" width="400">
					<control type="image">
						<animation effect="fade" start="100" end="40" time="1200" pulse="true" condition="true">conditional</animation>
						<left>-20</left>
				        <bottom>52</bottom>
						<width>41</width>
						<height>41</height>
						<aspectratio>keep</aspectratio>
						<texture>listpanel_back2_rec.png</texture>
						<visible>ListItem.IsRecording</visible>
					</control>
					<control type="image">
						<left>0</left>
						<width>81</width>
						<height>41</height>
			    		<align>center</align>
			    		<aspectratio>keep</aspectratio>
			    		<texture background="true">$INFO[ListItem.Icon]</texture>
					</control>
					<control type="label">
						<left>91</left>
			        	<bottom>52</bottom>
						<width>80</width>
						<height>41</height>
						<align>left</align>
						<font>font15_bold</font>
						<label>$INFO[ListItem.ChannelNumberLabel]</label>
					</control>
					<control type="label">
						<left>141</left>
			        	<bottom>52</bottom>
						<width>200</width>
						<height>41</height>
						<align>left</align>
						<font>font15_bold</font>
					    <textcolor>white</textcolor>
				    	<selectedcolor>selected</selectedcolor>
						<label>$INFO[ListItem.Label]</label>
					</control>
				</itemlayout>
				<focusedlayout height="41" width="400">
					<control type="image">
						<animation effect="fade" start="100" end="40" time="1200" pulse="true" condition="true">conditional</animation>
						<left>-20</left>
				        <bottom>52</bottom>
						<width>41</width>
						<height>41</height>
						<aspectratio>keep</aspectratio>
						<texture>listpanel_back2_rec.png</texture>
						<visible>ListItem.IsRecording</visible>
					</control>
					<control type="image">
						<left>0</left>
						<width>81</width>
						<height>41</height>
			    		<align>center</align>
			    		<aspectratio>keep</aspectratio>
			    		<texture background="true">$INFO[ListItem.Icon]</texture>
					</control>
					<control type="label">
						<left>91</left>
			        	<bottom>52</bottom>
						<width>80</width>
						<height>41</height>
						<align>left</align>
						<font>font15_bold</font>
						    <textcolor>black</textcolor>
						    <selectedcolor>selected</selectedcolor>
						<label>$INFO[ListItem.ChannelNumberLabel]</label>
					</control>
					<control type="label">
						<left>141</left>
			        	<bottom>52</bottom>
						<width>200</width>
						<height>41</height>
						<align>left</align>
						<font>font15_bold</font>
						    <textcolor>black</textcolor>
						    <selectedcolor>selected</selectedcolor>
						<label>$INFO[ListItem.Label]</label>
					</control>
				</focusedlayout>
			</control>
		</control>
		<control type="group">
			<visible>true</visible>
					<control type="progress">
						<left>0</left>
						<top>0</top>
						<width>1920</width>
						<height>40</height>
						<info>Container(11).ListItem.Progress</info>
	                	<lefttexture />
	                   	<midtexture>blue.png</midtexture>
	                   	<righttexture />
	                	<overlaytexture />
					</control>
				<control type="label">
					<top>0</top>
					<left>15</left>
					<height>40</height>
					<width>1920</width>
					<font>font52</font>
					<align>center</align>
					<textcolor>white</textcolor>
					<label>$INFO[Container(11).ListItem.Title]</label>
				</control>
		</control>
	</include>
</includes>