<?xml version="1.0" encoding="UTF-8"?>
<includes>
	<!-- Logo -->
	<include name="LandscapeLogoLayout">
			<control type="image">
				<left>277</left>
				<width>1920</width>
				<height>1080</height>
				<texture background="true">$VAR[ImageFanart]</texture>
				<aspectratio>stretch</aspectratio>
				<fadetime>200</fadetime>
			</control>
			<control type="image">
			    <top>834</top>
				<left>277</left>
				<width>1950</width>
				<height>250</height>
				<texture border="1,0,1,1">gradiendbottom.png</texture>
			</control>
			<control type="image">
				<top>215</top>
				<align>center</align>
				<height>254</height>
				<aspectratio align="center">keep</aspectratio>
				<visible>Container.Content(tvshows) | Container.Content(movies)</visible>
				<texture background="true">$VAR[PlayerArtworkVar]</texture>
				<animation effect="slide" start="2550" end="0" time="700">WindowOpen</animation>
			    <animation effect="slide" start="0" end="2550" time="700">WindowClose</animation>
			</control>
		<control type="group">
			<control type="label">
				<top>970</top>
				<left>275</left>
				<width>1920</width>
				<height>30</height>
				<align>center</align>
				<font>font15</font>
				<scroll>true</scroll>
				<scrollspeed>80</scrollspeed>
				<textcolor>white</textcolor>
				<label>[B]$INFO[ListItem.Label][/B]</label>
			</control>
		</control>
		<control type="group">
			<left>20</left>
			<top>300</top>
			<include condition="Skin.HasSetting(Disable.UnwatchedIcon)">UnwatchedIcon</include>
		</control>
	</include>
	<include name="LogoFixed">
		<control type="fixedlist" id="59">
			<include>contents59list</include>
		</control>
	</include>
	<include name="LogoWrap">
		<control type="wraplist" id="59">
			<include>contents59list</include>
		</control>
	</include>
	<include name="contents59list">
		<top>0</top>
		<offsetx>LogoOffsetx</offsetx>
		<width>1920</width>
		<height>1080</height>
		<onleft>59</onleft>
		<onright>59</onright>
		<onup>SetProperty(MediaMenu,True,home)</onup>
		<onup>SetFocus(9050)</onup>
		<ondown>61</ondown>
		<pagecontrol>61</pagecontrol>
		<focusposition>0</focusposition>
		<viewtype label="Logo">list</viewtype>
		<scrolltime tween="quadratic" easing="out">300</scrolltime>
		<visible>Container.Content(tvshows) | Container.Content(movies)</visible>
		<orientation>horizontal</orientation>
		<itemlayout width="1920" height="450">
		<control type="group">
			<animation effect="fade" start="100" end="0" time="5800" condition="System.IdleTime(10)">Conditional</animation>
			<include>LandscapeLogoLayout</include>
			</control> 
		</itemlayout>
		<focusedlayout width="1920" height="450">
			<control type="group">
				<include>LandscapeLogoLayout</include>
			</control>
		</focusedlayout>
	</include>
	<include name="View_59_Logo">
		<control type="group">
			<visible>Control.IsVisible(59) + !Window.IsActive(addoninformation)</visible>
			<include>ViewAnimation</include>
			<include condition="Skin.HasSetting(HorizontalListNav)">LogoFixed</include>
			<include condition="!Skin.HasSetting(HorizontalListNav)">LogoWrap</include>
			<control type="scrollbar" id="61">
				<top>980</top>
				<width>100%</width>
				<height>12</height>
				<onup>59</onup>
				<ondown>59</ondown>
				<texturesliderbackground />
				<texturesliderbar border="6,0,6,0">scrollbar/texturesliderbar_hor.png</texturesliderbar>
				<texturesliderbarfocus border="6,0,6,0">scrollbar/texturesliderbarfocus_hor.png</texturesliderbarfocus>
				<textureslidernib />
				<textureslidernibfocus />
				<showonepage>false</showonepage>
				<orientation>horizontal</orientation>
				<animation effect="fade" start="100" end="0" time="500" delay="500" condition="!Control.HasFocus(61) + !Container.Scrolling">Conditional</animation>
			</control>
		</control>
	</include>
</includes>