<?xml version="1.0" encoding="UTF-8"?>
<includes>
	<include name="View_512_Tri_Carousell">
		<control type="group">
			<visible>Control.IsVisible(512)</visible>
			<include>Zoom</include>
			<top>-65</top>
			<control type="image">
				<description>background image</description>
				<left>20</left>
				<top>1080</top>
				<width>1800</width>
				<height>964</height>
				<texture border="40">panel_reflect.png</texture>
			</control>
			<control type="image">
				<description>background image</description>
				<left>20</left>
				<top>148</top>
				<width>1800</width>
				<height>964</height>
				<texture border="40">listpanel_back.png</texture>
			</control>
			<control type="image">
				<left>620</left>
				<width>600</width>
				<top>178</top>
				<height>898</height>
				<texture border="15">darky.png</texture>
				<animation effect="fade" start="0" end="100" time="500" delay="500">Conditional</animation>
			</control>
			<control type="image">
				<left>1220</left>
				<width>600</width>
				<top>178</top>
				<height>898</height>
				<texture border="15">darky.png</texture>
				<animation effect="fade" start="0" end="100" time="500" delay="500">Conditional</animation>
			</control>
			<control type="image">
				<left>1220</left>
				<width>600</width>
				<top>178</top>
				<height>898</height>
				<texture border="15">darky.png</texture>
				<animation effect="fade" start="0" end="100" time="500" delay="500">Conditional</animation>
			</control>
			<control type="fixedlist" id="512">
				<left>40</left>
				<top>179</top>
				<width>600</width>
				<height>900</height>
				<onleft condition="!Control.IsVisible(60)">SetProperty(MediaMenu,True,home)</onleft>
				<onleft condition="!Control.IsVisible(60)">SetFocus(9050)</onleft>
				<onright>SetFocus(5082,1)</onright>
				<onup>512</onup>
				<ondown>512</ondown>
				<pagecontrol>60</pagecontrol>
				<focusposition>1</focusposition>
				<preloaditems>2</preloaditems>
				<viewtype label="Tri Carousel">list</viewtype>
				<scrolltime tween="Bounce" easing="inout">500</scrolltime>
				<visible>Container.Content(artists)</visible>
				<itemlayout height="300" width="300" condition="Container.Content(artists)">
					<control type="image">
						<width>300</width>
						<height>300</height>
						<aspectratio>scale</aspectratio>
						<texture background="true">$INFO[ListItem.Icon]</texture>
						<bordertexture border="2">thumbs/panel_border3.png</bordertexture>
						<bordersize>2</bordersize>
						<colordiffuse>44ffffff</colordiffuse>
					</control>
					<control type="image">
						<width>300</width>
						<height>300</height>
						<texture>black.png</texture>
						<bordersize>2</bordersize>
						<colordiffuse>44ffffff</colordiffuse>
					</control>
					<control type="group">
						<top>150</top>
						<left>321</left>
						<control type="label">
							<width>600</width>
							<height>60</height>
							<font>font16_title_bold</font>
							<textcolor>white</textcolor>
							<scroll>true</scroll>
							<label>$INFO[ListItem.Artist]</label>
							<textoffsetx>15</textoffsetx>
						<colordiffuse>44ffffff</colordiffuse>
						</control>
					</control>
				</itemlayout>
				<focusedlayout height="300" width="1000" condition="Container.Content(artists)">
					<control type="image">
						<width>300</width>
						<height>300</height>
						<aspectratio>scale</aspectratio>
						<texture background="true">$INFO[ListItem.Icon]</texture>
						<bordertexture border="2">thumbs/panel_border3.png</bordertexture>
						<bordersize>2</bordersize>
					</control>
					<control type="image">
						<width>300</width>
						<height>300</height>
						<texture>black.png</texture>
						<bordersize>2</bordersize>
						<colordiffuse>44ffffff</colordiffuse>
						<include>FocusFadeOutAnimation</include>
					</control>
					<control type="image">
						<width>300</width>
						<height>300</height>
						<texture border="10">thumbs/thumbnail_focused.png</texture>
						<include>FocusFadeInAnimation</include>
					</control>
					<control type="group">
						<top>90</top>
						<left>321</left>
						<control type="label">
							<width>600</width>
							<height>60</height>
							<font>font16_title_bold</font>
							<textcolor>white</textcolor>
							<scroll>true</scroll>
							<label>$INFO[ListItem.Artist]</label>
							<textoffsetx>15</textoffsetx>
						</control>
						<control type="button">
							<top>81</top>
							<width>600</width>
							<label>$INFO[ListItem.Title]</label>
							<include>ShowCaseInfoPanelButtonsValuesNoSeperator</include>
							<visible>Container.Content(addons) </visible>
						</control>
					</control>
				</focusedlayout>
			</control>
		</control>
		<control type="group">
			<visible>Control.IsVisible(512)</visible>
			<control type="fixedlist" id="5082">
				<left>1110</left>
				<width>638</width>
				<top>116</top>
				<height>892</height>
				<aligny>center</aligny>
				<scrolltime tween="cubic" easing="out">500</scrolltime>
				<orientation>vertical</orientation>
				<movement>5</movement>
				<focusposition>5</focusposition>
				<pagecontrol>61</pagecontrol>
				<onleft>512</onleft>
				<onright>531</onright>
				<onup>5082</onup>
				<ondown>5082</ondown>
				<viewtype label="$LOCALIZE[40212]">list</viewtype>
				<focusedlayout height="80">
					<control type="group">
						<control type="image">
							<left>0</left>
							<right>0</right>
							<height>80</height>
							<texture>listselect_fo.png</texture>
							<visible>Control.HasFocus(5082)</visible>
						</control>
						<control type="label">
							<width>500</width>
							<left>35</left>
							<height>80</height>
							<right>80</right>
							<align>left</align>
							<aligny>center</aligny>
							<scroll>true</scroll>
							<label>$INFO[ListItem.Album]</label>
						</control>
						<control type="label">
							<width>570</width>
							<left>40</left>
							<height>80</height>
							<right>30</right>
							<align>right</align>
							<aligny>center</aligny>
							<label>$INFO[ListItem.Year]</label>
						</control>
					</control>
				</focusedlayout>
				<itemlayout height="80">
					<control type="group">
						<control type="label">
							<width>500</width>
							<left>35</left>
							<height>80</height>
							<right>80</right>
							<align>left</align>
							<aligny>center</aligny>
							<label>$INFO[ListItem.Album]</label>
						</control>
						<control type="label">
							<width>570</width>
							<left>40</left>
							<height>80</height>
							<right>30</right>
							<align>right</align>
							<aligny>center</aligny>
							<label>$INFO[ListItem.Year]</label>
						</control>
					</control>
				</itemlayout>
				<content target="music" sortby="track" sortorder="ascending">$INFO[Container(53).ListItem.DBID,musicdb://albums/,/]</content>
			</control>
		</control>
	</include>
</includes>