<?xml version="1.0" encoding="UTF-8"?>
<window id="1160" type="dialog">
	<!-- yesnodialog -->
	<defaultcontrol always="true">500</defaultcontrol>

	<controls>

		<!-- Background -->
		<include>DialogFadeBackgroundImage</include>

		<!-- Main group -->
		<control type="group">
			<include>DialogZoomAnimation</include>
			<centerleft>50%</centerleft>
			<centertop>50%</centertop>
			<width>720</width>
			<height>360</height>

			<!-- Background -->
			<!-- old:
			<control type="image">
				<centerleft>50%</centerleft>
				<width>720</width>
				<height>360</height>
				<!--texture border="20">dialogs/DialogBackground.png</texture->
				<texture border="10" colordiffuse="Dialog-S-BGColor1">common/Base.png</texture>
				<aspectratio>stretch</aspectratio>
				<bordertexture border="7" colordiffuse="Dialog-S-BorderColor">common/Base.png</bordertexture>
				<bordersize>1</bordersize>	
			</control>
			-->
			
			<!-- Panel (Background image) -->
			<include>Dialog-Mid-BackgroundImage</include>

			<!-- Heading -->
			<control type="label">
				<centerleft>50%</centerleft>
				<top>20</top>  <!-- 40 -->
				<width>650</width>
				<height>48</height>
				<align>center</align>
				<font>Font48</font>
				<label>31251</label>
				<textcolor>Dialog-S-TextColor1</textcolor>
			</control>

			<!-- Color Panel -->
			<control type="panel" id="501">
				<centerleft>50%</centerleft>
				<top>70</top>
				<width>650</width>
				<height>212</height>
				<onleft>noop</onleft>
				<onright>noop</onright>
				<onup>noop</onup>
				<ondown>9000</ondown>
				<preloaditems>4</preloaditems>
				<itemgap>6</itemgap>
				<viewtype label="panel">icon</viewtype>
				<scrolltime tween="sine" easing="out">240</scrolltime>
				<visible>false</visible>

				<!-- Poster -->
				<itemlayout width="106" height="106">
				
					<!--control type="image">
						<left>3</left>
						<top>3</top>
						<width>100</width>
						<height>100</height>
						<texture colordiffuse="$INFO[Skin.String(HighlightColor)]">common/Base.png</texture>
						<!--texture>$INFO[ListItem.Icon]</texture->
						<aspectratio>stretch</aspectratio>
						<colordiffuse>$INFO[ListItem.Label2]</colordiffuse>
						<visible></visible>
					</control-->
					
					<control type="image">
						<left>6</left>
						<top>6</top>
						<width>94</width>
						<height>94</height>
						<texture colordiffuse="FF234565">common/Base.png</texture>
						<aspectratio>stretch</aspectratio>
						<visible>Container(500).HasFocus(1)</visible>
					</control>
					
					<control type="image">
						<left>6</left>
						<top>6</top>
						<width>94</width>
						<height>94</height>
						<texture colordiffuse="FF67e265">common/Base.png</texture>
						<aspectratio>stretch</aspectratio>
						<visible>Container(500).HasFocus(2)</visible>
					</control>
					
					<control type="image">
						<left>6</left>
						<top>6</top>
						<width>94</width>
						<height>94</height>
						<texture colordiffuse="FF2af312">common/Base.png</texture>
						<aspectratio>stretch</aspectratio>
						<visible>Container(500).HasFocus(3)</visible>
					</control>
				
				</itemlayout>

				<focusedlayout width="106" height="106">
				
					<control type="image">
						<left>3</left>
						<top>3</top>
						<width>100</width>
						<height>100</height>
						<texture colordiffuse="$INFO[Skin.String(HighlightColor)]">common/Base.png</texture>
						<!--texture>$INFO[ListItem.Icon]</texture-->
						<aspectratio align="center" aligny="center">keep</aspectratio>
						<visible></visible>
					</control>
					
					<control type="image">
						<left>6</left>
						<top>6</top>
						<width>94</width>
						<height>94</height>
						<texture colordiffuse="FF234565">common/Base.png</texture>
						<aspectratio>stretch</aspectratio>
						<visible>Container(500).HasFocus(1)</visible>
					</control>
					
					<control type="image">
						<left>6</left>
						<top>6</top>
						<width>94</width>
						<height>94</height>
						<texture colordiffuse="FF67e265">common/Base.png</texture>
						<aspectratio>stretch</aspectratio>
						<visible>Container(500).HasFocus(2)</visible>
					</control>
					
					<control type="image">
						<left>6</left>
						<top>6</top>
						<width>94</width>
						<height>94</height>
						<texture colordiffuse="FF2af312">common/Base.png</texture>
						<aspectratio>stretch</aspectratio>
						<visible>Container(500).HasFocus(3)</visible>
					</control>
				
				</focusedlayout>
				
				<content>
					<item id="1">
						<label>Default</label>
						<label2>FF234565</label2>
						<icon colordiffuse="FF234565">common/Base.png</icon>
						<onclick>noop</onclick>
					</item>
					<item id="2">
						<label>Default</label>
						<label2>FF67e265</label2>
						<icon colordiffuse="FF67e265">common/Base.png</icon>
						<onclick>noop</onclick>
					</item>
					<item id="3">
						<label>Default</label>
						<label2>FF2af312</label2>
						<icon colordiffuse="FF2af312">common/Base.png</icon>
						<onclick>noop</onclick>
					</item>
					
				</content>
				
			</control>
			
			<control type="grouplist" id="500">
				<left>35</left>
				<top>90</top>
				<width>1260</width>
				<height>212</height>
				<onleft>noop</onleft>
				<onright>noop</onright>
				<onup>noop</onup>
				<ondown>9000</ondown>
				<align>center</align>
				<itemgap>6</itemgap>
				<orientation>horizontal</orientation>
				<visible></visible>
				
				<!-- No -->
				<control type="button" id="10">
					<width>125</width>
					<height>125</height>
					<label>O.K.</label>
					<textoffsetx>10</textoffsetx>
					<align>center</align>
					<texturefocus colordiffuse="HighlightColor">common/Base.png</texturefocus>   <!-- FFf2673a -->
					<onclick>Skin.Reset(HighlightColor)</onclick>
				</control>
				<control type="image" id="20">
					<width>115</width>
					<height>115</height>
					<texture colordiffuse="HighlightColor">common/Base.png</texture>
					<aspectratio>stretch</aspectratio>
					<animation effect="slide" start="0,0" end="-125,0" time="0" condition="true">conditional</animation>
					<animation effect="slide" start="0,0" end="-2,5" time="0" condition="true">conditional</animation>
					<visible></visible>
				</control>
				
				<control type="button" id="11">
					<width>125</width>
					<height>125</height>
					<label>O.K.</label>
					<textoffsetx>10</textoffsetx>
					<align>center</align>
					<texturefocus colordiffuse="$VAR[HighlightColor]">common/Base.png</texturefocus>
					<animation effect="slide" start="0,0" end="-125,0" time="0" condition="true">conditional</animation>
					<onclick>Skin.SetString(HighlightColor,15aee1)</onclick>  <!-- orange:f2673a, green:6dbd25, yellow:ebbd02, orange:f2673a, blue:1cb593 -->
				</control>
				<control type="image" id="21">
					<width>115</width>
					<height>115</height>
					<texture colordiffuse="FF15aee1">common/Base.png</texture>
					<aspectratio>stretch</aspectratio>
					<animation effect="slide" start="0,0" end="-250,0" time="0" condition="true">conditional</animation>
					<animation effect="slide" start="0,0" end="-2,5" time="0" condition="true">conditional</animation>
					<visible></visible>
				</control>
				
				<control type="button" id="12">
					<width>125</width>
					<height>125</height>
					<label>O.K.</label>
					<textoffsetx>10</textoffsetx>
					<align>center</align>
					<texturefocus colordiffuse="$VAR[HighlightColor]">common/Base.png</texturefocus>
					<animation effect="slide" start="0,0" end="-250,0" time="0" condition="true">conditional</animation>
					<onclick>Skin.SetString(HighlightColor,1cb593)</onclick>  <!-- 12b2e7 -->
				</control>
				<control type="image" id="22">
					<width>115</width>
					<height>115</height>
					<texture colordiffuse="FF1cb593">common/Base.png</texture>
					<aspectratio>stretch</aspectratio>
					<animation effect="slide" start="0,0" end="-375,0" time="0" condition="true">conditional</animation>
					<animation effect="slide" start="0,0" end="-2,5" time="0" condition="true">conditional</animation>
					<visible></visible>
				</control>
				
				<control type="button" id="13">
					<width>125</width>
					<height>125</height>
					<label>O.K.</label>
					<textoffsetx>10</textoffsetx>
					<align>center</align>
					<texturefocus colordiffuse="$VAR[HighlightColor]">common/Base.png</texturefocus>
					<animation effect="slide" start="0,0" end="-375,0" time="0" condition="true">conditional</animation>
					<onclick>Skin.SetString(HighlightColor,791dc1)</onclick>
				</control>
				<control type="image" id="23">
					<width>115</width>
					<height>115</height>
					<texture colordiffuse="FF791dc1">common/Base.png</texture>
					<aspectratio>stretch</aspectratio>
					<animation effect="slide" start="0,0" end="-500,0" time="0" condition="true">conditional</animation>
					<animation effect="slide" start="0,0" end="-2,5" time="0" condition="true">conditional</animation>
					<visible></visible>
				</control>
				
				<control type="button" id="14">
					<width>125</width>
					<height>125</height>
					<label>O.K.</label>
					<textoffsetx>10</textoffsetx>
					<align>center</align>
					<texturefocus colordiffuse="$VAR[HighlightColor]">common/Base.png</texturefocus>
					<animation effect="slide" start="0,0" end="-500,0" time="0" condition="true">conditional</animation>
					<onclick>Skin.SetString(HighlightColor,c2a336)</onclick>
				</control>
				<control type="image" id="24">
					<width>115</width>
					<height>115</height>
					<texture colordiffuse="FFc2a336">common/Base.png</texture>
					<aspectratio>stretch</aspectratio>
					<animation effect="slide" start="0,0" end="-625,0" time="0" condition="true">conditional</animation>
					<animation effect="slide" start="0,0" end="-2,5" time="0" condition="true">conditional</animation>
					<visible></visible>
				</control>
				
				
			</control>

			
			<control type="grouplist" id="9000">
				<centerleft>50%</centerleft>
				<top>242</top>
				<width>640</width>
				<height>65</height>
				<align>center</align>
				<onleft>noop</onleft>
				<onright>noop</onright>
				<onup>500</onup>
				<ondown>noop</ondown>
				<itemgap>6</itemgap>
				<orientation>horizontal</orientation>
				
				<!-- No -->
				<control type="button" id="100">
					<width>317</width>
					<label>O.K.</label>
					<include condition="!Skin.HasSetting(DialogButtonStyleJustText)">DialogButtonStyle</include>
					<onclick>Dialog.Close(1160)</onclick>
				</control>
				
			</control>
			
			<!-- No -->
			<!--
			<control type="button" id="10">
				<left>40</left>
				<top>262</top>
				<width>270</width>
				<height>36</height>
				<align>right</align>
				<onleft>noop</onleft>
				<onright>11</onright>
				<label>106</label>
				<font>Font36</font>
			</control>
			-->

			<!-- Yes -->
			<!--
			<control type="button" id="11">
				<right>40</right>
				<top>262</top>
				<width>270</width>
				<height>36</height>
				<onleft>10</onleft>
				<onright>noop</onright>
				<label>107</label>
				<font>Font36</font>
			</control>
			-->

		</control>

	</controls>

</window>