<?xml version="1.0" encoding="UTF-8"?>
<window id="1158" type="dialog">

	<allowoverlay>true</allowoverlay>
	
	<!-- setinformation -->
	<defaultcontrol always="true">8</defaultcontrol>
	
	<onload condition="System.HasAddon(script.tvtunes)">XBMC.RunScript(script.tvtunes,backend=True)</onload>
	<include>DialogZoomAnimation</include>

	<controls>

		<!-- Background -->
		<include>DialogBackgroundImage</include>
		
		<!-- Background Fanaret -->
		<include condition="Skin.HasSetting(ShowDialogFanart)">DialogFanartImage</include>

		<!-- Heading -->
		<control type="label">
			<include>DialogHeaderLabelInner</include>
		</control>

		<!-- Heading old: -
		<control type="label">
			<left>90</left>    <!-- 120 ->
			<top>60</top>       <!-- 90 ->
			<width min="0" max="1200">auto</width>
			<height>70</height>
			<align>left</align>
			<aligny>top</aligny>
			<font>font60</font>
			<textcolor>DialogTextColor2</textcolor>
			<label>$VAR[DialogVideoInfoHeader]</label>  <!-- $VAR[VideoInfoLabel] ->
		</control>
		-->
		
		<!-- Close Window Button -->
		<control type="button">
			<description>Close Window button</description>
			<right>70</right>
			<top>21</top>
			<width>120</width>
			<height>50</height>
			<label>[B]x[/B]</label>
			<font>Font42</font>
			<align>center</align>
			<aligny>bottom</aligny>
			<textoffsetx></textoffsetx>
			<textoffsety>-12</textoffsety>
			<onclick>PreviousMenu</onclick>
			<texturefocus border="15" colordiffuse="CommonDialogButtonFO">Buttons/DialogCloseButton.png</texturefocus>
			<texturenofocus border="15" colordiffuse="CommonDialogButtonNF">Buttons/DialogCloseButton.png</texturenofocus>
			<visible>system.getbool(input.enablemouse) + Skin.HasSetting(ShowMouseButtons)</visible>
		</control>
		

		<!-- Poster image -->
		<control type="group">
			<visible>![Control(9000).HasFocus(16) + Player.HasVideo + SubString(Player.Title,Trailer) + !String.IsEmpty(ListItem.Trailer) + Skin.HasSetting(WindowedTrailer)]</visible>
			<!--visible>!StringCompare(Control.GetLabel(5),$LOCALIZE[207]) + !SubString(ListItem.Icon,Default)</visible-->
			<control type="image">
				<left>80</left>
				<top>189</top>
				<width>495</width>
				<height>703</height>
				<fadetime>100</fadetime>
				<texture>$VAR[VideoInfoImageSet]</texture>
				<aspectratio aligny="center">stretch</aspectratio>
			</control>
			<control type="image">
				<left>80</left>
				<top>189</top>
				<width>495</width>
				<height>703</height>
				<texture>views/OverlayEffect-default.png</texture>
				<visible>Skin.HasSetting(Overlays)</visible>
			</control>
		</control>

		<!-- Info -->
		<control type="group">
			<left>600</left>
			<top>184</top>
				
			<visible>![Control(9000).HasFocus(16) + Player.HasVideo + SubString(Player.Title,Trailer) + !String.IsEmpty(ListItem.Trailer) + Skin.HasSetting(WindowedTrailer)]</visible>
						
			<!-- Header label -->
			<control type="label">
				<description>Header label (Set)</description>
				<left>10</left>
				<top>0</top>
				<width>1030</width>
				<height>40</height>
				<font>Font48</font>
				<label>[UPPERCASE]$INFO[ListItem.Title][/UPPERCASE]</label>  <!-- $INFO[Window(Home).Property(SkinHelper.ListItem.Title)] -->
				<align>left</align>
				<aligny>center</aligny>
				<textcolor>DialogTextColor1</textcolor>
				<shadowcolor>black</shadowcolor>
			</control>
			<!-- Tagline label -->
			<control type="label">
				<description>Tagline label (Set)</description>
				<left>10</left>
				<top>45</top>
				<width>1030</width>
				<height>35</height>
				<font>Font30</font>
				<label>$INFO[Window(Home).Property(SkinHelper.ListItem.0.Title)]$INFO[Window(Home).Property(SkinHelper.ListItem.0.Year), (,)]$INFO[Window(Home).Property(SkinHelper.ListItem.1.Title), • ]$INFO[Window(Home).Property(SkinHelper.ListItem.1.Year), (,)]$INFO[Window(Home).Property(SkinHelper.ListItem.2.Title), • ]$INFO[Window(Home).Property(SkinHelper.ListItem.2.Year), (,)]$INFO[Window(Home).Property(SkinHelper.ListItem.3.Title), • ]$INFO[Window(Home).Property(SkinHelper.ListItem.3.Year), (,)]$INFO[Window(Home).Property(SkinHelper.ListItem.4.Title), • ]$INFO[Window(Home).Property(SkinHelper.ListItem.4.Year), (,)]$INFO[Window(Home).Property(SkinHelper.ListItem.5.Title), • ]$INFO[Window(Home).Property(SkinHelper.ListItem.5.Year), (,)]</label>
				<align>left</align>
				<aligny>center</aligny>
				<textcolor>DialogTextColor3</textcolor>
				<shadowcolor>black</shadowcolor>
			</control>
			
			<control type="list" id="49">
				<left>0</left>
				<top>95</top>
				<width>1210</width>
				<height>495</height>
				<onleft>49</onleft>
				<onright>49</onright>
				<onup>61</onup>
				<ondown>9000</ondown>
				<pagecontrol>-</pagecontrol>
				<scrolltime>200</scrolltime>
				<visible>!StringCompare(Window.Property(InfoContent),Actors) + !StringCompare(Window.Property(InfoContent),YouTube) + !StringCompare(Window.Property(InfoContent),Plot) + !StringCompare(Window.Property(InfoContent),SetMovies)</visible>
				<itemlayout height="40">
					<control type="label">
						<left>10</left>
						<top>0</top>
						<width>240</width>
						<height>40</height>
						<font>Font30</font>
						<align>left</align>
						<aligny>center</aligny>
						<textcolor>DialogTextColor2</textcolor>
						<info>ListItem.Label</info>
					</control>
					<control type="label">
						<left>272</left>
						<top>0</top>
						<width>858</width>
						<height>40</height>
						<font>Font30</font>
						<align>left</align>
						<aligny>center</aligny>
						<textcolor>DialogTextColor1</textcolor>
						<info>ListItem.Label2</info>
					</control>
				</itemlayout>
				<focusedlayout height="40">
					<control type="label">
						<left>10</left>
						<top>0</top>
						<width>240</width>
						<height>40</height>
						<font>Font30</font>
						<align>left</align>
						<aligny>center</aligny>
						<textcolor>DialogTextColor2</textcolor>
						<info>ListItem.Label</info>
					</control>
					<control type="label">
						<left>272</left>
						<top>0</top>
						<width>858</width>
						<height>40</height>
						<font>Font30</font>
						<align>left</align>
						<aligny>center</aligny>
						<textcolor>DialogTextColor1</textcolor>
						<info>ListItem.Label2</info>
						<visible>Control.HasFocus(49)</visible>
					</control>
					<control type="label">
						<left>272</left>
						<top>0</top>
						<width>858</width>
						<height>40</height>
						<font>Font30</font>
						<align>left</align>
						<aligny>center</aligny>
						<textcolor>DialogTextColor1</textcolor>
						<info>ListItem.Label2</info>
						<visible>!Control.HasFocus(49)</visible>
					</control>
				</focusedlayout>
				<content>
					<!-- Start Movie Content -->
					<item>
						<label>$LOCALIZE[562]:</label>
						<label2>$INFO[ListItem.Year]  ($INFO[Window(Home).Property(SkinHelper.ListItem.0.Year)]$INFO[Window(Home).Property(SkinHelper.ListItem.1.Year), • ]$INFO[Window(Home).Property(SkinHelper.ListItem.2.Year), • ]$INFO[Window(Home).Property(SkinHelper.ListItem.3.Year), • ]$INFO[Window(Home).Property(SkinHelper.ListItem.4.Year), • ]$INFO[Window(Home).Property(SkinHelper.ListItem.5.Year), • ]$INFO[Window(Home).Property(SkinHelper.ListItem.6.Year), • ]$INFO[Window(Home).Property(SkinHelper.ListItem.7.Year), • ]$INFO[Window(Home).Property(SkinHelper.ListItem.8.Year), • ]$INFO[Window(Home).Property(SkinHelper.ListItem.9.Year), • ]$INFO[Window(Home).Property(SkinHelper.ListItem.10.Year), • ])</label2>
						<onclick>noop</onclick>
						<visible>!String.IsEmpty(ListItem.Year)</visible>
					</item>
					<!--item>
						<label>$LOCALIZE[20074]:</label>
						<label2>$INFO[ListItem.mpaa]</label2>
						<onclick>noop</onclick>
						<visible>!String.IsEmpty(ListItem.mpaa)</visible>
					</item-->
					<item>
						<label>$LOCALIZE[2050]:</label>
						<label2>$INFO[Window(Home).Property(SkinHelper.ListItem.Duration.Hours)] h $INFO[Window(Home).Property(SkinHelper.ListItem.Duration.Minutes)] $LOCALIZE[12391]  ($INFO[Window(Home).Property(SkinHelper.ListItem.0.Duration),, $LOCALIZE[12391]]$INFO[Window(Home).Property(SkinHelper.ListItem.1.Duration), • , $LOCALIZE[12391]]$INFO[Window(Home).Property(SkinHelper.ListItem.2.Duration), • , $LOCALIZE[12391]]$INFO[Window(Home).Property(SkinHelper.ListItem.3.Duration), • , $LOCALIZE[12391]]$INFO[Window(Home).Property(SkinHelper.ListItem.4.Duration), • , $LOCALIZE[12391]]$INFO[Window(Home).Property(SkinHelper.ListItem.5.Duration), • , $LOCALIZE[12391]]$INFO[Window(Home).Property(SkinHelper.ListItem.6.Duration), • , $LOCALIZE[12391]]$INFO[Window(Home).Property(SkinHelper.ListItem.7.Duration), • , $LOCALIZE[12391]])</label2> <!-- ListItem.Duration -->
						<onclick>noop</onclick>
						<visible>!String.IsEmpty(Window(Home).Property(SkinHelper.ListItem.Duration.Minutes))</visible>
					</item>
					<item>
						<label>$LOCALIZE[515]:</label>
						<label2>$INFO[Window(Home).Property(SkinHelper.ListItem.Genre)]</label2>
						<onclick>noop</onclick>
						<visible>!String.IsEmpty(Window(Home).Property(SkinHelper.ListItem.Genre))</visible>
					</item>
					<item>
						<label>$LOCALIZE[572]:</label>
						<label2>$INFO[Window(Home).Property(SkinHelper.ListItem.Studio)]</label2>
						<onclick>noop</onclick>
						<visible>!String.IsEmpty(Window(Home).Property(SkinHelper.ListItem.Studio))</visible>
					</item>
					<item>
						<label>$LOCALIZE[563]:</label>
						<label2>$INFO[ListItem.RatingAndVotes]</label2>
						<onclick>noop</onclick>
						<visible>!String.IsEmpty(ListItem.RatingAndVotes)</visible>
					</item>
					<item>
						<label>$LOCALIZE[31096] $LOCALIZE[563]:</label>
						<label2>$INFO[ListItem.UserRating]</label2>
						<onclick>noop</onclick>
						<visible>!String.IsEmpty(ListItem.UserRating)</visible>
					</item>
					<item>
						<label>$LOCALIZE[20376]:</label>
						<label2>$INFO[ListItem.OriginalTitle]</label2>
						<onclick>noop</onclick>
						<visible>!String.IsEmpty(ListItem.OriginalTitle) + !stringcompare(ListItem.OriginalTitle,Listitem.Title)</visible>
					</item>
					<item>
						<label>$LOCALIZE[20339]:</label>
						<label2>$INFO[Window(Home).Property(SkinHelper.ListItem.Director)]</label2>
						<onclick>SendClick(2003,13)</onclick>
						<visible>!String.IsEmpty(Window(Home).Property(SkinHelper.ListItem.Director))</visible>
					</item>
					<item>
						<label>$LOCALIZE[20417]:</label>
						<label2>$INFO[Window(Home).Property(SkinHelper.ListItem.Writer)]</label2>
						<onclick>noop</onclick>
						<visible>!String.IsEmpty(Window(Home).Property(SkinHelper.ListItem.Writer))</visible>
					</item>
					<item>
						<label>$LOCALIZE[20451]:</label>
						<label2>$INFO[Window(Home).Property(SkinHelper.ListItem.Country)]</label2>
						<onclick>noop</onclick>
						<visible>!String.IsEmpty(Window(Home).Property(SkinHelper.ListItem.Country))</visible>
					</item>
					
					<!--item>
						<label>$LOCALIZE[202]:</label>
						<label2>$INFO[ListItem.TagLine]</label2>
						<onclick>noop</onclick>
						<visible>[!container.content(tvshows) + !container.content(episodes) + !container.content(musicvideos)] + !String.IsEmpty(ListItem.TagLine)</visible>
					</item-->
					<!--item>
						<label>$LOCALIZE[203]:</label>
						<label2>$INFO[ListItem.PlotOutline]</label2>
						<onclick>noop</onclick>
						<visible>[!container.content(tvshows) + !container.content(episodes) + !container.content(musicvideos)] + !String.IsEmpty(ListItem.PlotOutline)</visible>
					</item-->
					<!--item>
						<label>$LOCALIZE[15311]</label>
						<label2>$INFO[ListItem.FilenameAndPath]</label2>
						<onclick>noop</onclick>
						<visible>[!container.content(tvshows) + !container.content(episodes) + !container.content(musicvideos)] + !String.IsEmpty(ListItem.FilenameAndPath)</visible>
					</item-->
					<!-- End Movie Content -->
					
				</content>
			</control>
			
			
			
			<!-- Plot -->
			<control type="textbox">
				<left>10</left>
				<top>492</top>        <!-- 565 / 600 -->
				<width>1230</width>
				<height>216</height>  <!-- 143 / 108 -->
				<font>Font30</font>
				<label>[B]$INFO[ListItem.PlotOutline,, ][/B]$INFO[Window(Home).Property(SkinHelper.ListItem.ExtendedPlot)]</label>
				<align>left</align>
				<textcolor>DialogTextColor2</textcolor>
				<autoscroll time="3700" delay="19500" repeat="15000">Skin.HasSetting(AutoScroll)</autoscroll>  <!-- !Control.HasFocus(61) +  -->
				<visible>!StringCompare(Window.Property(InfoContent),Actors) + !StringCompare(Window.Property(InfoContent),YouTube) + !StringCompare(Window.Property(InfoContent),Plot) + !StringCompare(Window.Property(InfoContent),SetMovies)</visible>
			</control>
			
			
			
			<!-- Set 2nd Image (right) -->
			<control type="image">
				<right>75</right>
				<top>-5</top>
				<width>200</width>  <!-- 161 -->
				<height>136</height>  <!-- 109 -->
				<texture>$INFO[Window(Home).Property(SkinHelper.ListItem.Studio),resource://resource.images.studios.white/,.png]</texture>
				<!--texture>$INFO[Window(Home).Property(SkinHelper.ListItem.StudioLogo)]</texture-->
				<aspectratio aligny="top" align="right">keep</aspectratio>
				<visible></visible>
			</control>
			
		</control>
		

		
		<!-- YouTube -->
		<control type="group">
			<left>600</left>
			<top>189</top>
			
			<!-- Header Label -->
			<control type="group">
				<left>0</left>
				<top>270</top>
				<visible>StringCompare(Window.Property(InfoContent),YouTube)</visible>
				
				<!-- Header Label Lists -->
				<control type="label">
					<left>15</left>
					<top>0</top>
					<width>1230</width>
					<height>45</height>
					<font>Font36</font>
					<textcolor>DialogTextColor1</textcolor>
					<label>$LOCALIZE[31161]:</label>
				</control>
				
			</control>
			
			<!-- YouTube List-->
			<control type="group">
				<left>0</left>
				<top>320</top>
				<control type="list" id="55">
					<visible>StringCompare(Window.Property(InfoContent),YouTube)</visible>
					<include>ExtendedInfoScript-ThumbListWide</include>
					
					<content limit="20">plugin://script.extendedinfo?info=youtubesearchvideos&amp;&amp;id=$INFO[ListItem.Title]</content>
					
					<!--content limit="20">plugin://plugin.video.youtube/kodion/search/query/?q=$INFO[ListItem.Title]</content-->
					
				</control>
			</control>
				
		</control>
		
		
		<!-- Set Movies -->
		<control type="group">
			<left>600</left>
			<top>189</top>
			
			<!-- Header Label -->
			<control type="group">
				<left>0</left>
				<top>270</top>
				<visible>StringCompare(Window.Property(InfoContent),SetMovies)</visible>
				
				<!-- Header Label Lists -->
				<control type="label">
					<left>15</left>
					<top>0</top>
					<width>1230</width>
					<height>45</height>
					<font>Font36</font>
					<textcolor>DialogTextColor1</textcolor>
					<label>$LOCALIZE[20342] $LOCALIZE[31228]:</label>
				</control>
				
			</control>
			
			<!-- Set Movies List-->
			<control type="group">
				<left>0</left>
				<top>320</top>
				<control type="list" id="255">
					<visible>StringCompare(Window.Property(InfoContent),SetMovies)</visible>
					<onclick>Close</onclick>
					<onclick>Action(info)</onclick>
					<!--onclick>RunScript(script.skin.helper.service,action=showinfo)</onclick-->
					<include>ExtendedInfoScript-ThumbList</include>
					
					<!--content target="video">videodb://movies/sets/$INFO[ListItem.SetID]</content-->
					
					<content>
						<!-- Movies in set -->
						<item>
							<icon>$INFO[Window(Home).Property(SkinHelper.ListItem.0.Art.Poster)]</icon>
							<label>$INFO[Window(Home).Property(SkinHelper.ListItem.0.Title)]</label>
							<label2>$INFO[Window(Home).Property(SkinHelper.ListItem.0.Year)]</label2>
							<onclick>RunScript(script.skin.helper.service,action=showinfo)</onclick>
							<visible>!String.IsEmpty(Window(Home).Property(SkinHelper.ListItem.0.Title)) | !String.IsEmpty(Window(Home).Property(SkinHelper.ListItem.0.Year)) | !String.IsEmpty(Window(Home).Property(SkinHelper.ListItem.0.Art.Poster))</visible>
						</item>
						<item>
							<icon>$INFO[Window(Home).Property(SkinHelper.ListItem.1.Art.Poster)]</icon>
							<label>$INFO[Window(Home).Property(SkinHelper.ListItem.1.Title)]</label>
							<label2>$INFO[Window(Home).Property(SkinHelper.ListItem.1.Year)]</label2>
							<onclick>noop</onclick>
							<visible>!String.IsEmpty(Window(Home).Property(SkinHelper.ListItem.1.Title)) | !String.IsEmpty(Window(Home).Property(SkinHelper.ListItem.1.Year)) | !String.IsEmpty(Window(Home).Property(SkinHelper.ListItem.1.Art.Poster))</visible>
						</item>
						<item>
							<icon>$INFO[Window(Home).Property(SkinHelper.ListItem.2.Art.Poster)]</icon>
							<label>$INFO[Window(Home).Property(SkinHelper.ListItem.2.Title)]</label>
							<label2>$INFO[Window(Home).Property(SkinHelper.ListItem.2.Year)]</label2>
							<onclick>noop</onclick>
							<visible>!String.IsEmpty(Window(Home).Property(SkinHelper.ListItem.2.Title)) | !String.IsEmpty(Window(Home).Property(SkinHelper.ListItem.2.Year)) | !String.IsEmpty(Window(Home).Property(SkinHelper.ListItem.2.Art.Poster))</visible>
						</item>
						<item>
							<icon>$INFO[Window(Home).Property(SkinHelper.ListItem.3.Art.Poster)]</icon>
							<label>$INFO[Window(Home).Property(SkinHelper.ListItem.3.Title)]</label>
							<label2>$INFO[Window(Home).Property(SkinHelper.ListItem.3.Year)]</label2>
							<onclick>noop</onclick>
							<visible>!String.IsEmpty(Window(Home).Property(SkinHelper.ListItem.3.Title)) | !String.IsEmpty(Window(Home).Property(SkinHelper.ListItem.3.Year)) | !String.IsEmpty(Window(Home).Property(SkinHelper.ListItem.3.Art.Poster))</visible>
						</item>
						<item>
							<icon>$INFO[Window(Home).Property(SkinHelper.ListItem.4.Art.Poster)]</icon>
							<label>$INFO[Window(Home).Property(SkinHelper.ListItem.4.Title)]</label>
							<label2>$INFO[Window(Home).Property(SkinHelper.ListItem.4.Year)]</label2>
							<onclick>noop</onclick>
							<visible>!String.IsEmpty(Window(Home).Property(SkinHelper.ListItem.4.Title)) | !String.IsEmpty(Window(Home).Property(SkinHelper.ListItem.4.Year)) | !String.IsEmpty(Window(Home).Property(SkinHelper.ListItem.4.Art.Poster))</visible>
						</item>
						<item>
							<icon>$INFO[Window(Home).Property(SkinHelper.ListItem.5.Art.Poster)]</icon>
							<label>$INFO[Window(Home).Property(SkinHelper.ListItem.5.Title)]</label>
							<label2>$INFO[Window(Home).Property(SkinHelper.ListItem.5.Year)]</label2>
							<onclick>noop</onclick>
							<visible>!String.IsEmpty(Window(Home).Property(SkinHelper.ListItem.5.Title)) | !String.IsEmpty(Window(Home).Property(SkinHelper.ListItem.5.Year)) | !String.IsEmpty(Window(Home).Property(SkinHelper.ListItem.5.Art.Poster))</visible>
						</item>
						<item>
							<icon>$INFO[Window(Home).Property(SkinHelper.ListItem.6.Art.Poster)]</icon>
							<label>$INFO[Window(Home).Property(SkinHelper.ListItem.6.Title)]</label>
							<label2>$INFO[Window(Home).Property(SkinHelper.ListItem.6.Year)]</label2>
							<onclick>noop</onclick>
							<visible>!String.IsEmpty(Window(Home).Property(SkinHelper.ListItem.6.Title)) | !String.IsEmpty(Window(Home).Property(SkinHelper.ListItem.6.Year)) | !String.IsEmpty(Window(Home).Property(SkinHelper.ListItem.6.Art.Poster))</visible>
						</item>
						<item>
							<icon>$INFO[Window(Home).Property(SkinHelper.ListItem.7.Art.Poster)]</icon>
							<label>$INFO[Window(Home).Property(SkinHelper.ListItem.7.Title)]</label>
							<label2>$INFO[Window(Home).Property(SkinHelper.ListItem.7.Year)]</label2>
							<onclick>noop</onclick>
							<visible>!String.IsEmpty(Window(Home).Property(SkinHelper.ListItem.7.Title)) | !String.IsEmpty(Window(Home).Property(SkinHelper.ListItem.7.Year)) | !String.IsEmpty(Window(Home).Property(SkinHelper.ListItem.7.Art.Poster))</visible>
						</item>
						<item>
							<icon>$INFO[Window(Home).Property(SkinHelper.ListItem.8.Art.Poster)]</icon>
							<label>$INFO[Window(Home).Property(SkinHelper.ListItem.8.Title)]</label>
							<label2>$INFO[Window(Home).Property(SkinHelper.ListItem.8.Year)]</label2>
							<onclick>noop</onclick>
							<visible>!String.IsEmpty(Window(Home).Property(SkinHelper.ListItem.8.Title)) | !String.IsEmpty(Window(Home).Property(SkinHelper.ListItem.8.Year)) | !String.IsEmpty(Window(Home).Property(SkinHelper.ListItem.8.Art.Poster))</visible>
						</item>
						<item>
							<icon>$INFO[Window(Home).Property(SkinHelper.ListItem.9.Art.Poster)]</icon>
							<label>$INFO[Window(Home).Property(SkinHelper.ListItem.9.Title)]</label>
							<label2>$INFO[Window(Home).Property(SkinHelper.ListItem.9.Year)]</label2>
							<onclick>noop</onclick>
							<visible>!String.IsEmpty(Window(Home).Property(SkinHelper.ListItem.9.Title)) | !String.IsEmpty(Window(Home).Property(SkinHelper.ListItem.9.Year)) | !String.IsEmpty(Window(Home).Property(SkinHelper.ListItem.9.Art.Poster))</visible>
						</item>
						<item>
							<icon>$INFO[Window(Home).Property(SkinHelper.ListItem.10.Art.Poster)]</icon>
							<label>$INFO[Window(Home).Property(SkinHelper.ListItem.10.Title)]</label>
							<label2>$INFO[Window(Home).Property(SkinHelper.ListItem.10.Year)]</label2>
							<onclick>noop</onclick>
							<visible>!String.IsEmpty(Window(Home).Property(SkinHelper.ListItem.10.Title)) | !String.IsEmpty(Window(Home).Property(SkinHelper.ListItem.10.Year)) | !String.IsEmpty(Window(Home).Property(SkinHelper.ListItem.10.Art.Poster))</visible>
						</item>
						<item>
							<icon>$INFO[Window(Home).Property(SkinHelper.ListItem.11.Art.Poster)]</icon>
							<label>$INFO[Window(Home).Property(SkinHelper.ListItem.11.Title)]</label>
							<label2>$INFO[Window(Home).Property(SkinHelper.ListItem.11.Year)]</label2>
							<onclick>noop</onclick>
							<visible>!String.IsEmpty(Window(Home).Property(SkinHelper.ListItem.11.Title))</visible>
						</item>
						<item>
							<icon>$INFO[Window(Home).Property(SkinHelper.ListItem.12.Art.Poster)]</icon>
							<label>$INFO[Window(Home).Property(SkinHelper.ListItem.12.Title)]</label>
							<label2>$INFO[Window(Home).Property(SkinHelper.ListItem.12.Year)]</label2>
							<onclick>noop</onclick>
							<visible>!String.IsEmpty(Window(Home).Property(SkinHelper.ListItem.12.Title))</visible>
						</item>
						<item>
							<icon>$INFO[Window(Home).Property(SkinHelper.ListItem.13.Art.Poster)]</icon>
							<label>$INFO[Window(Home).Property(SkinHelper.ListItem.13.Title)]</label>
							<label2>$INFO[Window(Home).Property(SkinHelper.ListItem.13.Year)]</label2>
							<onclick>noop</onclick>
							<visible>!String.IsEmpty(Window(Home).Property(SkinHelper.ListItem.13.Title))</visible>
						</item>
						<item>
							<icon>$INFO[Window(Home).Property(SkinHelper.ListItem.14.Art.Poster)]</icon>
							<label>$INFO[Window(Home).Property(SkinHelper.ListItem.14.Title)]</label>
							<label2>$INFO[Window(Home).Property(SkinHelper.ListItem.14.Year)]</label2>
							<onclick>noop</onclick>
							<visible>!String.IsEmpty(Window(Home).Property(SkinHelper.ListItem.14.Title))</visible>
						</item>
						<item>
							<icon>$INFO[Window(Home).Property(SkinHelper.ListItem.15.Art.Poster)]</icon>
							<label>$INFO[Window(Home).Property(SkinHelper.ListItem.15.Title)]</label>
							<label2>$INFO[Window(Home).Property(SkinHelper.ListItem.15.Year)]</label2>
							<onclick>noop</onclick>
							<visible>!String.IsEmpty(Window(Home).Property(SkinHelper.ListItem.15.Title))</visible>
						</item>
						<item>
							<icon>$INFO[Window(Home).Property(SkinHelper.ListItem.16.Art.Poster)]</icon>
							<label>$INFO[Window(Home).Property(SkinHelper.ListItem.16.Title)]</label>
							<label2>$INFO[Window(Home).Property(SkinHelper.ListItem.16.Year)]</label2>
							<onclick>noop</onclick>
							<visible>!String.IsEmpty(Window(Home).Property(SkinHelper.ListItem.16.Title))</visible>
						</item>
						<item>
							<icon>$INFO[Window(Home).Property(SkinHelper.ListItem.17.Art.Poster)]</icon>
							<label>$INFO[Window(Home).Property(SkinHelper.ListItem.17.Title)]</label>
							<label2>$INFO[Window(Home).Property(SkinHelper.ListItem.17.Year)]</label2>
							<onclick>noop</onclick>
							<visible>!String.IsEmpty(Window(Home).Property(SkinHelper.ListItem.17.Title))</visible>
						</item>
						<item>
							<icon>$INFO[Window(Home).Property(SkinHelper.ListItem.18.Art.Poster)]</icon>
							<label>$INFO[Window(Home).Property(SkinHelper.ListItem.18.Title)]</label>
							<label2>$INFO[Window(Home).Property(SkinHelper.ListItem.18.Year)]</label2>
							<onclick>noop</onclick>
							<visible>!String.IsEmpty(Window(Home).Property(SkinHelper.ListItem.18.Title))</visible>
						</item>
						<item>
							<icon>$INFO[Window(Home).Property(SkinHelper.ListItem.19.Art.Poster)]</icon>
							<label>$INFO[Window(Home).Property(SkinHelper.ListItem.19.Title)]</label>
							<label2>$INFO[Window(Home).Property(SkinHelper.ListItem.19.Year)]</label2>
							<onclick>noop</onclick>
							<visible>!String.IsEmpty(Window(Home).Property(SkinHelper.ListItem.19.Title))</visible>
						</item>
						<item>
							<icon>$INFO[Window(Home).Property(SkinHelper.ListItem.20.Art.Poster)]</icon>
							<label>$INFO[Window(Home).Property(SkinHelper.ListItem.20.Title)]</label>
							<label2>$INFO[Window(Home).Property(SkinHelper.ListItem.20.Year)]</label2>
							<onclick>noop</onclick>
							<visible>!String.IsEmpty(Window(Home).Property(SkinHelper.ListItem.20.Title))</visible>
						</item>
						
					
					
					</content>
					
				</control>
			</control>
				
		</control>
		
		
		
		<!-- Plot -->
		<control type="group">
			<left>600</left>
			<top>189</top>
			<visible>StringCompare(Window.Property(InfoContent),Plot)</visible>
				
			<!-- Plot -->
			<control type="textbox">
				<left>10</left>
				<top>115</top>
				<width>1230</width>
				<height>590</height>
				<font>Font33</font>
				<label>$INFO[Window(Home).Property(SkinHelper.ListItem.ExtendedPlot)]</label>  <!-- $INFO[ListItem.Plot] -->
				<align>left</align>
				<textcolor>DialogTextColor2</textcolor>
				<!--pagecontrol>60</pagecontrol-->
				<autoscroll time="3700" delay="19500" repeat="15000">Skin.HasSetting(AutoScroll)</autoscroll>  <!-- !Control.HasFocus(61) +  -->
			</control>
				
		</control>
		
		<!-- Kritik -->
		<!-- Test -
			<control type="textbox">
				<left>1200</left>
				<top>379</top>
				<width>630</width>
				<height>650</height>
				<font>Font30</font>
				<label>$INFO[Window(Home).Property(SkinHelper.RottenTomatoesConsensus)]</label>
				<align>left</align>
				<textcolor>DialogTextColor2</textcolor>
				<autoscroll time="3700" delay="19500" repeat="15000">Skin.HasSetting(AutoScroll)</autoscroll>
			</control>
		-->
		
		<!-- left Arrow -->
		<include>InfodialogGrouplistArrowLeft</include>
		
		<!-- right Arrow -->
		<include>InfodialogGrouplistArrowRight</include>
		

		<!-- Button grouplist -->
		<control type="grouplist" id="9000">
			<left>76</left>
			<top>934</top>
			<width>1768</width>
			<height>65</height>
			<itemgap>6</itemgap>
			<!--align>center</align-->
			<onleft>noop</onleft>
			<onright>noop</onright>
			<onup condition="StringCompare(Control.GetLabel(5),$LOCALIZE[207])">50</onup>
			<ondown>noop</ondown>
			<orientation>horizontal</orientation>

			<!-- Play/Browse Button -->
			<control type="togglebutton" id="8">
				<width>247</width>
				<label>208</label>
				<altlabel>1024</altlabel>
				<include condition="!Skin.HasSetting(DialogButtonStyleJustText)">DialogButtonStyle</include>
				<usealttexture>Container.Content(Sets)</usealttexture>
				<onclick>Dialog.Close(1158)</onclick>
				<onclick>Action(Select,videos)</onclick>
				<onclick>Action(Enter,videos)</onclick>
				<onfocus>ClearProperty(InfoContent)</onfocus>
			</control>
			<!-- Cinema Experience Button -->
			<!--control type="button" id="21">
				<width>247</width>
				<label>31066</label>
				<include condition="!Skin.HasSetting(DialogButtonStyleJustText)">DialogButtonStyle</include>
				<onclick>Dialog.Close(MovieInformation)</onclick>
				<onclick>XBMC.RunScript(script.cinema.experience,movieid=$INFO[ListItem.DBID])</onclick>
				<visible>System.HasAddon(script.cinema.experience) + Container.Content(movies) + !Skin.HasSetting(DisableCinemaExperienceSupport)</visible>
				<onfocus>ClearProperty(InfoContent)</onfocus>
			</control-->
			<!-- Trailer Button -->
			<!--control type="button" id="11">
				<width>247</width>
				<label>20410</label>
				<include condition="!Skin.HasSetting(DialogButtonStyleJustText)">DialogButtonStyle</include>
				<visible>!String.IsEmpty(ListItem.Trailer)</visible>
				<onfocus>ClearProperty(InfoContent)</onfocus>
				<visible>!String.IsEmpty(ListItem.Trailer) + !Skin.HasSetting(WindowedTrailer)</visible>
			</control-->
			<!-- Windowed Trailer Button -->
			<!--control type="button" id="16">
				<width>247</width>
				<label>20410</label>
				<include condition="!Skin.HasSetting(DialogButtonStyleJustText)">DialogButtonStyle</include>
				<visible>!String.IsEmpty(ListItem.Trailer)</visible>
				<onfocus>ClearProperty(InfoContent)</onfocus>
				<onclick>PlayMedia($INFO[ListItem.Trailer],1)</onclick>
				<visible>!String.IsEmpty(ListItem.Trailer) + Skin.HasSetting(WindowedTrailer)</visible>
			</control-->
			<!-- Plot Button -->
			<control type="button" id="26">
				<width>247</width>
				<label>207</label>
				<onup>55</onup>
				<include condition="!Skin.HasSetting(DialogButtonStyleJustText)">DialogButtonStyle</include>
				<onclick>SetProperty(InfoContent,Plot)</onclick>
				<onfocus>ClearProperty(InfoContent)</onfocus>
			</control>
			<!-- Cast Button -->
			<!--control type="button" id="15">
				<width>247</width>
				<label>206</label>
				<onup>51</onup>
				<include condition="!Skin.HasSetting(DialogButtonStyleJustText)">DialogButtonStyle</include>
				<onclick>SetProperty(InfoContent,Actors)</onclick>
				<onfocus>ClearProperty(InfoContent)</onfocus>
			</control-->
			<!-- YouTube Button -->
			<!--control type="button" id="17">
				<width>247</width>
				<label>31099</label>
				<onup>55</onup>
				<include condition="!Skin.HasSetting(DialogButtonStyleJustText)">DialogButtonStyle</include>
				<onclick>SetProperty(InfoContent,YouTube)</onclick>
				<onfocus>ClearProperty(InfoContent)</onfocus>
			</control-->
			
			<!-- Set Movies Button -->
			<control type="button" id="27">
				<width>247</width>
				<label>342</label>
				<onup>255</onup>
				<include condition="!Skin.HasSetting(DialogButtonStyleJustText)">DialogButtonStyle</include>
				<onclick>SetProperty(InfoContent,SetMovies)</onclick>
				<onfocus>ClearProperty(InfoContent)</onfocus>
				<!--visible>!String.IsEmpty(ListItem.SetID)</visible>  <!-- + Integer.IsGreater(Container(255).NumItems,1) -->
			</control>
			
			<!-- Personal Rating Button -->
			<!--control type="button" id="7">
				<width>247</width>
				<label>31206</label>
				<include condition="!Skin.HasSetting(DialogButtonStyleJustText)">DialogButtonStyle</include>
				<onfocus>ClearProperty(InfoContent)</onfocus>
				<visible>Control.IsEnabled(7)</visible>
			</control-->
			<!-- Refresh Button -->
			<!--control type="button" id="6">
				<width>247</width>
				<label>184</label>
				<include condition="!Skin.HasSetting(DialogButtonStyleJustText)">DialogButtonStyle</include>
				<onfocus>ClearProperty(InfoContent)</onfocus>
			</control>
			<!-- Get Thumb Button -->
			<!--control type="button" id="10">
				<width>247</width>
				<label>13511</label>
				<include condition="!Skin.HasSetting(DialogButtonStyleJustText)">DialogButtonStyle</include>
				<onfocus>ClearProperty(InfoContent)</onfocus>
			</control>
			<!-- Artwork Downloader Button -->
			<control type="button" id="20">
				<width>247</width>
				<label>31043</label>
				<include condition="!Skin.HasSetting(DialogButtonStyleJustText)">DialogButtonStyle</include>
				<onclick condition="Container.Content(movies)">XBMC.RunScript(script.artwork.downloader, mode=gui, mediatype=movie, dbid=$INFO[ListItem.DBID])</onclick>
				<onclick condition="Container.Content(tvshows)">XBMC.RunScript(script.artwork.downloader, mode=gui, mediatype=tvshow, dbid=$INFO[ListItem.DBID])</onclick>
				<!--onclick condition="Container.Content(episodes)">XBMC.RunScript(script.artwork.downloader, mode=gui, mediatype=episodes, dbid=$INFO[ListItem.DBID])</onclick-->
				<visible>System.HasAddon(script.artwork.downloader) + [Container.Content(movies) | Container.Content(tvshows)]</visible>
				<onfocus>ClearProperty(InfoContent)</onfocus>
			</control>
			<!-- Library Editor Button -->
			<!--control type="button" id="25">
				<width>247</width>
				<label>Edit Data</label>
				<include condition="!Skin.HasSetting(DialogButtonStyleJustText)">DialogButtonStyle</include>
				<onclick>Dialog.Close(MovieInformation)</onclick>
				<onclick>XBMC.RunScript(script.libraryeditor,DBID=$INFO[ListItem.DBID])</onclick>
                <visible>System.HasAddon(script.libraryeditor) + Container.Content(Movies) + !Skin.HasSetting(DisableLibraryEditorSupport)</visible>
				<onfocus>ClearProperty(InfoContent)</onfocus>
			</control-->

		</control>
		
		<!-- Codec flagging grouplist -->
		<control type="grouplist">
			<left>75</left>
			<top>1000</top>
			<width>1740</width>
			<height>50</height>
			<itemgap>6</itemgap>
			<align>left</align>
			<orientation>horizontal</orientation>
			<visible>Container.Content(Movies) | Container.Content(Episodes)</visible>
			<!-- Filename "Flagging" -->
			<control type="label">
				<width>auto</width>
				<height>50</height>
				<font>Font30</font>
				<align>left</align>
				<textcolor>TextColor4</textcolor>
				<label>$VAR[MediaTypeHackFlagging,, •]</label>
			</control>
			<!-- "Flagging" -->
			<control type="label">
				<width>auto</width>
				<height>50</height>
				<font>Font30</font>
				<align>left</align>
				<textcolor>TextColor4</textcolor>
				<label>$INFO[ListItem.VideoResolution]$INFO[ListItem.VideoCodec, • ]$INFO[ListItem.VideoAspect, • ]$INFO[ListItem.AudioCodec, • [UPPERCASE],[/UPPERCASE]]$VAR[AudioChannels, • ]</label>
			</control>
		</control>	

	</controls>

</window>