<?xml version="1.0" encoding="UTF-8"?>

<!--
<window type="dialog" id="1157">

	<zorder>2</zorder>

	<visible>Window.IsActive(pictures) + Skin.HasSetting(ShowCustomPictureViewer)</visible>

	<controls>
-->

<window id="1157" type="window">

    <defaultcontrol always="true">700</defaultcontrol>
	<allowoverlay>true</allowoverlay>
	<backgroundcolor>0x00000000</backgroundcolor>
	
	<onunload>Skin.Reset(CustomPictureViewerContentPath)</onunload>
	
	<controls>

		<control type="group">
			<!--visible>Window.IsActive(pictures) + Skin.HasSetting(ShowCustomPictureViewer)</visible-->
			
			<!-- Black BG -->
			<control type="image">
				<centerleft>50%</centerleft>
				<centertop>50%</centertop>
				<width>1920</width>
				<height>1080</height>
				<aspectratio>scale</aspectratio>
				<texture background="true" colordiffuse="FF000000">common/Base.png</texture>
			</control>
		
			<control type="wraplist" id="700">
				<!--visible>Container.Content(images)</visible-->
				<top>0</top>
				<left>0</left>
				<height>1080</height>
				<width>1920</width>
				<onup>700</onup>
				<ondown>700</ondown>
				<onleft>700</onleft>
				<onright>700</onright>
				<onback>esc</onback>
				<preloaditems>2</preloaditems>
				<pagecontrol>60</pagecontrol>
				<orientation>horizontal</orientation>
				<viewtype label="Image Wrap">Wrap list</viewtype>
				<scrolltime tween="quadratic">400</scrolltime>
				
				<itemlayout height="1080" width="1920">
				
					<control type="image">
						<centerleft>50%</centerleft>
						<centertop>50%</centertop>
						<width>1920</width>
						<height>1080</height>
						<aspectratio scalediffuse="false">keep</aspectratio>
						<texture background="true">$INFO[ListItem.Icon]</texture>
						<!--visible>SubString(Listitem.Label,..,left)</visible-->
					</control>
				
				</itemlayout>
			   
				<focusedlayout height="1080" width="1920">
				
					<control type="image">
						<centerleft>50%</centerleft>
						<centertop>50%</centertop>
						<width>1920</width>
						<height>1080</height>
						<aspectratio scalediffuse="false">keep</aspectratio>
						<texture background="true">$INFO[ListItem.Icon]</texture>
						<!--visible>SubString(Listitem.Label,..,left)</visible-->
					</control>
				
				</focusedlayout>
				
				<content>$INFO[Skin.String(CustomPictureViewerContentPath)]</content>
				
			</control>
			
		</control>	
		
		<!-- Close Window Button -->
		<control type="button">
			<description>Close Window button</description>
			<right>70</right>
			<top>0</top>
			<width>120</width>
			<height>50</height>
			<label>[B]x[/B]</label>
			<font>Font42</font>
			<align>center</align>
			<aligny>bottom</aligny>
			<textoffsetx></textoffsetx>
			<textoffsety>-12</textoffsety>
			<onclick>PreviousMenu</onclick>
			<texturefocus border="15" colordiffuse="CommonDialogButtonFO">Buttons/DialogCloseButton.png</texturefocus>
			<texturenofocus border="15" colordiffuse="CommonDialogButtonNF">Buttons/DialogCloseButton.png</texturenofocus>
			<visible>system.getbool(input.enablemouse) + Skin.HasSetting(ShowMouseButtons)</visible>
		</control>
			
		
		<!-- Kleines Infofenster --
		<control type="group">
            <left>30</left>
            <top>270r</top>
            <visible>Player.ShowInfo + Player.HasMedia</visible>
            <include>VisibleFadeEffect</include>
            <include>SmallMusicInfo</include>
        </control>
		<!-- Kleines Infofenster End -->
	
	</controls>

</window>