<?xml version="1.0" encoding="UTF-8"?>
<window>
	<!-- seekbar -->
	<defaultcontrol always="true">1</defaultcontrol>
	<!--
	<visible>[VideoPlayer.IsFullscreen | Window.IsVisible(visualisation)] + [Player.Seeking | Player.DisplayAfterSeek | Player.Paused | Player.Forwarding | Player.Rewinding] + !Window.IsVisible(VideoOSD)</visible>
	->
	<visible>[Player.Seeking | Player.DisplayAfterSeek | Player.Paused | Player.Forwarding | Player.Rewinding]</visible>
	
	<visible>Player.HasMedia + Window.IsActive(PlayerControls) + !Window.IsActive(FullscreenVideo) + !Window.IsActive(Visualisation)</visible>
	-->
	
	<!-- Dialog welcher das caching (z.B. bei streams) anzeigt (balken & Prozentangabe) -->
	
	<visible>Player.Caching</visible>
	
	<animation type="WindowOpen">
		<effect type="zoom" start="90" end="100" center="auto" tween="back" easing="out" time="200"/>
		<effect type="fade" start="0" end="100" time="200"/>
	</animation>

	<controls>

		<!-- Cache -->
		<control type="group">
			<centerleft>50%</centerleft>
			<top>15</top>
			<width>800</width>
			<height>180</height>
			<include>DialogZoomAnimation</include>
			<!--animation effect="fade" start="100" end="0" time="0" condition="Window.IsActive(fullscreenvideo)">Conditional</animation-->

			<!-- Background image -->
			<!-- old:
			<control type="image">
				<left>0</left>
				<top>0</top>
				<width>800</width>
				<height>180</height>
				<texture border="20">dialogs/DialogBackground.png</texture>
			</control>
			-->
			
			<!-- Panel (Background image) -->
			<include>Dialog-Top-BackgroundImage</include>
			
			<!-- Kodi controls according Wiki (test) -->
			<control type="group">
				<visible>false</visible>
				<!-- Info -->
				<control type="label" id="402">
					<left>40</left>
					<top>50</top>
					<width>720</width>
					<height>33</height>
					<align>right</align>
					<scroll>true</scroll>
					<font>Font33</font>
					<textcolor>DialogTextColor1</textcolor>
					<label>-</label>
				</control>
				<!-- Slider -->
				<control type="slider" id="401">
					<left>40</left>
					<top>104</top>
					<width>720</width>
					<height>20</height>
					<texturesliderbar border="10,0,10,0">osd/OSDSliderBack.png</texturesliderbar>
					<textureslidernib border="10,0,10,0">osd/OSDSliderNib.png</textureslidernib>
					<textureslidernibfocus border="10,0,10,0">osd/OSDSliderNib.png</textureslidernibfocus>
				</control>
			</control>
			
			
			
			<!-- Heading -->
			<control type="label">
				<left>40</left>
				<top>50</top>
				<width>720</width>
				<height>33</height>
				<align>center</align>
				<scroll>true</scroll>
				<font>Font33</font>
				<textcolor>DialogTextColor1</textcolor>
				<label>$LOCALIZE[15107] $INFO[Player.CacheLevel]%</label>
				<!--visible>[Player.Paused + Player.Caching]</visible-->
				<visible>Player.Caching</visible>
			</control>
			
			<!--  Current position/Time remaining -->
			<!--
			<control type="button">
				<left>40</left>
                <top>95</top>
                <width>720</width>
				<height>60</height>
				<font>Font27</font>
				<textcolor>DialogTextColor2</textcolor>
				<label>$INFO[Player.Time]</label>
				<label2>$INFO[Player.Duration]</label2>
				<onclick>noop</onclick>
			</control>
			-->

			<!--  Progress bar -->
			<!--
			<control type="progress" id="1">
				<left>40</left>
                <top>95</top>
                <width>720</width>
                <height>3</height>
				<info>Player.Progress</info>
				<texturebg border="1" colordiffuse="72FFFFFF">osd/OSDProgressBack.png</texturebg>
				<lefttexture>-</lefttexture>
				<midtexture border="1" colordiffuse="72FFFFFF">osd/OSDProgressBar.png</midtexture>
				<righttexture>-</righttexture>
				<overlaytexture>-</overlaytexture>
			</control>
			-->

			<!--  Cache bar -->
			<!--
			<control type="progress" id="1">
				<left>40</left>
                <top>95</top>
                <width>720</width>
                <height>3</height>
				<info>Player.ProgressCache</info>
				<texturebg border="1">osd/OSDProgressBack.png</texturebg>
				<lefttexture>-</lefttexture>
				<midtexture border="1">osd/OSDProgressBar.png</midtexture>
				<righttexture>-</righttexture>
				<overlaytexture>-</overlaytexture>
			</control>
			-->
			
			<!--  Cachelevel bar -->
			<control type="progress" id="1">
				<left>40</left>
                <top>95</top>
                <width>720</width>
                <height>3</height>
				<info>Player.CacheLevel</info>
				<texturebg border="1">osd/OSDProgressBack.png</texturebg>
				<lefttexture>-</lefttexture>
				<midtexture border="1">osd/OSDProgressBar.png</midtexture>
				<righttexture>-</righttexture>
				<overlaytexture>-</overlaytexture>
			</control>
			
		</control>
		

	</controls>

</window>