<?xml version="1.0" encoding="UTF-8"?>
<window>
	<!-- favourites -->
	<defaultcontrol always="true">450</defaultcontrol>
	<include>DialogZoomAnimation</include>
	<onload>ClearProperty(favourite.1.name,home)</onload>
	<onload>ClearProperty(favourite.2.name,home)</onload>
	<onload>ClearProperty(favourite.3.name,home)</onload>
	<onload>ClearProperty(favourite.4.name,home)</onload>
	<onload>ClearProperty(favourite.5.name,home)</onload>
	<onload>ClearProperty(favourite.6.name,home)</onload>
	<onload>ClearProperty(favourite.7.name,home)</onload>
	<onload>ClearProperty(favourite.8.name,home)</onload>
	<onload>ClearProperty(favourite.9.name,home)</onload>
	<onload>ClearProperty(favourite.10.name,home)</onload>
	<onunload condition="System.HasAddon(script.favourites) + Skin.HasSetting(HomeFavourites)">RunScript(script.favourites)</onunload>

	<controls>

		<!-- Background -->
		<include>DialogBackgroundImage</include>

		<!-- Heading -->
		<control type="label">
			<include>DialogHeaderLabelInner</include>
		</control>

		<!-- Heading old: -
		<control type="label">
			<left>150</left>
			<top>96</top>
			<width>1620</width>
			<height>72</height>
			<font>Font72</font>
			<label>1036</label>
		</control>
		-->
		
		<!-- Close Window Button -->
		<control type="button">
			<description>Close Window button</description>
			<right>70</right>
			<top>21</top>
			<width>120</width>
			<height>50</height>
			<label>[B]x[/B]</label>
			<font>Font42</font>
			<align>center</align>
			<aligny>bottom</aligny>
			<textoffsetx></textoffsetx>
			<textoffsety>-12</textoffsety>
			<onclick>close</onclick>
			<texturefocus border="15" colordiffuse="CommonDialogButtonFO">Buttons/DialogCloseButton.png</texturefocus>
			<texturenofocus border="15" colordiffuse="CommonDialogButtonNF">Buttons/DialogCloseButton.png</texturenofocus>
			<visible>system.getbool(input.enablemouse) + Skin.HasSetting(ShowMouseButtons)</visible>
		</control>


		<!-- Image -->
		<control type="image">
			<left>80</left>
			<top>189</top>
			<width>505</width>
			<height>713</height>
			<texture fallback="DefaultFolder.png">$INFO[Container(450).ListItem.Icon]</texture>
			<aspectratio aligny="center">keep</aspectratio>
			<bordersize>5</bordersize>
			<bordertexture border="7">Borders/BorderNF.png</bordertexture>
			<visible>!SubString(Container(450).ListItem.Icon,Default)</visible>
		</control>
		<control type="image">
			<left>150</left>
			<top>225</top>
			<width>405</width>
			<height>600</height>
			<texture fallback="DefaultFolder.png">$INFO[Container(450).ListItem.Icon]</texture>
			<colordiffuse>OverlayColorFO</colordiffuse>
			<aspectratio aligny="center">keep</aspectratio>
			<visible>SubString(Container(450).ListItem.Icon,Default)</visible>
		</control>

		<!-- List -->
		<control type="list" id="450">
			<left>670</left>
			<top>197</top>  <!-- 192 -->
			<width>1170</width>
			<height>690</height>
			<onup>450</onup>
			<ondown>450</ondown>
			<onleft>noop</onleft>
			<onright>noop</onright>
			<orientation>vertical</orientation>
			<pagecontrol>60</pagecontrol>
			<viewtype label="535">list</viewtype>
			<scrolltime tween="sine" easing="out">240</scrolltime>

			<itemlayout width="1170" height="58">
				<control type="label">
					<width>1170</width>
					<height>58</height>
					<font>Font36</font>
					<textcolor>DialogTextColor2</textcolor>
					<label>$INFO[ListItem.Label]</label>
				</control>
			</itemlayout>

			<focusedlayout width="1170" height="58">
				<control type="label">
					<width>1170</width>
					<height>58</height>
					<font>Font36</font>
					<textcolor>DialogTextColor1</textcolor>
					<label>$INFO[ListItem.Label]</label>
				</control>
			</focusedlayout>

		</control>
		
		<!-- Scrollbar (list) -->
		
		<control type="scrollbar" id="60">
			<left>620</left>
			<centertop>50%</centertop>
			<width>20</width>
			<height>720</height>
			<onleft condition="!Skin.HasSetting(KioskMode)">3001</onleft>
			<onright>50</onright>
			<showonepage>false</showonepage>
			<orientation>vertical</orientation>
			<colordiffuse>OverlayColorNF</colordiffuse>
			<texturesliderbackground border="9,1,6,1">common/ScrollBackground.png</texturesliderbackground>
			<texturesliderbar border="8,1,6,1">common/ScrollbarGripNF.png</texturesliderbar>
			<texturesliderbarfocus border="8,1,6,1" colordiffuse="DialogOverlayColorFO">common/ScrollbarGripFO.png</texturesliderbarfocus>
			<textureslidernib>-</textureslidernib>
			<textureslidernibfocus>-</textureslidernibfocus>
			<visible>!Skin.HasSetting(Scrollbars) + Control.IsVisible(450)</visible>
		</control>
		

	</controls>

</window>