<?xml version="1.0" encoding="UTF-8"?>
<window>
	<!-- pvrguidesearch -->
	<defaultcontrol always="true">9</defaultcontrol>
	<include>DialogZoomAnimation</include>

	<controls>

		<!-- Background -->
		<include>DialogBackgroundImage</include>

		<!-- Heading -->
		<control type="label">
			<include>DialogHeaderLabelInner</include>
		</control>

		<!-- Heading old: -
		<control type="label">
			<left>80</left>
			<top>96</top>
			<width>1620</width>
			<height>72</height>
			<font>Font72</font>
			<label>19142</label>
		</control>
		-->

		<!-- Search label -->
		<control type="label">
			<left>80</left>
			<top>184</top>
			<width>1760</width>
			<label>[B]$LOCALIZE[19133][/B]</label>
		</control>

		<!-- Search -->
		<control type="edit" id="9">
			<left>80</left>
			<top>229</top>
			<width>1760</width>
			<height>66</height>
			<textoffsetx>20</textoffsetx>
			<textwidth>1720</textwidth>
			<onup>noop</onup>
			<ondown>9001</ondown>
			<onleft>noop</onleft>
			<onright>noop</onright>
			<texturefocus colordiffuse="$VAR[CommonDialogButtonFO]">common/Base.png</texturefocus>
			<texturenofocus colordiffuse="CommonDialogButtonNF">common/Base.png</texturenofocus>
		</control>

		<!-- Search help -->
		<control type="label">
			<left>80</left>
			<top>301</top>
			<width>1620</width>
			<font>Font27</font>
			<label>$LOCALIZE[19001] $LOCALIZE[19002]</label>
		</control>

		<!-- Left group -->
		<control type="grouplist" id="9001">
			<left>90</left>
			<top>360</top>
			<width>830</width>
			<height>528</height>
			<onleft>noop</onleft>
			<onright>noop</onright>
			<onup>9</onup>
			<ondown>9000</ondown>
			<itemgap>0</itemgap>
			<orientation>vertical</orientation>

			<!-- Include Description -->
			<control type="radiobutton" id="10">
				<width>830</width>
				<onright>12</onright>
				<label>19134</label>
			</control>

			<!-- Case Sensitive -->
			<control type="radiobutton" id="11">
				<width>830</width>
				<onright>13</onright>
				<label>19135</label>
			</control>

			<!-- Start Date -->
			<control type="edit" id="14">
				<width>830</width>
				<onright>16</onright>
				<textoffsetx>20</textoffsetx>
				<textwidth>760</textwidth>
				<texturefocus>dialogs/DialogTextBackground.png</texturefocus>
				<texturenofocus>-</texturenofocus>
				<label>19128</label>
			</control>

			<!-- Stop Date -->
			<control type="edit" id="15">
				<width>830</width>
				<onright>17</onright>
				<textoffsetx>20</textoffsetx>
				<textwidth>760</textwidth>
				<texturefocus>dialogs/DialogTextBackground.png</texturefocus>
				<texturenofocus>-</texturenofocus>
				<label>19129</label>
			</control>

			<!-- Genre -->
			<control type="spincontrolex" id="18">
				<width>830</width>
				<onright>19</onright>
				<label>515</label>
			</control>

			<!-- Include unknown Genres -->
			<control type="radiobutton" id="20">
				<width>830</width>
				<onright>21</onright>
				<label>19132</label>
			</control>

			<!-- FTA only -->
			<control type="radiobutton" id="22">
				<width>830</width>
				<onright>23</onright>
				<label>19123</label>
			</control>

			<!-- Ignore Timers -->
			<control type="radiobutton" id="24">
				<width>830</width>
				<onright>27</onright>
				<label>19124</label>
			</control>
		</control>
		
		<!-- Separator -->
		<control type="image" id="6">
			<left>950</left>
			<top>356</top>
			<width>20</width>
			<height>530</height>
			<texture border="1,12,1,1" colordiffuse="21ffffff">common/ScrollBackground.png</texture>
			<visible></visible>
		</control>

		<!-- Right group -->
		<control type="grouplist" id="9002">
			<left>1000</left>
			<top>360</top>
			<width>830</width>
			<height>528</height>
			<onleft>noop</onleft>
			<onright>noop</onright>
			<onup>9</onup>
			<ondown>9000</ondown>
			<itemgap>0</itemgap>
			<orientation>vertical</orientation>

			<!-- Min Duration -->
			<control type="spincontrolex" id="12">
				<width>830</width>
				<onleft>10</onleft>
				<label>19130</label>
			</control>

			<!-- Max Duration -->
			<control type="spincontrolex" id="13">
				<width>830</width>
				<onleft>11</onleft>
				<label>19131</label>
			</control>

			<!-- Start time -->
			<control type="edit" id="16">
				<width>830</width>
				<onleft>14</onleft>
				<textoffsetx>20</textoffsetx>
				<textwidth>760</textwidth>
				<texturefocus>dialogs/DialogTextBackground.png</texturefocus>
				<texturenofocus>-</texturenofocus>
				<label>19126</label>
			</control>

			<!-- Stop time -->
			<control type="edit" id="17">
				<width>830</width>
				<onleft>15</onleft>
				<textoffsetx>20</textoffsetx>
				<textwidth>760</textwidth>
				<texturefocus>dialogs/DialogTextBackground.png</texturefocus>
				<texturenofocus>-</texturenofocus>
				<label>19127</label>
			</control>

			<!-- Avoid repeats -->
			<control type="radiobutton" id="19">
				<width>830</width>
				<onleft>18</onleft>
				<label>19121</label>
			</control>

			<!-- Groups -->
			<control type="spincontrolex" id="21">
				<width>830</width>
				<onleft>20</onleft>
				<label>19141</label>
			</control>

			<!-- Channels -->
			<control type="spincontrolex" id="23">
				<width>830</width>
				<onleft>22</onleft>
				<label>19148</label>
			</control>

			<!-- Ignore Recordings -->
			<control type="radiobutton" id="27">
				<width>830</width>
				<onleft>24</onleft>
				<label>19125</label>
			</control>

		</control>

		<!-- Button grouplist -->
		<control type="grouplist" id="9000">
			<left>80</left>
			<top>934</top>
			<width>1620</width>
			<height>66</height>
			<itemgap>6</itemgap>
			<onleft>noop</onleft>
			<onright>noop</onright>
			<onup>9001</onup>
			<ondown>noop</ondown>
			<orientation>horizontal</orientation>

			<!-- Search Button -->
			<control type="button" id="26">
				<width>400</width>
				<label>137</label>
				<include condition="!Skin.HasSetting(DialogButtonStyleJustText)">DialogButtonStyle</include>
			</control>

			<!-- Cancel Button -->
			<control type="button" id="25">
				<width>400</width>
				<label>222</label>
				<include condition="!Skin.HasSetting(DialogButtonStyleJustText)">DialogButtonStyle</include>
			</control>

			<!-- Defaults Button -->
			<control type="button" id="28">
				<width>400</width>
				<label>10035</label>
				<include condition="!Skin.HasSetting(DialogButtonStyleJustText)">DialogButtonStyle</include>
			</control>

		</control>

	</controls>

</window>