<?xml version="1.0" encoding="UTF-8"?>
<window>
	<!-- Event Log -->
	<defaultcontrol always="true">570</defaultcontrol>
	<include>DialogZoomAnimation</include>
	<views>570</views>
	<controls>
	
		<!-- Background -->
		<include>WindowBackgroundImage</include>
		
		<!-- Background -->
		<include>DialogBackgroundImage</include>

		<!-- Curve -->
		<!--
		<control type="image">
			<right>20</right>
			<top>20</top>
			<width>1280</width>
			<height>1040</height>
			<texture border="40,0,0,0">common/Curve.png</texture>
			<visible>Skin.HasSetting(ShowCurve)</visible>
		</control>
		-->
		
		<!-- Close Window Button -->
		<control type="button">
			<description>Close Window button</description>
			<right>70</right>
			<top>21</top>
			<width>120</width>
			<height>50</height>
			<label>[B]x[/B]</label>
			<font>Font42</font>
			<align>center</align>
			<aligny>bottom</aligny>
			<textoffsetx></textoffsetx>
			<textoffsety>-12</textoffsety>
			<onclick>PreviousMenu</onclick>
			<texturefocus border="15" colordiffuse="CommonDialogButtonFO">Buttons/DialogCloseButton.png</texturefocus>
			<texturenofocus border="15" colordiffuse="CommonDialogButtonNF">Buttons/DialogCloseButton.png</texturenofocus>
			<visible>system.getbool(input.enablemouse) + Skin.HasSetting(ShowMouseButtons)</visible>
		</control>

		<!-- Image -->
		<control type="image">
			<left>85</left>
			<top>189</top>
			<width>495</width>
			<height>703</height>
			<texture>$INFO[ListItem.Icon]</texture>
			<colordiffuse>OverlayColorFO</colordiffuse>
			<aspectratio align="center" aligny="center">keep</aspectratio>
		</control>

		<!-- List -->
		<control type="fixedlist" id="570">
			<left>689</left>
			<centertop>50%</centertop>
			<width>1150</width>
			<height>720</height>
			<onup>570</onup>
			<ondown>570</ondown>
			<onleft>60</onleft>
			<onright condition="!Skin.HasSetting(KioskMode)">3001</onright>
			<pagecontrol>60</pagecontrol>
			<focusposition>3</focusposition>
			<orientation>vertical</orientation>
			<scrolltime tween="sine" easing="out">240</scrolltime>
			<viewtype label="535">list</viewtype>

			<itemlayout height="103" width="1150">
				<control type="image">
					<left>2</left>
					<top>15</top>
					<width>75</width>
					<height>75</height>
					<texture>$INFO[ListItem.Icon]</texture>
					<colordiffuse>OverlayColorFO</colordiffuse>
					<aspectratio align="center" aligny="center">stretch</aspectratio>
					<animation effect="fade" start="100" end="50" time="0" condition="true">Conditional</animation>
				</control>
				<control type="label">
					<left>97</left>
					<top>8</top>
					<width>1050</width>
					<height>50</height>
					<font>Font36</font>
					<label>$INFO[ListItem.Label]</label>
					<textcolor>DialogTextColor2</textcolor>
					<shadowcolor>ShadowColor</shadowcolor>
				</control>
				<control type="label">
					<left>97</left>
					<top>8</top>
					<width>1050</width>
					<height>50</height>
					<font>Font27</font>
					<label>$INFO[ListItem.Label2]</label>
					<align>right</align>
					<textcolor>DialogTextColor2</textcolor>
					<shadowcolor>ShadowColor</shadowcolor>
				</control>
				<control type="label">
					<left>97</left>
					<top>55</top>
					<width>1050</width>
					<height>30</height>
					<font>Font27</font>
					<label>$INFO[ListItem.Property(Event.Description)]</label>
					<textcolor>DialogTextColor3</textcolor>
					<shadowcolor>ShadowColor</shadowcolor>
				</control>
			</itemlayout>

			<focusedlayout height="103" width="1150">
				<control type="image">
					<left>2</left>
					<top>15</top>
					<width>75</width>
					<height>75</height>
					<texture>$INFO[ListItem.Icon]</texture>
					<colordiffuse>OverlayColorFO</colordiffuse>
					<aspectratio align="center" aligny="center">stretch</aspectratio>
					<animation effect="fade" start="100" end="50" time="200" tween="cubic" easing="out" reversible="true" condition="!Control.HasFocus(570)">Conditional</animation>
				</control>
				<control type="label">
					<left>97</left>
					<top>8</top>
					<width>1050</width>
					<height>50</height>
					<font>Font36</font>
					<label>$INFO[ListItem.Label]</label>
					<textcolor>DialogTextColor1</textcolor>
					<shadowcolor>ShadowColor</shadowcolor>
					<animation effect="fade" start="100" end="50" time="200" tween="cubic" easing="out" reversible="true" condition="!Control.HasFocus(570)">Conditional</animation>
				</control>
				<control type="label">
					<left>97</left>
					<top>8</top>
					<width>1050</width>
					<height>50</height>
					<font>Font27</font>
					<label>$INFO[ListItem.Label2]</label>
					<align>right</align>
					<textcolor>DialogTextColor1</textcolor>
					<shadowcolor>ShadowColor</shadowcolor>
					<animation effect="fade" start="100" end="50" time="200" tween="cubic" easing="out" reversible="true" condition="!Control.HasFocus(570)">Conditional</animation>
				</control>
				<control type="label">
					<left>97</left>
					<top>55</top>
					<width>1050</width>
					<height>30</height>
					<font>Font27</font>
					<label>$INFO[ListItem.Property(Event.Description)]</label>
					<textcolor>DialogTextColor2</textcolor>
					<shadowcolor>ShadowColor</shadowcolor>
					<animation effect="fade" start="100" end="50" time="200" tween="cubic" easing="out" reversible="true" condition="!Control.HasFocus(570)">Conditional</animation>
				</control>

			</focusedlayout>

		</control>

		<!-- Scrollbar -->
		<control type="scrollbar" id="60">
			<left>645</left>
			<centertop>50%</centertop>
			<width>20</width>
			<height>720</height>
			<onleft condition="!Skin.HasSetting(KioskMode)">3001</onleft>
			<onright>50</onright>
			<showonepage>false</showonepage>
			<orientation>vertical</orientation>
			<colordiffuse>OverlayColorNF</colordiffuse>
			<texturesliderbackground border="11,1,1,1">common/ScrollBackground.png</texturesliderbackground>
			<texturesliderbar border="11,1,1,1">common/ScrollbarGripNF.png</texturesliderbar>
			<texturesliderbarfocus border="11,1,1,1" colordiffuse="DialogOverlayColorFO">common/ScrollbarGripFO.png</texturesliderbarfocus>
			<textureslidernib>-</textureslidernib>
			<textureslidernibfocus>-</textureslidernibfocus>
			<visible>!Skin.HasSetting(Scrollbars)</visible>
		</control>
		
		<!-- Heading -->
		<control type="label">
			<include>DialogHeaderLabelInner</include>
		</control>

		<!-- Time -->
		<!--
		<include>Time</include>
		-->
		
		<!-- Options -->
		<include condition="!Skin.Hassetting(SidebladeStyleSimple)">SidebladeEventLog</include>

		<include condition="Skin.Hassetting(SidebladeStyleSimple)">SidebladeEventLogV2</include>
			
			
			
			
	
	<!-- ****** Unused ****** -->

		<!-- Options (old) -->
		<control type="group">
			<include>OptionsAnimation</include>
			<!--visible allowhiddenfocus="true">ControlGroup(3000).HasFocus()</visible-->
			<visible>false</visible>

			<!-- Background -->
			<include>OptionsBackgroundImage</include>

			<!-- Main group -->
			<control type="group">
				<left>85</left>
				<top>297</top>

				<!-- Heading -->
				<control type="label">
					<animation effect="fade" start="0" end="100" time="200">Visible</animation>
					<left>0</left>
					<top>34</top>
					<width>1200</width>
					<height>72</height>
					<label>$VAR[CustomMenuHeading]</label>
					<font>Font72</font>
					<textcolor>DialogTextColor1</textcolor>
				</control>

				<!-- Look controls -->
				<control type="grouplist" id="3000">
					<left>0</left>
					<top>130</top>
					<width>1200</width>
					<height>600</height>
					<onup>noop</onup>
					<ondown>noop</ondown>
					<onleft>570</onleft>
					<onright>570</onright>
					<itemgap>8</itemgap>
					<scrolltime>200</scrolltime>
					<orientation>vertical</orientation>
					<defaultcontrol always="true">3001</defaultcontrol>
					<visible allowhiddenfocus="true">ControlGroup(3000).HasFocus()</visible>

					<!-- Dummy to set focus to top -->
					<control type="button" id="3001">
						<width>0</width>
						<height>-8</height>
						<label>-</label>
						<onfocus>Down</onfocus>
					</control>
					<!-- Sort -->
					<control type="togglebutton" id="4">
						<include>OptionButtons</include>
						<label>584</label>
						<altlabel>585</altlabel>
						<usealttexture>Container.SortDirection(Descending)</usealttexture>
						<visible>Control.IsEnabled(4)</visible>
					</control>
					<!-- Level -->
					<control type="button" id="21">
						<include>OptionButtons</include>
						<label>-</label>
					</control>
					<!-- Only current level -->
					<control type="radiobutton" id="22">
						<include>OptionButtons</include>
						<label>-</label>
					</control>
					<!-- Clear -->
					<control type="button" id="20">
						<include>OptionButtons</include>
						<label>192</label>
					</control>
				</control>

			</control>

		</control>

	</controls>

</window>
