<includes>
	
	<!-- Start Sideblade AddonBrowser Includes (AddonBrowser.xml) -->
	<include name="SidebladeAddonBrowserV2SettingsWindow">
	
		<!-- Options -->
		<control type="group">
			<include>OptionsAnimationSettingsWindow</include>
			<visible allowhiddenfocus="true">ControlGroup(3000).HasFocus() | ControlGroup(4000).HasFocus() | ControlGroup(5000).HasFocus()</visible>

			<!-- Background -->
			<include>OptionsBackgroundImageSettingsWindow</include>

			<!-- Main group -->
			<control type="group">
				<right>25</right>
				<width>555</width>
				<top>297</top>

				<!-- Scroll -->
				<control type="image">
					<left>0</left>
					<top>0</top>
					<width>72</width>
					<height>20</height>
					<texture border="1,12,1,1" colordiffuse="Dialog-S-OverlayColorNF">common/ScrollBackgroundHorizontal.png</texture>
				</control>
				<control type="image">
					<left>0</left>
					<top>0</top>
					<width>24</width>
					<height>20</height>
					<texture border="1,12,1,1" colordiffuse="Dialog-S-OverlayColorFO">common/ScrollbarGripHorizontalFO.png</texture>
					<animation effect="slide" start="0" end="24" time="200" condition="ControlGroup(4000).HasFocus()">Conditional</animation>
					<animation effect="slide" start="0" end="48" time="200" condition="ControlGroup(5000).HasFocus()">Conditional</animation>
				</control>

				<!-- Heading -->
				<control type="label">
					<animation effect="fade" start="0" end="100" time="200">Visible</animation>
					<left>0</left>
					<top>34</top>
					<width>700</width>
					<height>72</height>
					<label>$VAR[CustomMenuHeading]</label>
					<font>Font72</font>
					<textcolor>Dialog-S-TextColor1</textcolor>
				</control>

				<!-- Look controls -->
				<control type="grouplist" id="3000">
					<left>0</left>
					<top>130</top>
					<width>700</width>
					<height>600</height>
					<onup>noop</onup>
					<ondown>noop</ondown>
					<onleft>50</onleft>
					<onright>4001</onright>
					<itemgap>8</itemgap>
					<scrolltime>200</scrolltime>
					<orientation>vertical</orientation>
					<defaultcontrol always="true">3001</defaultcontrol>
					<visible allowhiddenfocus="true">ControlGroup(3000).HasFocus()</visible>

					<!-- Dummy to set focus to top -->
					<control type="button" id="3001">
						<width>0</width>
						<height>-8</height>
						<label>-</label>
						<onfocus>Down</onfocus>
					</control>
					
					<include>SidebladeAddonBrowserContent1SettingsWindow</include>
					
				</control>

				<!-- More controls -->
				<control type="grouplist" id="4000">
					<left>0</left>
					<top>130</top>
					<width>700</width>
					<height>600</height>
					<onup>noop</onup>
					<ondown>noop</ondown>
					<onleft condition="!Skin.HasSetting(KioskMode)">3001</onleft>
					<onright>5001</onright>
					<itemgap>8</itemgap>
					<scrolltime>200</scrolltime>
					<orientation>vertical</orientation>
					<defaultcontrol always="true">4001</defaultcontrol>
					<visible allowhiddenfocus="true">ControlGroup(4000).HasFocus()</visible>

					<!-- Dummy to set focus to top -->
					<control type="button" id="4001">
						<width>0</width>
						<height>-8</height>
						<label>-</label>
						<onfocus>Down</onfocus>
					</control>
					
					<include>SidebladeAddonBrowserContent2SettingsWindow</include>
					
				</control>

			</control>

		</control>
		
	</include>
	
	<include name="SidebladeAddonBrowserSettingsWindow">
	
		<!-- Options -->
		<control type="group">
			<include>OptionsAnimationSettingsWindow</include>
			<visible allowhiddenfocus="true">ControlGroup(3000).HasFocus() | ControlGroup(4000).HasFocus() | ControlGroup(5000).HasFocus()</visible>

			<!-- Background -->
			<include>OptionsBackgroundImageSettingsWindow</include>

			<!-- Main group -->
			<control type="group">
				<right>25</right>
				<top>45</top>
				<width>555</width>

				<!-- Look controls -->
				<control type="grouplist" id="3000">
					<left>0</left>
					<top>0</top>
					<width>700</width>
					<height>985</height>
					<onup>noop</onup>
					<ondown>noop</ondown>
					<onleft>50</onleft>
					<onright>50</onright>
					<itemgap>8</itemgap>
					<scrolltime>200</scrolltime>
					<orientation>vertical</orientation>
					<defaultcontrol always="true">3001</defaultcontrol>
					<visible allowhiddenfocus="true">ControlGroup(3000).HasFocus()</visible>
					
					<!-- Heading 1 -->
					<control type="label" id="3010">
						<animation effect="fade" start="0" end="100" time="200">Visible</animation>
						<width>700</width>
						<height>72</height>
						<label>$LOCALIZE[31004]</label>
						<font>Font60</font>
						<textcolor>Dialog-S-TextColor1</textcolor>
					</control>
					
					<!-- Dummy to set focus to top -->
					<control type="button" id="3001">
						<width>0</width>
						<height>-8</height>
						<label>-</label>
						<onfocus>Down</onfocus>
					</control>
					
					<include>SidebladeAddonBrowserContent1SettingsWindow</include>
					
					<!-- Heading 2 -->
					<control type="label" id="3011">
						<animation effect="fade" start="0" end="100" time="200">Visible</animation>
						<width>700</width>
						<height>72</height>
						<label>$LOCALIZE[22082]</label>
						<font>Font60</font>
						<textcolor>Dialog-S-TextColor1</textcolor>
					</control>
					
					<include>SidebladeAddonBrowserContent2SettingsWindow</include>
					
				</control>

			</control>

		</control>
		
	</include>
	
	<!-- Look controls -->
	<include name="SidebladeAddonBrowserContent1SettingsWindow">
		<!-- View -->
		<control type="button" id="2">	<!-- id="99" -->
			<include condition="!Skin.Hassetting(SidebladeStyleSimple)">OptionButtons</include>
			<include condition="Skin.Hassetting(SidebladeStyleSimple)">OptionButtonsV2</include>
			<!--label>$INFO[Container.ViewMode]</label-->
			<!--onclick>Container.NextViewMode</onclick-->
			<label>-</label>
			<visible>false</visible>
		</control>
		<!-- Sort by -->
		<control type="button" id="3">
			<include condition="!Skin.Hassetting(SidebladeStyleSimple)">OptionButtons</include>
			<include condition="Skin.Hassetting(SidebladeStyleSimple)">OptionButtonsV2</include>
			<label>103</label>
			<visible>Control.IsEnabled(3)</visible>
		</control>
		<!-- Sort ascending/descending -->
		<control type="togglebutton" id="4">
			<include condition="!Skin.Hassetting(SidebladeStyleSimple)">OptionButtons</include>
			<include condition="Skin.Hassetting(SidebladeStyleSimple)">OptionButtonsV2</include>
			<label>584</label>
			<altlabel>585</altlabel>
			<usealttexture>Container.SortDirection(Descending)</usealttexture>
			<visible>Control.IsEnabled(4)</visible>
		</control>
		<!-- Filter -->
		<!--control type="edit" id="19">
			<include condition="!Skin.Hassetting(SidebladeStyleSimple)">OptionButtons</include>
			<include condition="Skin.Hassetting(SidebladeStyleSimple)">OptionButtonsV2</include>
			<label>587</label>
			<visible>Container.CanFilter + !Container.CanFilterAdvanced</visible>
		</control-->
		<!-- Filter -->
		<control type="radiobutton" id="93">
			<include condition="!Skin.Hassetting(SidebladeStyleSimple)">OptionButtons</include>
			<include condition="Skin.Hassetting(SidebladeStyleSimple)">OptionButtonsV2</include>
			<label>587</label>
			<onclick>right</onclick>
			<onclick>Filter</onclick>
			<selected>Container.Filtered</selected>
			<visible>Container.CanFilterAdvanced</visible>
		</control>
		<!-- Notifications -->
		<!-- *** Krypton remove ***
		<control type="radiobutton" id="6">
			<include condition="!Skin.Hassetting(SidebladeStyleSimple)">OptionButtons</include>
			<include condition="Skin.Hassetting(SidebladeStyleSimple)">OptionButtonsV2</include>
			<label>25000</label>
			<visible>Control.IsEnabled(6)</visible>
		</control>
		-->
		<!-- Language -->
		<control type="radiobutton" id="7">
			<include condition="!Skin.Hassetting(SidebladeStyleSimple)">OptionButtons</include>
			<include condition="Skin.Hassetting(SidebladeStyleSimple)">OptionButtonsV2</include>
			<label>25001</label>
			<visible>Control.IsEnabled(7)</visible>
		</control>
		<!-- Hide incompatible -->
		<control type="radiobutton" id="8">
			<include condition="!Skin.Hassetting(SidebladeStyleSimple)">OptionButtons</include>
			<include condition="Skin.Hassetting(SidebladeStyleSimple)">OptionButtonsV2</include>
			<label>$LOCALIZE[24999]</label>
			<visible>Control.IsEnabled(8)</visible>
		</control>
		
	</include>
	
	<!-- More -->
	<include name="SidebladeAddonBrowserContent2SettingsWindow">
	
		<!-- quick Search -->
		<control type="edit" id="19">
			<include condition="!Skin.Hassetting(SidebladeStyleSimple)">OptionButtons</include>
			<include condition="Skin.Hassetting(SidebladeStyleSimple)">OptionButtonsV2</include>
			<label>$LOCALIZE[31210]</label>
			<visible>Container.CanFilter | Container.CanFilterAdvanced</visible>
		</control>
		<!-- Check for updates -->
		<control type="button" id="9">
			<include condition="!Skin.Hassetting(SidebladeStyleSimple)">OptionButtons</include>
			<include condition="Skin.Hassetting(SidebladeStyleSimple)">OptionButtonsV2</include>
			<label>24034</label>
			<visible>Control.IsEnabled(9)</visible>
		</control>
		<!-- Settings -->
		<control type="button" id="5">
			<include condition="!Skin.Hassetting(SidebladeStyleSimple)">OptionButtons</include>
			<include condition="Skin.Hassetting(SidebladeStyleSimple)">OptionButtonsV2</include>
			<label>10004</label>  <!-- *** Krypton label change *** (old: <!- Auto update ->) -->
			<visible>Control.IsEnabled(5)</visible>
		</control>
		
	</include>
	
	<!-- End Sideblade AddonBrowser Includes (AddonBrowser.xml) -->
	
	
</includes>