<?xml version="1.0" encoding="UTF-8"?>
<window>
	<!-- musiclibrary -->
	<backgroundcolor>0x00000000</backgroundcolor>
	
	<onload condition="Window.Previous(settings)">SetProperty(SettingsList,true,Home)</onload>
	<onunload>ClearProperty(SettingsList,Home)</onunload>
	
	<defaultcontrol always="true">50</defaultcontrol>
	<onunload condition="Window.Next(musicplaylisteditor)">SetProperty(NumberItems,$INFO[Container(50).NumItems])</onunload>
	<onunload condition="Window.Next(musicplaylisteditor)">SetProperty(ListItem-4,$INFO[Container(50).ListItemNoWrap(-4).Label])</onunload>
	<onunload condition="Window.Next(musicplaylisteditor)">SetProperty(ListItem-3,$INFO[Container(50).ListItemNoWrap(-3).Label])</onunload>
	<onunload condition="Window.Next(musicplaylisteditor)">SetProperty(ListItem-2,$INFO[Container(50).ListItemNoWrap(-2).Label])</onunload>
	<onunload condition="Window.Next(musicplaylisteditor)">SetProperty(ListItem-1,$INFO[Container(50).ListItem(-1).Label])</onunload>
	<onunload condition="Window.Next(musicplaylisteditor)">SetProperty(ListItem,$INFO[Container(50).ListItemNoWrap.Label])</onunload>
	<onunload condition="Window.Next(musicplaylisteditor)">SetProperty(ListItem1,$INFO[Container(50).ListItemNoWrap(1).Label])</onunload>
	<onunload condition="Window.Next(musicplaylisteditor)">SetProperty(ListItem2,$INFO[Container(50).ListItemNoWrap(2).Label])</onunload>
	<onunload condition="Window.Next(musicplaylisteditor)">SetProperty(ListItem3,$INFO[Container(50).ListItemNoWrap(3).Label])</onunload>
	<onunload condition="Window.Next(musicplaylisteditor)">SetProperty(ListItem4,$INFO[Container(50).ListItemNoWrap(4).Label])</onunload>
	<views>51,53,52,50,71,72,73,75,500,59</views>
	
	<onload condition="!Skin.HasSetting(FirstTimeRunSidebladeHint)">ActivateWindow(1162)</onload>

	<controls>

		<!-- Background -->
		<include>WindowBackgroundImage</include>  <!--  condition="String.IsEmpty(Window(Home).Property(SettingsList))" -->

		<!-- Fanart -->
		<include condition="String.IsEmpty(Window(Home).Property(SettingsList))">Fanart</include>
		

		<!-- Main group -->
		<control type="group">
			<animation effect="fade" start="0" end="100" time="200" condition="!Window.Previous(musicplaylisteditor) + String.IsEmpty(Window(Home).Property(SettingsList))">WindowOpen</animation>
			<animation effect="fade" start="100" end="0" time="200" condition="!Window.Next(musicplaylisteditor) + String.IsEmpty(Window(Home).Property(SettingsList))">WindowClose</animation>

			<!-- Views -->
			<include>Viewtype50</include>
			<include>Viewtype500</include>
			<include>Viewtype51</include>
			<include>Viewtype52</include>
			<include>Viewtype53_(Settingsfilelist)</include>
			<!--include>Viewtype55</include-->
			<include>Viewtype71</include>
			<include>Viewtype72</include>
			<include>Viewtype73</include>
			<include>Viewtype75</include>
			<include>Viewtype59</include>

			<!-- Scrollbar (list) -->
			<!--control type="scrollbar" id="60">
				<left>640</left>
				<centertop>50%</centertop>
				<width>20</width>
				<height>720</height>
				<onleft condition="!Skin.HasSetting(KioskMode)">3001</onleft>
				<onright>50</onright>
				<showonepage>false</showonepage>
				<orientation>vertical</orientation>
				<colordiffuse>OverlayColorNF</colordiffuse>
				<texturesliderbackground border="9,1,6,1">common/ScrollBackground.png</texturesliderbackground>
				<texturesliderbar border="8,1,6,1">common/ScrollbarGripNF.png</texturesliderbar>
				<texturesliderbarfocus border="8,1,6,1" colordiffuse="DialogOverlayColorFO">common/ScrollbarGripFO.png</texturesliderbarfocus>
				<textureslidernib>-</textureslidernib>
				<textureslidernibfocus>-</textureslidernibfocus>
				<visible>!Skin.HasSetting(Scrollbars) + [Control.IsVisible(50) | Control.IsVisible(51)]</visible>
			</control-->

			<!-- Scrollbar (wall) -->
			<!--control type="scrollbar" id="65">
				<left>120</left>
				<top>170</top>
				<width>20</width>
				<height>646</height>
				<onleft condition="!Skin.HasSetting(KioskMode)">3001</onleft>
				<onright>50</onright>
				<showonepage>false</showonepage>
				<orientation>vertical</orientation>
				<colordiffuse>OverlayColorNF</colordiffuse>
				<texturesliderbackground border="6,1,8,1">common/ScrollBackground.png</texturesliderbackground>
				<texturesliderbar border="8,1,6,1">common/ScrollbarGripNF.png</texturesliderbar>
				<texturesliderbarfocus border="8,1,6,1" colordiffuse="DialogOverlayColorFO">common/ScrollbarGripFO.png</texturesliderbarfocus>
				<textureslidernib>-</textureslidernib>
				<textureslidernibfocus>-</textureslidernibfocus>
				<visible>!Skin.HasSetting(Scrollbars) + Control.IsVisible(55)</visible>
			</control-->

			<!-- Item count -->
			<include>ItemCount</include>

		</control>
		
		<!-- Scroll offset Label -->
		<include>ScrollOffsetLabel</include>
		
		<!-- Window Header -->
		<include>WindowHeaderCommon</include>

		<!-- Time -->
		<include>Time</include>
		
		<!-- "Now Playing" Info -->
		<include>NowPlayingInfo</include>
		
		<!-- Main Window Mouse Buttons -->
		<include>MainWindowMouseButtons</include>

		<!-- Options -->
		<include condition="!Skin.Hassetting(SidebladeStyleSimple)">SidebladeAudio</include>

		<include condition="Skin.Hassetting(SidebladeStyleSimple)">SidebladeAudioV2</include>

	</controls>

</window>