<?xml version="1.0" encoding="UTF-8"?>
<window>
	<!-- videolibrary -->
	<backgroundcolor>0x00000000</backgroundcolor>
	<defaultcontrol>50</defaultcontrol>

	<controls>

		<!-- Background -->
		<include>WindowBackgroundImage</include>
		
		<!-- Fanart -->
		<include>Fanart-PVR</include>
		

		<!-- Main group -->
		<control type="group">
			<include>WindowFadeAnimation</include>

			<!-- Curve -->
			<!--
			<control type="image">
				<left>20</left>
				<top>20</top>
				<width>1220</width>
				<height>1040</height>
				<texture flipx="true" border="0,0,40,0">common/Curve.png</texture>
				<visible>Skin.HasSetting(ShowCurve)</visible>
			</control>
			-->

			<!-- List -->
			<control type="list" id="50">
				<left>70</left>
				<top>135</top>
				<width>935</width>
				<height>856</height>
				<onup>50</onup>
				<ondown>50</ondown>
				<onleft>3000</onleft>
				<onright>70</onright>
				<onback>3000</onback>
				<pagecontrol>70</pagecontrol>
				<preloaditems>2</preloaditems>
				<viewtype label="535">list</viewtype>				
				<scrolltime tween="sine" easing="out">240</scrolltime>

				<itemlayout width="935" height="107">
				
					<!-- Background - EPG Genre -->
					<control type="image">
						<left>3</left>
						<top>3</top>
						<width>929</width>
						<height>100</height>
						<colordiffuse>3effffff</colordiffuse>
						<texture border="5" fallback="pvr/epg-genres/0.png">$INFO[ListItem.Property(GenreType),pvr/epg-genres/,.png]</texture>
						<visible>!Skin.HasSetting(EPGDontShowGenreColors)</visible>
					</control>
				
					<!-- Watched image -->
					<control type="image">
						<left>10</left>
						<top>38</top>
						<width>30</width>
						<height>42</height>
						<texture>$VAR[StatusOverlayWide]</texture>
						<visible>Skin.HasSetting(WatchedFlags)</visible>
					</control>

					<!-- Program name -->
					<control type="label">
						<left>60</left>
						<top>12</top>
						<width>550</width>
						<textcolor>TextColor2</textcolor>
						<label>$INFO[ListItem.Label]</label>
					</control>

					<!-- Channel name -->
					<control type="label">
						<left>60</left>
						<top>62</top>
						<width>550</width>
						<height>27</height>
						<font>Font27</font>
						<textcolor>TextColor4</textcolor>
						<label>$INFO[ListItem.ChannelName]</label>
					</control>

					<!-- Start date -->
					<control type="label">
						<right>20</right>
						<top>12</top>
						<width>410</width>
						<align>right</align>
						<font>Font27</font>
						<textcolor>TextColor2</textcolor>
						<label>$INFO[ListItem.StartDate]</label>
					</control>

					<!-- Start time / duration -->
					<control type="label">
						<right>20</right>
						<top>62</top>
						<width>410</width>
						<height>27</height>
						<font>Font27</font>
						<align>right</align>
						<textcolor>TextColor4</textcolor>
						<label>$INFO[ListItem.StartTime]$INFO[ListItem.Duration, (,)]</label>
					</control>

				</itemlayout>

				<focusedlayout width="935" height="107">

					<!-- Background -->
					<control type="image">
						<width>935</width>
						<height>108</height>
						<texture border="2">pvr/ProgressBack.png</texture>
						<visible>Skin.HasSetting(EPGDontShowGenreColors)</visible>
					</control>
					
					<!-- Background - EPG Genre -->
					<control type="image">
						<left>3</left>
						<top>3</top>
						<width>929</width>
						<height>100</height>
						<texture border="5" colordiffuse="88ffffff" fallback="pvr/epg-genres/0.png">$INFO[ListItem.Property(GenreType),pvr/epg-genres/,.png]</texture>
						<bordertexture border="5">pvr/EPGBorder.png</bordertexture>
						<bordersize>2</bordersize>
						<visible>!Skin.HasSetting(EPGDontShowGenreColors)</visible>
					</control>
					
					<!-- Watched image -->
					<control type="image">
						<left>10</left>
						<top>38</top>
						<width>30</width>
						<height>42</height>
						<texture>$VAR[StatusOverlayWide]</texture>
						<visible>Skin.HasSetting(WatchedFlags)</visible>
					</control>

					<!-- Program name -->
					<control type="label">
						<left>60</left>
						<top>12</top>
						<width>550</width>
						<label>$INFO[ListItem.Label]</label>
					</control>

					<!-- Channel name -->
					<control type="label">
						<left>60</left>
						<top>62</top>
						<width>550</width>
						<height>27</height>
						<font>Font27</font>
						<textcolor>TextColor2</textcolor>
						<label>$INFO[ListItem.ChannelName]</label>
					</control>

					<!-- Start date -->
					<control type="label">
						<right>20</right>
						<top>12</top>
						<width>410</width>
						<font>Font27</font>
						<align>right</align>
						<label>$INFO[ListItem.StartDate]</label>
					</control>

					<!-- Start time / duration -->
					<control type="label">
						<right>20</right>
						<top>62</top>
						<width>410</width>
						<height>27</height>
						<font>Font27</font>
						<align>right</align>
						<textcolor>TextColor2</textcolor>
						<label>$INFO[ListItem.StartTime]$INFO[ListItem.Duration, (,)]</label>
					</control>

				</focusedlayout>

			</control>

			<!-- Scrollbar -->
			<control type="scrollbar" id="70">
				<left>1015</left>
				<top>137</top>
				<width>20</width>
				<height>849</height>
				<onleft>50</onleft>
				<showonepage>false</showonepage>
				<orientation>vertical</orientation>
				<colordiffuse>OverlayColorNF</colordiffuse>
				<texturesliderbackground border="6,1,8,1">common/ScrollBackground.png</texturesliderbackground>
				<texturesliderbar border="8,1,6,1">common/ScrollbarGripNF.png</texturesliderbar>
				<texturesliderbarfocus border="8,1,6,1" colordiffuse="DialogOverlayColorFO">common/ScrollbarGripFO.png</texturesliderbarfocus>
				<textureslidernib>-</textureslidernib>
				<textureslidernibfocus>-</textureslidernibfocus>
				<visible>!Skin.HasSetting(Scrollbars)</visible>
			</control>

			<!-- Channel preview & info -->
			<control type="group">
				<left>1045</left>
				<top>137</top>
				<width>800</width>
				
				<!-- Video Window background image -->
				<control type="image">
					<left>0</left>
					<top>0</top>
					<width>800</width>
					<height>450</height>
					<colordiffuse>FF000000</colordiffuse>
					<texture>common/Base.png</texture>
					<!--visible>Player.HasVideo</visible-->
				</control>
				
				<!-- Recording Thumb image -->
				<control type="image">
					<left>0</left>
					<top>0</top>
					<width>800</width>
					<height>450</height>
					<texture>$INFO[Container(50).ListItem.Icon]</texture>
					<aspectratio>keep</aspectratio>
					<visible>!Player.HasVideo + [!Skin.HasSetting(SkinHelper.EnablePVRThumbs) | [Skin.HasSetting(SkinHelper.EnablePVRThumbs) + String.IsEmpty(Window(Home).Property(SkinHelper.ListItem.Art.Fanart) + String.IsEmpty(Window(Home).Property(SkinHelper.ListItem.Art.Landscape))]]</visible>
				</control>
				
				<!-- Recording Thumb image -->
				<control type="image">
					<left>0</left>
					<top>0</top>
					<width>800</width>
					<height>450</height>
					<texture fallback="$INFO[Container(50).ListItem.Icon]">$VAR[PVRFanart]</texture>
					<aspectratio>scale</aspectratio>
					<visible>!Player.HasVideo + [Skin.HasSetting(SkinHelper.EnablePVRThumbs) + [!String.IsEmpty(Window(Home).Property(SkinHelper.ListItem.Art.Fanart) | !String.IsEmpty(Window(Home).Property(SkinHelper.ListItem.Art.Landscape))]]</visible>
				</control>
				
				<!-- Video Window -->
				<control type="videowindow">
					<description>videowindow</description>
					<left>0</left>
					<top>0</top>
					<width>800</width>
					<height>450</height>
					<aspectratio>scale</aspectratio>
					<visible>Player.HasVideo</visible>
				</control>

				<control type="group">
					<top>470</top>
					
					<!-- Program name -->
					<control type="label">
						<width>800</width>
						<label>$INFO[Container(50).ListItem.Title]</label>
					</control>

					<!-- Plot -->
					<control type="textbox">
						<top>55</top>
						<width>800</width>
						<height>280</height>
						<align>left</align>
						<font>Font30</font>
						<textcolor>TextColor1</textcolor>
						<shadowcolor>ShadowColor</shadowcolor>
						<info>Container(50).ListItem.Plot</info>
					</control>

					<!-- Genre -->
					<control type="label">
						<left>0</left>
						<top>350</top>
						<width>350</width>
						<height>30</height>
						<font>Font30</font>
						<textcolor>TextColor2</textcolor>
						<align>left</align>
						<label>$INFO[Container(50).ListItem.Genre]</label>
					</control>
					
					<!-- Discspace Label -->
					<control type="label">
						<right>20</right>
						<top>350</top>
						<width>500</width>
						<font>Font27</font>
						<textcolor>TextColor2</textcolor>
						<label>$INFO[PVR.backenddiskspace,(,)]</label>
						<align>right</align>
						<visible>!IntegerGreaterThan(PVR.backenddiskspaceprogr,100)</visible>
					</control>
					
					<!-- Discspace Label -->
					<!--
					<control type="label">
						<left>0</left>
						<top>350</top>
						<width>800</width>
						<height>30</height>
						<font>Font30</font>
						<label>$INFO[PVR.backenddiskspace,(,)]</label>
						<textcolor>TextColor2</textcolor>
						<align>left</align>
						<visible>!IntegerGreaterThan(PVR.backenddiskspaceprogr,100)</visible>
					</control>
					-->

				</control>

			</control>

			<!-- Recording count -->
			<control type="grouplist">
				<right>75</right>
				<bottom>20</bottom>  <!-- 40 -->
				<width>800</width>
				<height>40</height>
				<itemgap>6</itemgap>
				<align>right</align>
				<orientation>horizontal</orientation>
				<usecontrolcoords>true</usecontrolcoords>
				<animation effect="slide" start="0,0" end="-160,0" time="0" condition="system.getbool(input.enablemouse) + Skin.HasSetting(ShowMouseButtons)">conditional</animation>

				<control type="label">
					<top>3</top>
					<width>auto</width>
					<height>40</height>
					<align>right</align>
					<label>$INFO[Container(50).NumItems]</label> <!-- $INFO[PVR.backenddiskspace,(,) • ] -->
					<font>Font25</font>
					<textcolor>TextColor2</textcolor>
				</control>

				<control type="label">
					<width>auto</width>
					<height>40</height>
					<align>right</align>
					<label>$VAR[ContentType]</label>
					<font>Font33</font>
					<textcolor>TextColor2</textcolor>
				</control>

			</control>

		</control>
		
		<!-- Window Header -->
		<include>WindowHeaderCommon</include>

		<!-- Time -->
		<include>Time</include>
		
		<!-- "Now Playing" Info -->
		<include>NowPlayingInfo</include>
		
		<!-- Main Window Mouse Buttons -->
		<include>MainWindowMouseButtons</include>
		

		<!-- Options -->
		<include condition="!Skin.Hassetting(SidebladeStyleSimple)">SidebladePVR</include>

		<include condition="Skin.Hassetting(SidebladeStyleSimple)">SidebladePVRV2</include>

	</controls>

</window>