<?xml version="1.0" encoding="UTF-8"?>
<window>
	<!-- pointer -->
	<defaultcontrol>-</defaultcontrol>

	<controls>

		<!-- Pointer -->
		<control type="image" id="1">
			<width>200</width>
			<height>50</height>
			<texture>mouse.png</texture>
			<visible>!Skin.HasSetting(HideMouse)</visible>
		</control>

		<!-- Pointer focus -->
		<control type="image" id="2">
			<width>200</width>
			<height>50</height>
			<texture>mouse.png</texture>
			<visible>!Skin.HasSetting(HideMouse)</visible>
		</control>

		<!-- Pointer drag -->
		<control type="image" id="3">
			<width>200</width>
			<height>50</height>
			<texture>mouse.png</texture>
			<visible>!Skin.HasSetting(HideMouse)</visible>
			<!--visible>!Skin.HasSetting(HideMouse) + [String.IsEmpty(Window(Home).Property(VideoIsStartup)) | [!String.IsEmpty(Window(Home).Property(VideoIsStartup)) + !String.IsEqual(Player.Filenameandpath,special://skin/extras/startup/startupvideo.mp4) + !String.IsEqual(Player.Filenameandpath,Skin.String(Startup_Video_Path))]]</visible-->
		</control>

		<!-- Pointer click -->
		<control type="image" id="4">
			<width>200</width>
			<height>50</height>
			<texture>mouse.png</texture>
			<!--visible>!Skin.HasSetting(HideMouse) + String.IsEmpty(Window(Home).Property(VideoIsStartup))</visible-->
			<visible>!Skin.HasSetting(HideMouse)</visible>
		</control>

	</controls>

</window>