<?xml version="1.0" encoding="UTF-8"?>
<includes>

	<!-- Season Netflix View -->
	<include name="Viewtype86_Netflix">

		<control type="group">
			<visible>Control.IsVisible(86)</visible>

			
			<!-- ***** Right Content ***** -->
			
			<control type="group">
				<visible></visible>
				
				<!-- Poster image -->
				<control type="group">
					<visible>!SubString(ListItem.Icon,Default)</visible>
					<control type="image">
						<left>0</left>
						<top>0</top>
						<width>1920</width>
						<height>1080</height>
						<texture colordiffuse="FF000000">common/Base.png</texture>
						<aspectratio>scale</aspectratio>
					</control>
				</control>
			
			</control>
			
			
			<!-- Netflix Logo -->
			<control type="image">
				<right>-3</right>
				<top>90</top>
				<width>240</width>
				<height>130</height>
				<texture>netflix/netflix-logo.png</texture>
				<aspectratio>keep</aspectratio>
				<visible>false</visible>
			</control>
			
			
			<!-- ***** Left Content ***** -->
			
			<!-- Video Info -->
			<control type="group">
				<left>150</left>
				<top>74</top>
				<visible>Container.Content(seasons)</visible>

				<!-- Info -->
				<control type="group">
					
					<!-- Movies Info -->
					<control type="group">
						<visible>[Container.Content(seasons)]</visible>
						
						<!-- 1st row Label -->
						<control type="textbox">
							<left>0</left>
							<top>11</top>
							<width>645</width>
							<height>200</height>
							<font>Font48</font>
							<label>[B]$INFO[Container(86).ListItemAbsolute(2).TVShowTitle][/B]</label>
							<align>left</align>
							<textcolor>TextColor1</textcolor>
							<visible>String.IsEmpty(ListItem.Art(clearlogo)) + String.IsEmpty(ListItem.Art(tvshow.clearlogo))</visible>
						</control>
						
						<!-- 1st row Image (ClearlLogo) -->
						<control type="image">
							<left>0</left>
							<top>11</top>
							<width>500</width>
							<height>130</height>
							<texture>$INFO[ListItem.Art(clearlogo)]</texture>
							<aspectratio align="left" aligny="top">keep</aspectratio>
						</control>
						
						<!-- 1st row Image (ClearlLogo) -->
						<control type="image">
							<left>0</left>
							<top>11</top>
							<width>500</width>
							<height>130</height>
							<texture>$INFO[ListItem.Art(tvshow.clearlogo)]</texture>
							<aspectratio align="left" aligny="top">keep</aspectratio>
						</control>
							
						<!-- 2nd row Label -->
						<control type="grouplist">
							<top>158</top>
							<height>27</height>
							<itemgap>15</itemgap>
							<orientation>horizontal</orientation>
							
							<control type="image">
								<width>180</width>
								<height>27</height>
								<texture>netflix/rating-netflix/0.0.png</texture>
								<!--texture>$INFO[ListItem.Rating,netflix/rating-netflix/,.png]</texture-->
								<aspectratio align="left">keep</aspectratio>
							</control>
							
							<control type="label">
								<width>80</width>
								<height>27</height>
								<font>Font30</font>
								<label>[B]$INFO[ListItem.Year][/B]</label>
								<textcolor>TextColor2</textcolor>
								<visible>!String.IsEmpty(ListItem.Year)</visible>
							</control>
							
							<include condition="!Skin.HasSetting(RatingCountryUK) + !Skin.HasSetting(RatingCountryGer) + !Skin.HasSetting(RatingCountryNone)">Rating_MPAA</include>
							<include condition="Skin.HasSetting(RatingCountryUK)">Rating_BBFC</include>
							<include condition="Skin.HasSetting(RatingCountryGer)">Rating_FSK</include>
							
							
							<control type="label">
								<width>auto</width>
								<height>27</height>
								<font>Font30</font>
								<label>$INFO[ListItem.Property(TotalSeasons),$LOCALIZE[36905]: ]</label>
								<textcolor>TextColor2</textcolor>
								<visible>!String.IsEmpty(ListItem.Property(TotalSeasons))</visible>
							</control>
							
							<control type="label">
								<width>auto</width>
								<height>27</height>
								<font>Font30</font>
								<label>$INFO[ListItem.Status]</label>
								<textcolor>TextColor2</textcolor>
								<visible>!String.IsEmpty(ListItem.Status)</visible>
							</control>
							
						</control>
							
					</control>
				
					<!-- Season & Episode Info -->
					<control type="group">
						<visible>[Container.Content(tvshows)]</visible>
						<!-- 1st row Label (TV Shows, Seasons, Episodes) -->
						<control type="label">
							<left>0</left>
							<top>11</top>
							<width>600</width>
							<height>45</height>
							<font>Font42</font>
							<label>$INFO[ListItem.TVShowTitle]</label>
							<textcolor>TextColor1</textcolor>
						</control>
						<!-- 2nd row Label (Seasons) -->
						<control type="label">
							<left>0</left>
							<top>164</top>
							<width>600</width>
							<height>45</height>
							<font>Font33</font>
							<textcolor>TextColor2</textcolor>
							<label>$INFO[ListItem.Title]</label>
							<visible>!Container.Content(tvshows) + !Container.Content(episodes)</visible>
						</control>
						<!-- 2nd row Label (Episodes) -->
						<control type="label">
							<left>0</left>
							<top>164</top>
							<width>600</width>
							<height>45</height>
							<font>Font33</font>
							<textcolor>TextColor2</textcolor>
							<label>$INFO[ListItem.Title]$INFO[ListItem.Season, • (S,]$INFO[ListItem.Episode,E,)]</label>
							<visible>Container.Content(episodes)</visible>
						</control>
						<!-- 2nd row Label (TV Shows) -->
						<control type="label">
							<left>0</left>
							<top>164</top>
							<width>600</width>
							<height>45</height>
							<font>Font33</font>
							<textcolor>TextColor2</textcolor>
							<label>$INFO[ListItem.Property(TotalSeasons),$LOCALIZE[36905]: ]</label>
							<visible>Container.Content(tvshows)</visible>
						</control>
						<!-- 3nd row Label (TV Shows, Seasons) -->
						<control type="label">
							<left>0</left>
							<top>219</top>
							<width>600</width>
							<height>45</height>
							<font>Font30</font>
							<textcolor>TextColor3</textcolor>
							<label>$INFO[ListItem.Episode,$LOCALIZE[20453]: ]$INFO[ListItem.Property(UnWatchedEpisodes), / $LOCALIZE[16101]: ]</label>
							<visible>!Container.Content(episodes)</visible>
						</control>
						<!-- 3nd row Label (Episodes) -->
						<control type="grouplist">
							<top>228</top>
							<height>27</height>
							<itemgap>15</itemgap>
							<orientation>horizontal</orientation>
							<visible>Container.Content(episodes)</visible>
							
							<include condition="!Skin.HasSetting(RatingCountryUK) + !Skin.HasSetting(RatingCountryGer) + !Skin.HasSetting(RatingCountryNone)">Rating_MPAA</include>
							<include condition="Skin.HasSetting(RatingCountryUK)">Rating_BBFC</include>
							<include condition="Skin.HasSetting(RatingCountryGer)">Rating_FSK</include>
							
							<control type="label">
								<width>auto</width>
								<height>27</height>
								<font>Font30</font>
								<label>$INFO[ListItem.Rating,IMDB: ]</label>
								<textcolor>TextColor3</textcolor>
								<visible>!String.IsEmpty(ListItem.Rating)</visible>
							</control>
							
							<control type="label">
								<width>auto</width>
								<height>27</height>
								<font>Font30</font>
								<label>$INFO[ListItem.Duration,• , Min.]</label>
								<textcolor>TextColor3</textcolor>
								<visible>!String.IsEmpty(ListItem.Duration)</visible>
							</control>
							
							<control type="label">
								<width>auto</width>
								<height>27</height>
								<font>Font30</font>
								<label>$VAR[AudioChannels,• ]</label>
								<textcolor>TextColor3</textcolor>
								<visible>!String.IsEmpty(ListItem.AudioChannels)</visible>
							</control>
							
							<control type="label">
								<width>auto</width>
								<height>27</height>
								<font>Font30</font>
								<label>$INFO[ListItem.VideoResolution,• ]</label>
								<textcolor>TextColor3</textcolor>
								<visible>!String.IsEmpty(ListItem.VideoResolution)</visible>
							</control>
							
							<control type="label">
								<width>auto</width>
								<height>27</height>
								<font>Font30</font>
								<label>$VAR[AudioChannels,• ]</label>
								<textcolor>TextColor2</textcolor>
								<visible>!String.IsEmpty(ListItem.AudioChannels)</visible>
							</control>
							
							<control type="label">
								<width>auto</width>
								<height>27</height>
								<font>Font30</font>
								<label>$INFO[ListItem.VideoResolution,• ]</label>
								<textcolor>TextColor2</textcolor>
								<visible>!String.IsEmpty(ListItem.VideoResolution)</visible>
							</control>
							
						</control>
						<!--
						<control type="label">
							<left>0</left>
							<top>419</top>
							<width>600</width>
							<height>45</height>
							<font>Font30</font>
							<textcolor>TextColor3</textcolor>
							<label>$INFO[ListItem.Season,$LOCALIZE[20373] , / ]$INFO[ListItem.Episode,$LOCALIZE[20359] ]</label>
							<visible>Container.Content(episodes)</visible>
						</control>
						-->
					</control>
					
					
					
					<!-- Plot -->
					<control type="textbox">
						<left>0</left>
						<top>225</top>
						<width>600</width>
						<height>216</height>
						<label>$VAR[Plot]</label>
						<font>Font30</font>
						<textcolor>TextColor1</textcolor>
						<shadowcolor>TextColor4</shadowcolor>
						<align>left</align>
						<autoscroll delay="7500" time="2100" repeat="12000">!Skin.HasSetting(dontautoscroll)</autoscroll>  <!-- true -->
						<visible>Container.Content(artists)</visible>
					</control>
					
				</control>

			</control>
			
					<control type="image">
						<left>900</left>
						<top>0</top>
						<width>150</width>
						<height>80</height>
						<texture>common/Base.png</texture>
						<!--animation effect="fade" start="50" end="50" condition="true">Conditional</animation-->
						<visible>false</visible>
					</control>
			
					

			<!-- List -->
			<control type="fixedlist" id="86">
				<left>125</left>
				<top>305</top>
				<width>645</width>
				<height>680</height>
				<onup condition="!Skin.HasSetting(KioskMode)">3001</onup>
				<ondown>60</ondown>
				<onleft>86</onleft>
				<onright>501</onright>
				<pagecontrol>60</pagecontrol>
				<focusposition>1</focusposition>
				<movement>3</movement>
				<orientation>vertical</orientation>
				<onclick>ActivateWindow(foo)</onclick>
				<viewtype label="Netflix Seasonview">list</viewtype>
				<scrolltime tween="sine" easing="out">240</scrolltime>
				<visible>Container.Content(seasons)</visible>

				<itemlayout height="68" width="645">
					<control type="label">
						<left>35</left>
						<width>auto</width>
						<height>68</height>
						<font>Font30</font>
						<label>$INFO[ListItem.Label]</label>
						<textcolor>TextColor2</textcolor>
						<aligny>center</aligny>
						<visible></visible>
					</control>
					<!-- Watched status -->
					<control type="image">
						<left>20</left>
						<top>38</top>
						<width>14</width>
						<height>14</height>
						<texture>$VAR[StatusOverlay]</texture>
						<colordiffuse>OverlayColorNF</colordiffuse>
						<animation effect="fade" start="50" end="50" condition="true">Conditional</animation>
						<visible>Skin.HasSetting(WatchedFlags) | Window.IsVisible(addonbrowser)</visible>
					</control>
				</itemlayout>

				<focusedlayout height="68" width="645">
					<control type="image">
						<left>0</left>
						<top>0</top>
						<width>645</width>
						<height>68</height>
						<texture border="10">netflix/FOItemImage.png</texture>
						<!--animation effect="zoom" start="100" end="115" center="195,160" condition="Control.HasFocus(86)">Conditional</animation> <!-- Control.HasFocus(86) -->
						<visible></visible>
					</control>
					
					<control type="label">
						<left>20</left>
						<width>605</width>
						<height>68</height>
						<font>Font30</font>
						<label>[B]$INFO[ListItem.Label][/B]</label>
						<textcolor>TextColorDark1</textcolor>
						<aligny>center</aligny>
						<visible></visible>
					</control>
					<control type="label">
						<left>20</left>
						<width>605</width>
						<height>68</height>
						<font>Font30</font>
						<label>[B]$INFO[ListItem.Property(NumEpisodes), , ]$LOCALIZE[36907][/B]</label>
						<textcolor>TextColorDark1</textcolor>
						<aligny>center</aligny>
						<align>right</align>
						<visible></visible>
					</control>
					
					<!-- Watched status -->
					<control type="image">
						<left>20</left>
						<top>61</top>
						<width>14</width>
						<height>14</height>
						<texture>$VAR[StatusOverlay]</texture>
						<colordiffuse>OverlayColorFO</colordiffuse>
						<animation effect="fade" start="100" end="50" time="200" tween="cubic" easing="out" reversible="true" condition="!Control.HasFocus(86)">Conditional</animation>
						<visible>Skin.HasSetting(WatchedFlags) | Window.IsVisible(addonbrowser)</visible>
					</control>
				</focusedlayout>

			</control>
			
			
			<!-- Episodes List -->
			<control type="fixedlist" id="501">
				<left>815</left>
				<top>55</top>
				<width>985</width>
				<height>1025</height>
				<onup>501</onup>
				<ondown>501</ondown>
				<onleft>86</onleft>
				<onright>60</onright>
				<pagecontrol>60</pagecontrol>
				<focusposition>1</focusposition>
				<movement>1</movement>
				<orientation>vertical</orientation>
				<viewtype label="Netflix Episodes">list</viewtype>
				<scrolltime tween="sine" easing="out">240</scrolltime>
				<visible>!StringCompare(ListItem.Label,..)</visible>

				<itemlayout height="301" width="985">
				
					<control type="group">
						<animation effect="fade" start="50" end="50" reversible="true" condition="Control.HasFocus(501)">Conditional</animation>
						
						<control type="image">
							<left>20</left>
							<top>28</top>
							<width>450</width>
							<height>245</height>
							<texture>$INFO[ListItem.Icon]</texture>
						</control>
						
						<!-- Gradient overlay -->
						<control type="image">
							<left>20</left>
							<top>153</top>
							<width>450</width>
							<height>120</height>
							<texture>netflix/GradientOverlay.png</texture>
						</control>
						
						<!-- Episode Num Label -->
						<control type="label">
							<left>45</left>
							<top>228</top>
							<width>455</width>
							<height>30</height>
							<font>Font27</font>
							<label>[B]$INFO[ListItem.Season,S,: ]$INFO[ListItem.Episode,E,][/B]</label>
							<textcolor>TextColor2</textcolor>
							<visible></visible>
						</control>
						
						<!-- Watched status -->
						<control type="image">
							<left>20</left>
							<top>38</top>
							<width>14</width>
							<height>14</height>
							<texture>$VAR[StatusOverlay]</texture>
							<colordiffuse>OverlayColorNF</colordiffuse>
							<animation effect="fade" start="50" end="50" condition="true">Conditional</animation>
							<visible>Skin.HasSetting(WatchedFlags) | Window.IsVisible(addonbrowser)</visible>
						</control>
						
						<!-- 1st Row -->
						<control type="label">
							<left>520</left>
							<top>20</top>
							<width>455</width>
							<height>30</height>
							<font>Font30</font>
							<label>[B]$INFO[ListItem.Title,","][/B]</label>
							<textcolor>TextColor1</textcolor>
							<visible></visible>
						</control>
						
						<!-- 2nd Row -->
						<control type="textbox">
							<left>520</left>
							<top>70</top>
							<width>455</width>
							<height>142</height>
							<label>$VAR[Plot]</label>
							<font>Font30</font>
							<textcolor>TextColor2</textcolor>
							<shadowcolor>TextColor4</shadowcolor>
							<align>left</align>
							<autoscroll>false</autoscroll>  <!-- true -->
							<visible>!Container.Content(artists)</visible>
						</control>
						
						<!-- 3rd Row -->
						<control type="label">
							<left>520</left>
							<top>250</top>
							<width>455</width>
							<height>30</height>
							<font>Font30</font>
							<label>$INFO[ListItem.Duration,(, min.)]</label>
							<textcolor>TextColor3</textcolor>
							<visible></visible>
						</control>
					</control>
					
				</itemlayout>

				<focusedlayout height="301" width="985">
					
					<control type="group">
						<animation effect="zoom" start="100" end="110" center="245,150" condition="Control.HasFocus(501)">Conditional</animation> 
						
						<control type="image">
							<left>20</left>
							<top>28</top>
							<width>450</width>
							<height>245</height>
							<texture>$INFO[ListItem.Icon]</texture>
						</control>
						
						<!-- Gradient overlay -->
						<control type="image">
							<left>20</left>
							<top>153</top>
							<width>450</width>
							<height>120</height>
							<texture>netflix/GradientOverlay.png</texture>
						</control>
						
						<!-- Episode Num Label -->
						<control type="label">
							<left>45</left>
							<top>228</top>
							<width>455</width>
							<height>30</height>
							<font>Font27</font>
							<label>[B]$INFO[ListItem.Season,S,: ]$INFO[ListItem.Episode,E,][/B]</label>
							<textcolor>TextColor1</textcolor>
							<visible>Control.HasFocus(501)</visible>
						</control>
						
						<!-- Episode Num Label -->
						<control type="label">
							<left>45</left>
							<top>228</top>
							<width>455</width>
							<height>30</height>
							<font>Font27</font>
							<label>[B]$INFO[ListItem.Season,S,: ]$INFO[ListItem.Episode,E,][/B]</label>
							<textcolor>TextColor2</textcolor>
							<visible>!Control.HasFocus(501)</visible>
						</control>
					</control>
					
					<!-- Watched status -->
					<control type="image">
						<left>20</left>
						<top>61</top>
						<width>14</width>
						<height>14</height>
						<texture>$VAR[StatusOverlay]</texture>
						<colordiffuse>OverlayColorFO</colordiffuse>
						<animation effect="fade" start="100" end="50" time="200" tween="cubic" easing="out" reversible="true" condition="!Control.HasFocus(86)">Conditional</animation>
						<visible>Skin.HasSetting(WatchedFlags) | Window.IsVisible(addonbrowser)</visible>
					</control>
					
					<!-- 1st Row -->
					<control type="label">
						<left>520</left>
						<top>20</top>
						<width>455</width>
						<height>30</height>
						<font>Font30</font>
						<label>[B]$INFO[ListItem.Label,","][/B]</label>
						<textcolor>TextColor1</textcolor>
						<visible></visible>
					</control>
					
					<!-- 2nd Row -->
					<control type="textbox">
						<left>520</left>
						<top>70</top>
						<width>455</width>
						<height>142</height>
						<label>$VAR[Plot]</label>
						<font>Font30</font>
						<textcolor>TextColor2</textcolor>
						<shadowcolor>TextColor4</shadowcolor>
						<align>left</align>
						<autoscroll delay="7500" time="2100" repeat="12000">!Skin.HasSetting(dontautoscroll)</autoscroll>  <!-- true -->
						<visible>!Container.Content(artists)</visible>
					</control>
					
					<!-- 3rd Row -->
					<control type="label">
						<left>520</left>
						<top>250</top>
						<width>455</width>
						<height>30</height>
						<font>Font30</font>
						<label>$INFO[ListItem.Duration,(, min.)]</label>
						<textcolor>TextColor3</textcolor>
						<visible></visible>
					</control>
					
				</focusedlayout>
				
				<content sortby="name">$INFO[ListItem.folderpath]</content>

			</control>
			
			<!-- Testlabel -->
			<!--
			<control type="label">
				<left>20</left>
				<top>20</top>
				<width>1855</width>
				<height>30</height>
				<font>Font30</font>
				<label>$INFO[Container.folderpath]</label>
				<textcolor>TextColor1</textcolor>
				<visible></visible>
			</control>
			
			<!-- Scrollbar (list) -->
			<!--
			<control type="scrollbar" id="60">
				<right>580</right>
				<centertop>50%</centertop>
				<width>1820</width>
				<height>20</height>
				<onleft>50</onleft>
				<onright condition="!Skin.HasSetting(KioskMode)">3001</onright>
				<showonepage>false</showonepage>
				<orientation>horizontal</orientation>
				<colordiffuse>OverlayColorNF</colordiffuse>
				<texturesliderbackground border="9,1,6,1">common/ScrollBackground.png</texturesliderbackground>
				<texturesliderbar border="8,1,6,1">common/ScrollbarGripNF.png</texturesliderbar>
				<texturesliderbarfocus border="8,1,6,1" colordiffuse="DialogOverlayColorFO">common/ScrollbarGripFO.png</texturesliderbarfocus>
				<textureslidernib>-</textureslidernib>
				<textureslidernibfocus>-</textureslidernibfocus>
				<visible>!Skin.HasSetting(Scrollbars) + Control.IsVisible(100)</visible>
			</control>
			-->

		</control>

	</include>

</includes>
