<?xml version="1.0" encoding="utf-8"?>
<includes>

	<!-- Coverwrap view Albums -->
	<include name="Viewtype71">
	
		<!-- Special Background image -->
		<control type="image">
			<include>FullscreenDimensions</include>
			<texture>fallbacks/Fanartfallback.png</texture>
			<aspectratio>scale</aspectratio>
			<visible>Control.IsVisible(71) + Skin.HasSetting(ShowDarkBGView71)</visible>
		</control>
		
		<!-- Movement OnNext -->
		<control type="group" id="7001">
			<include>WindowFadeAnimation</include>
			<top>285</top>
			<visible>Control.IsVisible(71) + Container.OnNext</visible>
			<animation effect="slide" end="-160,0" time="250" reversible="false">Hidden</animation>
			
			<control type="group">
				<left>70</left>
				<visible>Container.OnNext</visible>
				<animation effect="fade" start="100" end="0" time="250" reversible="false">Hidden</animation>
				<animation effect="rotatey" center="20" start="-65" end="-65" time="0" condition="true">Conditional</animation>
				<control type="group">
					<visible>Container.Content(Artists) | Container.Content(Albums) | Container.Content(Songs)</visible>
					<control type="image">
						<left>0</left>
						<top>20</top>
						<width>505</width>
						<height>505</height>
						<info>Container(71).ListItem(-4).Icon</info>
						<bordertexture border="7">Borders/BorderNF.png</bordertexture>
						<bordersize>5</bordersize>
					</control>
					<control type="image">
						<left>5</left>
						<top>525</top>
						<width>495</width>
						<height>505</height>
						<texture flipy="true" diffuse="diffuse/diffuse_mirror5.png" />
						<info>Container(71).ListItem(-4).Icon</info>
					</control>
				</control>
			</control>
			
			<control type="group">
				<left>230</left>
				<animation effect="rotatey" center="180" start="-65" end="-65" time="0" condition="true">Conditional</animation>
				<control type="group">
					<visible>Container.Content(Artists) | Container.Content(Albums) | Container.Content(Songs)</visible>
					<control type="image">
						<left>0</left>
						<top>20</top>
						<width>505</width>
						<height>505</height>
						<info>Container(71).ListItem(-3).Icon</info>
						<bordertexture border="7">Borders/BorderNF.png</bordertexture>
						<bordersize>5</bordersize>
					</control>
					<control type="image">
						<left>5</left>
						<top>525</top>
						<width>495</width>
						<height>505</height>
						<texture flipy="true" diffuse="diffuse/diffuse_mirror5.png" />
						<info>Container(71).ListItem(-3).Icon</info>
					</control>
				</control>		
			</control>
			
			<control type="group">
				<left>390</left>
				<animation effect="rotatey" center="340" start="-65" end="-65" time="0" condition="true">Conditional</animation>
				<control type="group">
					<visible>Container.Content(Artists) | Container.Content(Albums) | Container.Content(Songs)</visible>
					<control type="image">
						<left>0</left>
						<top>20</top>
						<width>505</width>
						<height>505</height>
						<info>Container(71).ListItem(-2).Icon</info>
						<bordertexture border="7">Borders/BorderNF.png</bordertexture>
						<bordersize>5</bordersize>
					</control>
					<control type="image">
						<left>5</left>
						<top>525</top>
						<width>495</width>
						<height>505</height>
						<texture flipy="true" diffuse="diffuse/diffuse_mirror5.png" />
						<info>Container(71).ListItem(-2).Icon</info>
					</control>
				</control>
			</control>
			
			<control type="group">
				<left>1505</left>
				<visible>!Container.OnNext</visible>
				<animation effect="fade" start="0" end="150" delay="0" time="250" reversible="false">Visible</animation>
				<animation effect="rotatey" center="2060" start="65" end="65" time="0" condition="true">Conditional</animation>
				<control type="group">
					<visible>Container.Content(Artists) | Container.Content(Albums) | Container.Content(Songs)</visible>
					<control type="image">
						<left>0</left>
						<top>20</top>
						<width>505</width>
						<height>505</height>
						<info>Container(71).ListItem(3).Icon</info>
						<bordertexture border="7">Borders/BorderNF.png</bordertexture>
						<bordersize>5</bordersize>
					</control>
					<control type="image">
						<left>5</left>
						<top>525</top>
						<width>495</width>
						<height>505</height>
						<texture flipy="true" diffuse="diffuse/diffuse_mirror5.png" />
						<info>Container(71).ListItem(3).Icon</info>
					</control>
				</control>
			</control>
			
			<control type="group">
				<left>1345</left>
				<animation effect="rotatey" center="1900" start="65" end="65" time="0" condition="true">Conditional</animation>
				<control type="group">
					<visible>Container.Content(Artists) | Container.Content(Albums) | Container.Content(Songs)</visible>
					<control type="image">
						<left>0</left>
						<top>20</top>
						<width>505</width>
						<height>505</height>
						<info>Container(71).ListItem(2).Icon</info>
						<bordertexture border="7">Borders/BorderNF.png</bordertexture>
						<bordersize>5</bordersize>
					</control>
					<control type="image">
						<left>5</left>
						<top>525</top>
						<width>495</width>
						<height>505</height>
						<texture flipy="true" diffuse="diffuse/diffuse_mirror5.png" />
						<info>Container(71).ListItem(2).Icon</info>
					</control>
				</control>
			</control>
			
			<control type="group">
				<left>1185</left>
				<animation effect="rotatey" center="1740" start="65" end="65" time="0" condition="true">Conditional</animation>
				<control type="group">
					<visible>Container.Content(Artists) | Container.Content(Albums) | Container.Content(Songs)</visible>
					<control type="image">
						<left>0</left>
						<top>20</top>
						<width>505</width>
						<height>505</height>
						<info>Container(71).ListItem(1).Icon</info>
						<bordertexture border="7">Borders/BorderNF.png</bordertexture>
						<bordersize>5</bordersize>
					</control>
					<control type="image">
						<left>5</left>
						<top>525</top>
						<width>495</width>
						<height>505</height>
						<texture flipy="true" diffuse="diffuse/diffuse_mirror5.png" />
						<info>Container(71).ListItem(1).Icon</info>
					</control>
				</control>
			</control>

			<control type="group">
				<visible>Container.OnNext</visible>
				<animation effect="slide" end="-160,0" time="250" reversible="false">Hidden</animation>
				
				<control type="group">
					<left>1025</left>
					<visible>Container.OnNext</visible>
					<animation effect="rotatey" center="1580" start="0" end="-65" time="250" reversible="false" tween="quadratic" easing="in">Hidden</animation>
					<animation effect="rotatey" center="1580" start="65" end="65" time="0" condition="true">Conditional</animation>
					<control type="group">
						<visible>Container.Content(Artists) | Container.Content(Albums) | Container.Content(Songs)</visible>
						<control type="image">
							<left>0</left>
							<top>20</top>
							<width>505</width>
							<height>505</height>
							<info>Container(71).ListItem(0).Icon</info>
							<bordertexture border="7">Borders/BorderNF.png</bordertexture>
							<bordersize>5</bordersize>
						</control>
						<control type="image">
							<left>5</left>
							<top>525</top>
							<width>495</width>
							<height>505</height>
							<texture flipy="true" diffuse="diffuse/diffuse_mirror5.png" />
							<info>Container(71).ListItem(0).Icon</info>
						</control>
					</control>
				</control>
				
				<control type="group">
					<left>708</left>
					<visible>Container.OnNext</visible>
					<animation effect="rotatey" center="658" start="0" end="-65" time="250" reversible="false" tween="quadratic" easing="out">Hidden</animation>
					<control type="group">
						<visible>Container.Content(Artists) | Container.Content(Albums) | Container.Content(Songs)</visible>
						<control type="image">
							<left>0</left>
							<top>20</top>
							<width>505</width>
							<height>505</height>
							<info>Container(71).ListItem(-1).Icon</info>
							<bordertexture border="7">Borders/BorderNF.png</bordertexture>
							<bordersize>5</bordersize>
						</control>
						<control type="image">
							<left>5</left>
							<top>525</top>
							<width>495</width>
							<height>505</height>
							<texture flipy="true" diffuse="diffuse/diffuse_mirror5.png" />
							<info>Container(71).ListItem(-1).Icon</info>
						</control>
					</control>
				</control>
			</control>
		</control>
		
		<!-- Movement OnPrevious -->
		<control type="group" id="7002">
			<include>WindowFadeAnimation</include>
			<top>285</top>
			<visible>Control.IsVisible(71) + Container.OnPrevious</visible>
			<animation effect="slide" end="150,0" time="250" reversible="false">Hidden</animation>
			<control type="group">
				<left>1345</left>
				<visible>Container.OnPrevious</visible>
				<animation effect="fade" start="100" end="0" time="250" reversible="false">Hidden</animation>
				<animation effect="rotatey" center="1900" start="65" end="65" time="0" condition="true">Conditional</animation>
				<control type="group">
					<visible>Container.Content(Artists) | Container.Content(Albums) | Container.Content(Songs)</visible>
					<control type="image">
						<left>0</left>
						<top>20</top>
						<width>505</width>
						<height>505</height>
						<info>Container(71).ListItem(4).Icon</info>
						<bordertexture border="7">Borders/BorderNF.png</bordertexture>
						<bordersize>5</bordersize>
					</control>
					<control type="image">
						<left>5</left>
						<top>525</top>
						<width>495</width>
						<height>505</height>
						<texture flipy="true" diffuse="diffuse/diffuse_mirror5.png" />
						<info>Container(71).ListItem(4).Icon</info>
					</control>
				</control>
			</control>
			<control type="group">
				<left>1185</left>
				<animation effect="rotatey" center="1740" start="65" end="65" time="0" condition="true">Conditional</animation>
				<control type="group">
					<visible>Container.Content(Artists) | Container.Content(Albums) | Container.Content(Songs)</visible>
					<control type="image">
						<left>0</left>
						<top>20</top>
						<width>505</width>
						<height>505</height>
						<info>Container(71).ListItem(3).Icon</info>
						<bordertexture border="7">Borders/BorderNF.png</bordertexture>
						<bordersize>5</bordersize>
					</control>
					<control type="image">
						<left>5</left>
						<top>525</top>
						<width>495</width>
						<height>505</height>
						<texture flipy="true" diffuse="diffuse/diffuse_mirror5.png" />
						<info>Container(71).ListItem(3).Icon</info>
					</control>
				</control>
			</control>
			<control type="group">
				<left>1025</left>
				<animation effect="rotatey" center="1580" start="65" end="65" time="0" condition="true">Conditional</animation>
				<control type="group">
					<visible>Container.Content(Artists) | Container.Content(Albums) | Container.Content(Songs)</visible>
					<control type="image">
						<left>0</left>
						<top>20</top>
						<width>505</width>
						<height>505</height>
						<info>Container(71).ListItem(2).Icon</info>
						<bordertexture border="7">Borders/BorderNF.png</bordertexture>
						<bordersize>5</bordersize>
					</control>
					<control type="image">
						<left>5</left>
						<top>525</top>
						<width>495</width>
						<height>505</height>
						<texture flipy="true" diffuse="diffuse/diffuse_mirror5.png" />
						<info>Container(71).ListItem(2).Icon</info>
					</control>
				</control>
			</control>
			<control type="group">
				<left>-90</left>
				<visible>!Container.OnPrevious</visible>
				<animation effect="fade" start="0" end="100" time="250" reversible="false">Visible</animation>
				<animation effect="rotatey" center="-140" start="-65" end="-65" time="0" condition="true">Conditional</animation>
				<control type="group">
					<visible>Container.Content(Artists) | Container.Content(Albums) | Container.Content(Songs)</visible>
					<control type="image">
						<left>0</left>
						<top>20</top>
						<width>505</width>
						<height>505</height>
						<info>Container(71).ListItem(-3).Icon</info>
						<bordertexture border="7">Borders/BorderNF.png</bordertexture>
						<bordersize>5</bordersize>
					</control>
					<control type="image">
						<left>5</left>
						<top>525</top>
						<width>495</width>
						<height>505</height>
						<texture flipy="true" diffuse="diffuse/diffuse_mirror5.png" />
						<info>Container(71).ListItem(-3).Icon</info>
					</control>
				</control>
			</control>
			<control type="group">
				<left>70</left>
				<animation effect="rotatey" center="20" start="-65" end="-65" time="0" condition="true">Conditional</animation>
				<control type="group">
					<visible>Container.Content(Artists) | Container.Content(Albums) | Container.Content(Songs)</visible>
					<control type="image">
						<left>0</left>
						<top>20</top>
						<width>505</width>
						<height>505</height>
						<info>Container(71).ListItem(-2).Icon</info>
						<bordertexture border="7">Borders/BorderNF.png</bordertexture>
						<bordersize>5</bordersize>
					</control>
					<control type="image">
						<left>5</left>
						<top>525</top>
						<width>495</width>
						<height>505</height>
						<texture flipy="true" diffuse="diffuse/diffuse_mirror5.png" />
						<info>Container(71).ListItem(-2).Icon</info>
					</control>
				</control>
			</control>
			<control type="group">
				<left>230</left>
				<animation effect="rotatey" center="180" start="-65" end="-65" time="0" condition="true">Conditional</animation>
				<control type="group">
					<visible>Container.Content(Artists) | Container.Content(Albums) | Container.Content(Songs)</visible>
					<control type="image">
						<left>0</left>
						<top>20</top>
						<width>505</width>
						<height>505</height>
						<info>Container(71).ListItem(-1).Icon</info>
						<bordertexture border="7">Borders/BorderNF.png</bordertexture>
						<bordersize>5</bordersize>
					</control>
					<control type="image">
						<left>5</left>
						<top>525</top>
						<width>495</width>
						<height>505</height>
						<texture flipy="true" diffuse="diffuse/diffuse_mirror5.png" />
						<info>Container(71).ListItem(-1).Icon</info>
					</control>
				</control>
			</control>
			
			<control type="group">
				<visible>Container.OnPrevious</visible>
				<animation effect="slide" end="160,0" time="250" reversible="false">Hidden</animation> <!-- 188 -->
				<control type="group">
					<left>390</left>
					<visible>Container.OnPrevious</visible>
					<animation effect="rotatey" center="340" start="0" end="65" time="250" reversible="false" tween="quadratic" easing="in">Hidden</animation>
					<animation effect="rotatey" center="340" start="-65" end="-65" time="0" condition="true">Conditional</animation>
					<control type="group">
						<visible>Container.Content(Artists) | Container.Content(Albums) | Container.Content(Songs)</visible>
						<control type="image">
							<left>0</left>
							<top>20</top>
							<width>505</width>
							<height>505</height>
							<info>Container(71).ListItem(0).Icon</info>
							<bordertexture border="7">Borders/BorderNF.png</bordertexture>
							<bordersize>5</bordersize>
						</control>
						<control type="image">
							<left>5</left>
							<top>525</top>
							<width>495</width>
							<height>505</height>
							<texture flipy="true" diffuse="diffuse/diffuse_mirror5.png" />
							<info>Container(71).ListItem(0).Icon</info>
						</control>
					</control>
				</control>
				<control type="group">
					<left>708</left>
					<visible>Container.OnPrevious</visible>
					<animation effect="rotatey" center="1263" start="0" end="65" time="250" reversible="false" tween="quadratic" easing="out">Hidden</animation>
					<control type="group">
						<visible>Container.Content(Artists) | Container.Content(Albums) | Container.Content(Songs)</visible>
						<control type="image">
							<left>0</left>
							<top>20</top>
							<width>505</width>
							<height>505</height>
							<info>Container(71).ListItem(1).Icon</info>
							<bordertexture border="7">Borders/BorderNF.png</bordertexture>
							<bordersize>5</bordersize>
						</control>
						<control type="image">
							<left>5</left>
							<top>525</top>
							<width>495</width>
							<height>505</height>
							<texture flipy="true" diffuse="diffuse/diffuse_mirror5.png" />
							<info>Container(71).ListItem(1).Icon</info>
						</control>
					</control>
				</control>
			</control>
		</control>
		
		
		<!-- Static Items -->
		<control type="group" id="7000">
			<include>WindowFadeAnimation</include>
			<top>285</top>
			<visible>Control.IsVisible(71) + !Control.IsVisible(7001)  + !Control.IsVisible(7002)</visible>
			
			<control type="group">
				<left>70</left>
				<animation effect="rotatey" center="20" start="-65" end="-65" time="0" condition="true">Conditional</animation>
				<control type="group">
					<visible>Container.Content(Artists) | Container.Content(Albums) | Container.Content(Songs)</visible>
					<control type="image">
						<left>0</left>
						<top>20</top>
						<width>505</width>
						<height>505</height>
						<info>Container(71).ListItem(-3).Icon</info>
						<bordertexture border="7">Borders/BorderNF.png</bordertexture>
						<bordersize>5</bordersize>
					</control>
					<control type="image">
						<left>5</left>
						<top>525</top>
						<width>495</width>
						<height>505</height>
						<texture flipy="true" diffuse="diffuse/diffuse_mirror5.png" />
						<info>Container(71).ListItem(-3).Icon</info>
					</control>
				</control>
			</control>
			<control type="group">
				<left>230</left>
				<animation effect="rotatey" center="180" start="-65" end="-65" time="0" condition="true">Conditional</animation>
				<control type="group">
					<visible>Container.Content(Artists) | Container.Content(Albums) | Container.Content(Songs)</visible>
					<control type="image">
						<left>0</left>
						<top>20</top>
						<width>505</width>
						<height>505</height>
						<info>Container(71).ListItem(-2).Icon</info>
						<bordertexture border="7">Borders/BorderNF.png</bordertexture>
						<bordersize>5</bordersize>
					</control>
					<control type="image">
						<left>5</left>
						<top>525</top>
						<width>495</width>
						<height>505</height>
						<texture flipy="true" diffuse="diffuse/diffuse_mirror5.png" />
						<info>Container(71).ListItem(-2).Icon</info>
					</control>
				</control>
			</control>
			<control type="group">
				<left>390</left>
				<animation effect="rotatey" center="340" start="-65" end="-65" time="0" condition="true">Conditional</animation>
				<control type="group">
					<visible>Container.Content(Artists) | Container.Content(Albums) | Container.Content(Songs)</visible>
					<control type="image">
						<left>0</left>
						<top>20</top>
						<width>505</width>
						<height>505</height>
						<info>Container(71).ListItem(-1).Icon</info>
						<bordertexture border="7">Borders/BorderNF.png</bordertexture>
						<bordersize>5</bordersize>
					</control>
					<control type="image">
						<left>5</left>
						<top>525</top>
						<width>495</width>
						<height>505</height>
						<texture flipy="true" diffuse="diffuse/diffuse_mirror5.png" />
						<info>Container(71).ListItem(-1).Icon</info>
					</control>
				</control>
			</control>
			
			<control type="group">
				<left>1345</left>
				<animation effect="rotatey" center="1900" start="65" end="65" time="0" condition="true">Conditional</animation>
				<control type="group">
					<visible>Container.Content(Artists) | Container.Content(Albums) | Container.Content(Songs)</visible>
					<control type="image">
						<left>0</left>
						<top>20</top>
						<width>505</width>
						<height>505</height>
						<info>Container(71).ListItem(3).Icon</info>
						<bordertexture border="7">Borders/BorderNF.png</bordertexture>
						<bordersize>5</bordersize>
					</control>
					<control type="image">
						<left>5</left>
						<top>525</top>
						<width>495</width>
						<height>505</height>
						<texture flipy="true" diffuse="diffuse/diffuse_mirror5.png" />
						<info>Container(71).ListItem(3).Icon</info>
					</control>
				</control>
			</control>
			<control type="group">
				<left>1185</left>
				<animation effect="rotatey" center="1740" start="65" end="65" time="0" condition="true">Conditional</animation>
				<control type="group">
					<visible>Container.Content(Artists) | Container.Content(Albums) | Container.Content(Songs)</visible>
					<control type="image">
						<left>0</left>
						<top>20</top>
						<width>505</width>
						<height>505</height>
						<info>Container(71).ListItem(2).Icon</info>
						<bordertexture border="7">Borders/BorderNF.png</bordertexture>
						<bordersize>5</bordersize>
					</control>
					<control type="image">
						<left>5</left>
						<top>525</top>
						<width>495</width>
						<height>505</height>
						<texture flipy="true" diffuse="diffuse/diffuse_mirror5.png" />
						<info>Container(71).ListItem(2).Icon</info>
					</control>
				</control>
			</control>
			<control type="group">
				<left>1025</left>
				<animation effect="rotatey" center="1580" start="65" end="65" time="0" condition="true">Conditional</animation>
				<control type="group">
					<visible>Container.Content(Artists) | Container.Content(Albums) | Container.Content(Songs)</visible>
					<control type="image">
						<left>0</left>
						<top>20</top>
						<width>505</width>
						<height>505</height>
						<info>Container(71).ListItem(1).Icon</info>
						<bordertexture border="7">Borders/BorderNF.png</bordertexture>
						<bordersize>5</bordersize>
					</control>
					<control type="image">
						<left>5</left>
						<top>525</top>
						<width>495</width>
						<height>505</height>
						<texture flipy="true" diffuse="diffuse/diffuse_mirror5.png" />
						<info>Container(71).ListItem(1).Icon</info>
					</control>
				</control>
			</control>
			
			<control type="group">
				<left>708</left>
				<control type="group">
					<control type="group">
						<visible>Container.Content(Artists) | Container.Content(Albums) | Container.Content(Songs)</visible>
						<control type="image">
							<left>0</left>
							<top>20</top>
							<width>505</width>
							<height>505</height>
							<info>Container(71).ListItem(0).Icon</info>
							<bordertexture border="7">Borders/BorderNF.png</bordertexture>
							<bordersize>5</bordersize>
							<visible>Control.HasFocus(71)</visible>
						</control>
						<control type="image">
							<left>5</left>
							<top>525</top>
							<width>495</width>
							<height>505</height>
							<texture flipy="true" diffuse="diffuse/diffuse_mirror5.png" />
							<info>Container(71).ListItem(0).Icon</info>
							<visible>Control.HasFocus(71)</visible>
						</control>
					</control>
					<control type="group">
						<visible>Container.Content(Artists) | Container.Content(Albums) | Container.Content(Songs)</visible>
						<control type="image">
							<left>0</left>
							<top>20</top>
							<width>505</width>
							<height>505</height>
							<info>Container(71).ListItem(0).Icon</info>
							<bordertexture border="7">Borders/BorderNF.png</bordertexture>
							<bordersize>5</bordersize>
							<visible>!Control.HasFocus(71)</visible>
						</control>
						<control type="image">
							<left>5</left>
							<top>525</top>
							<width>495</width>
							<height>505</height>
							<texture flipy="true" diffuse="diffuse/diffuse_mirror5.png" />
							<info>Container(71).ListItem(0).Icon</info>
							<visible>!Control.HasFocus(71)</visible>
						</control>
					</control>
				</control>	
			</control>
			
		</control>
		
		<!-- Fake list to control coverflow movement -->
		<control type="wraplist" id="71">
			<include>WindowFadeAnimation</include>
			<description>Fake list to control coverflow movement</description>
			<visible>Container.Content(Albums)</visible>
			<left>708</left>
			<top>285</top>
			<width>505</width>
			<height>505</height>
			<onleft>57</onleft>
			<onright>57</onright>
			<onup>3001</onup>
			<ondown>3001</ondown>
			<viewtype label="Cover Wrap">list</viewtype>
			<pagecontrol></pagecontrol>
			<orientation>horizontal</orientation>
			<scrolltime>250</scrolltime>
			<focusedposition>3</focusedposition>
			<itemlayout height="1" width="1"></itemlayout>
			<focusedlayout height="525" width="505">
				<control type="group">
					<visible>Container.Content(Artists) | Container.Content(Albums) | Container.Content(Songs)</visible>
					<control type="image">
						<left>0</left>
						<top>20</top>
						<width>505</width>
						<height>505</height>
						<bordertexture border="7">Borders/BorderNF.png</bordertexture>
						<bordersize>5</bordersize>
						<info>ListItem.Icon</info>
						<aspectratio>stretch</aspectratio>
						<visible>false</visible>
					</control>
				</control>
			</focusedlayout>
		</control>
		
		<!-- Info labels -->
		<control type="group">
			<include>WindowFadeAnimation</include>
			<visible>Control.IsVisible(71)</visible>
			<control type="label">
				<left>50</left>
				<top>860</top>
				<width>1820</width>
				<height>52</height>
				<font>Font60</font>
				<textcolor>white</textcolor>
				<scroll>true</scroll>
				<align>center</align>
				<aligny>center</aligny>
				<label>$INFO[ListItem.Label]</label>
				<visible>Container.Content(Albums)</visible>
			</control>
			<control type="label">
				<left>50</left>
				<top>910</top>
				<width>1820</width>
				<height>52</height>
				<font>Font30</font>
				<textcolor>white</textcolor>
				<scroll>true</scroll>
				<align>center</align>
				<aligny>center</aligny>
				<label>$INFO[ListItem.Label2]</label>   
				<visible>Container.Content(Albums)</visible>
			</control>
			<!-- Music -->
		</control>
		
	</include>
</includes>