<?xml version="1.0" encoding="UTF-8"?>
<includes>

	<!-- Default File List -->
	<include name="Viewtype53_(Settingsfilelist)">

		<control type="group">
			<visible>Control.IsVisible(53)</visible>

			
			<!-- Settings Dialog BG group -->
			<control type="group">
				<include>DialogBackgroundImage</include>
				<visible>!String.IsEmpty(Window(Home).Property(SettingsList))</visible>
			</control>
			
			
			<!-- Close Window Button -->
			<control type="button">
				<description>Close Window button</description>
				<right>70</right>
				<top>21</top>
				<width>120</width>
				<height>50</height>
				<label>[B]x[/B]</label>
				<font>Font42</font>
				<align>center</align>
				<aligny>bottom</aligny>
				<textoffsetx></textoffsetx>
				<textoffsety>-12</textoffsety>
				<onclick>PreviousMenu</onclick>
				<texturefocus border="15" colordiffuse="CommonDialogButtonFO">Buttons/DialogCloseButton.png</texturefocus>
				<texturenofocus border="15" colordiffuse="CommonDialogButtonNF">Buttons/DialogCloseButton.png</texturenofocus>
				<visible>system.getbool(input.enablemouse) + Skin.HasSetting(ShowMouseButtons)</visible>
			</control>
			

					
			<!-- SettingsWindow part -->
			<control type="group">
				<visible>!String.IsEmpty(Window(Home).Property(SettingsList))</visible>
				
				<!-- Dummy Settings main list -->
				<control type="grouplist" id="9000">
					<left>90</left>
					<top>200</top>
					<width>300</width>
					<height>870</height>
					<itemgap>34</itemgap>
					<orientation>vertical</orientation>

					<!-- Appearance -->
					<control type="button">
						<width>300</width>
						<height>42</height>
						<label>$LOCALIZE[480]</label>
						<font>Font42</font>
						<textcolor>DialogTextColor3</textcolor>
					</control>
					<!-- Files -->
					<control type="button">
						<width>300</width>
						<height>42</height>
						<label>$LOCALIZE[1214]</label>
						<font>Font42</font>
						<textcolor>DialogTextColor1</textcolor>
						<visible>String.IsEqual(Window(Home).Property(SettingsList),true)</visible>
					</control>
					<!-- Files -->
					<control type="button">
						<width>300</width>
						<height>42</height>
						<label>$LOCALIZE[1214]</label>
						<font>Font42</font>
						<textcolor>DialogTextColor3</textcolor>
						<visible>!String.IsEqual(Window(Home).Property(SettingsList),true)</visible>
					</control>
					<!-- Media Settings -->
					<control type="button">
						<width>300</width>
						<height>42</height>
						<label>$LOCALIZE[14212]</label>
						<font>Font42</font>
						<textcolor>DialogTextColor3</textcolor>
						<visible>!String.IsEqual(Window(Home).Property(SettingsList),media)</visible>
					</control>
					<!-- Media Settings -->
					<control type="button">
						<width>300</width>
						<height>42</height>
						<label>$LOCALIZE[14212]</label>
						<font>Font42</font>
						<textcolor>DialogTextColor1</textcolor>
						<visible>String.IsEqual(Window(Home).Property(SettingsList),media)</visible>
					</control>
					<!-- Player Settings -->
					<control type="button">
						<width>300</width>
						<height>42</height>
						<label>$LOCALIZE[14200]</label>
						<font>Font42</font>
						<textcolor>DialogTextColor3</textcolor>
					</control>
					<!-- PVR -->
					<control type="button">
						<width>300</width>
						<height>42</height>
						<label>$LOCALIZE[31015]</label>
						<font>Font42</font>
						<textcolor>DialogTextColor3</textcolor>
					</control>
					<!-- Service Settings -->
					<control type="button">
						<width>300</width>
						<height>42</height>
						<label>$LOCALIZE[14036]</label>
						<font>Font42</font>
						<textcolor>DialogTextColor3</textcolor>
					</control>
					<!-- System Settings -->
					<control type="button">
						<width>300</width>
						<height>42</height>
						<label>$LOCALIZE[13000]</label>
						<font>Font42</font>
						<textcolor>DialogTextColor3</textcolor>
					</control>
					<!-- System info -->
					<control type="button">
						<width>300</width>
						<height>42</height>
						<label>$LOCALIZE[130]</label>
						<font>Font42</font>
						<textcolor>DialogTextColor3</textcolor>
					</control>
					<!-- Profiles Settings -->
					<!--
					<control type="button">
						<width>300</width>
						<height>42</height>
						<label>$LOCALIZE[13200]</label>
						<font>Font42</font>
						<textcolor>DialogTextColor3</textcolor>
					</control>
					-->
					<!-- Addons -->
					<control type="button">
						<width>300</width>
						<height>42</height>
						<label>$LOCALIZE[24001]</label>
						<font>Font42</font>
						<textcolor>DialogTextColor3</textcolor>
					</control>
					<!-- More -->
					<control type="button">
						<width>300</width>
						<height>42</height>
						<label>$LOCALIZE[22082]</label>
						<font>Font42</font>
						<textcolor>DialogTextColor3</textcolor>
					</control>

				</control>
				
				<!-- Files list indicator -->
				<control type="image">
					<left>427</left>
					<top>204</top>
					<width>20</width>
					<height>60</height>
					<colordiffuse>OverlayColorFO</colordiffuse>
					<texture border="6,1,8,1">common/ScrollBackground.png</texture>
					<animation effect="fade" start="50" end="50" time="0" condition="true">Conditional</animation>
				</control>
				
				<!-- List (manage files) -->
				<control type="grouplist" id="7011">
					<left>465</left>
					<top>204</top>
					<width>370</width>
					<height>726</height>
					<itemgap>34</itemgap>
					<onleft>9000</onleft>
					<onright>noop</onright>
					<onup>noop</onup>
					<ondown>noop</ondown>
					<orientation>vertical</orientation>
					<animation effect="fade" start="100" end="70" time="0" condition="!ControlGroup(9000).HasFocus">Conditional</animation>
					<visible>String.IsEqual(Window(Home).Property(SettingsList),true)</visible>
					
					<!-- Manage Video Files -->
					<control type="label">
						<width>370</width>
						<height>42</height>
						<font>Font33</font>
						<label>31163</label>
						<textcolor>$VAR[FileButtonFadeSubVideo]</textcolor>
					</control>
					<!-- Manage Audio Files -->
					<control type="label">
						<width>370</width>
						<height>42</height>
						<font>Font33</font>
						<label>31164</label>
						<textcolor>$VAR[FileButtonFadeSubMusic]</textcolor>
					</control>
					<!-- Manage Pictures and Homevideos -->
					<control type="label">
						<width>370</width>
						<height>42</height>
						<font>Font33</font>
						<label>31165</label>
						<textcolor>$VAR[FileButtonFadeSubPictures]</textcolor>
					</control>
					<!-- Kodi Filemanager -->
					<control type="label">
						<width>370</width>
						<height>42</height>
						<font>Font33</font>
						<label>Kodi $LOCALIZE[7]</label>  <!-- 10003 -->
						<textcolor>DialogTextColor2</textcolor>
					</control>
					
					<!-- Testlabel -->
					<!--
					<control type="label">
						<width>370</width>
						<height>142</height>
						<font>Font33</font>
						<label>$INFO[Window(Home).Property(SettingsList)]</label>
						<textcolor>DialogTextColor2</textcolor>
					</control>
					-->

				</control>
				
				<!-- List (media) -->
				<control type="grouplist" id="7012">
					<left>465</left>
					<top>204</top>
					<width>370</width>
					<height>726</height>
					<itemgap>34</itemgap>
					<onleft>9000</onleft>
					<onright>noop</onright>
					<onup>noop</onup>
					<ondown>noop</ondown>
					<orientation>vertical</orientation>
					<animation effect="fade" start="100" end="70" time="0" condition="!ControlGroup(9000).HasFocus">Conditional</animation>
					<visible>String.IsEqual(Window(Home).Property(SettingsList),media)</visible>
					
					<!-- Bibliothek (Library) -->
					<control type="label">
						<width>370</width>
						<height>42</height>
						<font>Font33</font>
						<label>14022</label>
						<textcolor>DialogTextColor1</textcolor>
					</control>
					<!-- Allgemein (General) -->
					<control type="label">
						<width>370</width>
						<height>42</height>
						<font>Font33</font>
						<label>16000</label>
						<textcolor>DialogTextColor2</textcolor>
					</control>
					<!-- Videos -->
					<control type="label">
						<width>370</width>
						<height>42</height>
						<font>Font33</font>
						<label>36913</label>
						<textcolor>DialogTextColor2</textcolor>
					</control>
					<!-- Musik (Music) -->
					<control type="label">
						<width>370</width>
						<height>42</height>
						<font>Font33</font>
						<label>36914</label>
						<textcolor>DialogTextColor2</textcolor>
					</control>
					<!-- Bilder (Pictures) -->
					<control type="label">
						<width>370</width>
						<height>42</height>
						<font>Font33</font>
						<label>1</label>
						<textcolor>DialogTextColor2</textcolor>
					</control>

				</control>
				
				<!-- Fake Content list indicator (Button 8100)-->
				<control type="image">
					<left>792</left>
					<top>204</top>
					<width>20</width>
					<height>60</height>
					<colordiffuse>OverlayColorFO</colordiffuse>
					<texture border="6,1,8,1">common/ScrollBackground.png</texture>
					<!--animation effect="fade" start="50" end="20" time="0" condition="true">Conditional</animation-->
					<visible></visible>
				</control>
				
			</control>
			
			
			<!-- File list BG -->
			<control type="image">
				<left>835</left>
				<top>204</top>
				<width>995</width>
				<height>670</height>
				<texture border="5" colordiffuse="SettingsPanelOverlayColor">common/Base.png</texture>
				<aspectratio>stretch</aspectratio>
				<visible></visible>
			</control>

			<!-- List -->
			<control type="list" id="53">
				<left>850</left>
				<top>188</top>
				<width>980</width>
				<height>670</height>
				<onup>53</onup>
				<ondown>53</ondown>
				<onleft>ActivateWindow(settings)</onleft>
				<onright>63</onright>
				<pagecontrol>63</pagecontrol>
				<orientation>vertical</orientation>
				<viewtype label="$LOCALIZE[535] (Settings)">list</viewtype>
				<scrolltime tween="sine" easing="out">240</scrolltime>
				<visible>!String.IsEmpty(Window(Home).Property(SettingsList))</visible>  <!-- !String.IsEmpty(Window.Property(SettingsList)) -->

				<itemlayout height="76" width="980">
					<control type="label">
						<left>20</left>
						<top>0</top>
						<width>960</width>
						<height>76</height>
						<font>Font33</font>
						<label>$INFO[ListItem.Label]</label>
						<textcolor>TextColor2</textcolor>
					</control>
					<!-- Watched status -->
					<!--
					<control type="image">
						<left>0</left>
						<top>38</top>
						<width>14</width>
						<height>14</height>
						<texture>$VAR[StatusOverlay]</texture>
						<colordiffuse>OverlayColorNF</colordiffuse>
						<animation effect="fade" start="50" end="50" condition="true">Conditional</animation>
					</control>
					-->
				</itemlayout>

				<focusedlayout height="76" width="980">
					<control type="label">
						<left>20</left>
						<top>0</top>
						<width>960</width>
						<height>76</height>
						<font>Font33</font>   <!-- Font72 -->
						<label>$INFO[ListItem.Label]</label>
						<textcolor>TextColor1</textcolor>
						<shadowcolor>ShadowColor</shadowcolor>
						<animation effect="fade" start="100" end="50" time="200" tween="cubic" easing="out" reversible="true" condition="!Control.HasFocus(53)">Conditional</animation>
					</control>
					<!-- Watched status -->
					<!--
					<control type="image">
						<left>0</left>
						<top>61</top>
						<width>14</width>
						<height>14</height>
						<texture>$VAR[StatusOverlay]</texture>
						<colordiffuse>OverlayColorFO</colordiffuse>
						<animation effect="fade" start="100" end="50" time="200" tween="cubic" easing="out" reversible="true" condition="!Control.HasFocus(53)">Conditional</animation>
					</control>
					-->
				</focusedlayout>

			</control>
			
			<!-- Settings description (description area) -->
			<control type="textbox">
				<left>840</left>
				<top>891</top>
				<width>990</width>
				<height>121</height>
				<align>left</align>
				<label>$LOCALIZE[31295]</label>
				<!--label>Add and Manage your Files [CR]Add Videos Folders or "rightclick" or hit "C" to add a specivic Folder to your Library</label-->
				<textcolor>DialogTextColor1</textcolor>
				<shadowcolor>TextColor4</shadowcolor>
				<!--visible>ControlGroup(53).HasFocus</visible-->
			</control>
			
			
			<!-- Scrollbar  -->
			<control type="scrollbar" id="63">
				<right>90</right>
				<top>204</top>
				<width>20</width>
				<height>670</height>
				<onleft>53</onleft>
				<onright>noop</onright>
				<showonepage>false</showonepage>
				<orientation>vertical</orientation>
				<colordiffuse>OverlayColorNF</colordiffuse>
				<texturesliderbackground border="6,1,8,1">common/ScrollBackground.png</texturesliderbackground>
				<texturesliderbar border="8,1,6,1">common/ScrollbarGripNF.png</texturesliderbar>
				<texturesliderbarfocus border="8,1,6,1" colordiffuse="DialogOverlayColorFO">common/ScrollbarGripFO.png</texturesliderbarfocus>
				<textureslidernib>-</textureslidernib>
				<textureslidernibfocus>-</textureslidernibfocus>
				<visible>!Skin.HasSetting(Scrollbars) + Control.IsVisible(53)</visible>
			</control>

		</control>

	</include>

</includes>
