<?xml version="1.0" encoding="UTF-8"?>
<includes>

	<!-- Default File List -->
	<include name="Viewtype50">

		<control type="group">
			<visible>Control.IsVisible(50)</visible>


			
			<!-- Image -->
			<control type="group">
				<left>80</left>
				<top>189</top>
				<visible></visible>
				
				<control type="image">
					<left>0</left>
					<top>0</top>
					<width>495</width>
					<height>703</height>
					<texture>$INFO[ListItem.Icon]</texture>
					<colordiffuse>OverlayColorFO</colordiffuse>
					<aspectratio aligny="top">keep</aspectratio>
					<visible>SubString(ListItem.Icon,Default)</visible>
					<!--visible>ListItem.IsParentFolder</visible-->
				</control>
				
				<!-- Default Icon with border -
				<control type="image">
					<left>0</left>
					<top>0</top>
					<width>495</width>
					<height>769</height>
					<texture>$INFO[ListItem.Icon]</texture>
					<aspectratio aligny="top">keep</aspectratio>
					<bordertexture border="1,1,1,69">views/DropShadow.png</bordertexture>
					<bordersize>0,0,0,66</bordersize>
					<colordiffuse>OverlayColorFO</colordiffuse>
					<aspectratio aligny="top">keep</aspectratio>
					<visible>SubString(ListItem.Icon,Default)</visible>
				</control>
				-->
				
				<control type="group">
					<visible>!SubString(ListItem.Icon,Default)</visible>
					<!--visible>!ListItem.IsParentFolder</visible-->
				
					<control type="image">
						<left>0</left>
						<top>0</top>
						<width>495</width>
						<height>769</height>
						<texture>$INFO[ListItem.Icon]</texture>
						<aspectratio aligny="top">keep</aspectratio>
						<bordertexture border="1,1,1,69">views/DropShadow.png</bordertexture>
						<bordersize>0,0,0,66</bordersize>
						<visible>!Container.Content(sets) + !Container.Content(actors)</visible>
					</control>
					<control type="image">
						<left>-5</left>
						<top>-5</top>
						<width>505</width>
						<height>713</height>
						<texture colordiffuse="00ffffff">$INFO[ListItem.Icon]</texture>
						<aspectratio aligny="top">keep</aspectratio>
						<bordertexture border="21,21,21,150">views/OverlayEffect.png</bordertexture>
						<visible>!Container.Content(sets) + !Container.Content(actors) + Skin.HasSetting(Overlays)</visible>
					</control>
					
					<!-- Setposter -->
					<control type="image">
						<left>0</left>
						<top>0</top>
						<width>495</width>
						<height>769</height>
						<texture>$INFO[ListItem.Icon]</texture>
						<aspectratio aligny="center">stretch</aspectratio>
						<bordertexture border="1,1,1,69">views/DropShadow.png</bordertexture>
						<bordersize>0,0,0,66</bordersize>
						<visible>Container.Content(sets)</visible>
					</control>
					
					<!-- Actor Thumb -->
					<control type="image">
						<left>0</left>
						<top>0</top>
						<width>495</width>
						<height>769</height>
						<texture>$INFO[ListItem.Icon]</texture>
						<aspectratio aligny="center">scale</aspectratio>
						<bordertexture border="1,1,1,69">views/DropShadow.png</bordertexture>
						<bordersize>0,0,0,66</bordersize>
						<visible>Container.Content(actors)</visible>
					</control>
					
					<!-- Setposter overlay -->
					<control type="image">
						<left>-5</left>
						<top>-5</top>
						<width>505</width>
						<height>713</height>
						<texture>views/OverlayEffect-default.png</texture>
						<bordersize>5</bordersize>
						<visible>Skin.HasSetting(Overlays) + Container.Content(sets)</visible>
					</control>
					
					<!-- 3D Flag ->
					<control type="image">
						<left>-5</left>
						<top>-5</top>
						<width>105</width>
						<height>105</height>
						<texture>flagging/IsStereoscopicFlag.png</texture>
						<bordersize>5</bordersize>
						<visible>!String.IsEmpty(ListItem.StereoscopicMode) + !String.IsEqual(ListItem.StereoscopicMode,mono)</visible>
					</control>
					-->
				</control>
				
			</control>
			
			<!-- Info -->
			<control type="group">
				<left>80</left>
				<top>189</top>
				<visible>!ListItem.IsParentFolder + String.StartsWith(ListItem.Path,plugin://plugin.video.youtube)</visible>
			
				<!-- Info -->
				<!--control type="label">
					<left>0</left>
					<top>316</top>
					<width>486</width>
					<height>45</height>
					<font>Font42</font>
					<label>$INFO[ListItem.Label]</label>
					<textcolor>TextColor1</textcolor>
				</control-->
				<!-- 2nd row Label -->
				<control type="label">
					<left>0</left>
					<top>368</top>
					<width>486</width>
					<height>45</height>
					<font>Font33</font>
					<textcolor>TextColor2</textcolor>
					<label>$INFO[ListItem.Year]$INFO[ListItem.Duration, • , Min.]</label>
					<visible>!String.IsEmpty(ListItem.Year) | [!String.IsEmpty(ListItem.Duration) + !String.IsEqual(ListItem.Duration,0)]</visible>
				</control>
				<!-- 3nd row Label (Artistss) -->
				<control type="label">
					<left>0</left>
					<top>420</top>
					<width>486</width>
					<height>45</height>
					<font>Font33</font>
					<textcolor>TextColor3</textcolor>
					<label>$INFO[ListItem.Premiered]$INFO[ListItem.VideoResolution, • ]</label>
				</control>
				
				<!-- Artist Description -->
				<control type="textbox">
					<left>0</left>
					<top>485</top>
					<width>495</width>
					<height>216</height>
					<label>$VAR[Plot]</label>
					<font>Font30</font>
					<textcolor>TextColor1</textcolor>
					<shadowcolor>TextColor4</shadowcolor>
					<align>left</align>
					<autoscroll delay="7500" time="2100" repeat="12000">!Skin.HasSetting(dontautoscroll)</autoscroll>  <!-- true -->
				</control>

			</control>
			
			
				<!-- Propetry Testlabel -->
				<!--
				<control type="label">
					<left>90</left>
					<top>90</top>
					<width>970</width>
					<height>142</height>
					<font>Font33</font>
					<label>$INFO[Window(Home).Property(SettingsList)]</label>
					<textcolor>DialogTextColor2</textcolor>
				</control>
				-->
			
				<!-- Test -->
				<!--
				<control type="label">
					<left>32</left>
					<top>20</top>
					<width>1018</width>
					<height>90</height>
					<font>Font36</font>
					<label>videodb://movies/genres/$INFO[Container(50).ListItem.DBID]/$INFO[Listitem.Icon]</label>
					<textcolor>TextColor2</textcolor>
				</control>
				-->

			<!-- List -->
			<control type="fixedlist" id="50">
				<left>689</left>
				<centertop>50%</centertop>
				<width>1135</width>
				<height>720</height>
				<onup>50</onup>
				<ondown>50</ondown>
				<onleft>60</onleft>
				<onright condition="!Skin.HasSetting(KioskMode)">3001</onright>
				<oninfo condition="Container.Content(Actors)">RunScript(script.extendedinfo,info=extendedactorinfo,name=$INFO[ListItem.Label])</oninfo>
				<oninfo condition="Container.Content(Sets) + System.HasAddon(script.skin.helper.service)">ActivateWindow(1158)</oninfo>
				<pagecontrol>60</pagecontrol>
				<include condition="!Skin.HasSetting(View50Style2)">ListStyle1Focusposition</include>
				<include condition="Skin.HasSetting(View50Style2)">ListStyle2Focusposition</include>
				<orientation>vertical</orientation>
				<viewtype label="$LOCALIZE[535]">list</viewtype>
				<scrolltime tween="sine" easing="out">240</scrolltime>
				<visible>String.IsEmpty(Window(Home).Property(SettingsList)) + [[Window.IsVisible(music) + !Container.Content(albums) + !Container.Content(songs) + !Container.Content(artists)] | [Container.Content(songs) + Window.IsVisible(musicplaylist)] | [!Container.Content(movies) + !Container.Content(tvshows) + !Container.Content(seasons) + !Container.Content(episodes) + !Container.Content(albums) + !Container.Content(songs) + !Container.Content(artists) + !Window.IsVisible(pictures)]]</visible>

				<itemlayout condition="!Skin.HasSetting(View50Style2)" height="70" width="1135">
					<control type="label">
						<left>32</left>
						<width>1103</width>
						<height>70</height>
						<font>Font36</font>
						<label>$INFO[ListItem.Label]</label>
						<textcolor>TextColor2</textcolor>
					</control>
					<!-- Watched status -->
					<control type="image">
						<left>0</left>
						<top>29</top>
						<width>14</width>
						<height>14</height>
						<texture>$VAR[StatusOverlay]</texture>
						<colordiffuse>OverlayColorNF</colordiffuse>
						<animation effect="fade" start="50" end="50" condition="true">Conditional</animation>
					</control>
				</itemlayout>

				<focusedlayout condition="!Skin.HasSetting(View50Style2)" height="160" width="1135">
					<control type="label">
						<left>32</left>
						<width>1103</width>
						<height>160</height>
						<font>Font48</font>   <!-- Font72 -->
						<label>$INFO[ListItem.Label]</label>
						<textcolor>TextColor1</textcolor>
						<shadowcolor>ShadowColor</shadowcolor>
						<animation effect="fade" start="100" end="50" time="200" tween="cubic" easing="out" reversible="true" condition="!Control.HasFocus(50)">Conditional</animation>
					</control>
					<!-- Watched status -->
					<control type="image">
						<left>0</left>
						<top>81</top> <!-- 83 -->
						<width>14</width>
						<height>14</height>
						<texture>$VAR[StatusOverlay]</texture>
						<colordiffuse>OverlayColorFO</colordiffuse>
						<animation effect="fade" start="100" end="50" time="200" tween="cubic" easing="out" reversible="true" condition="!Control.HasFocus(50)">Conditional</animation>
					</control>
				</focusedlayout>
				
				<itemlayout condition="Skin.HasSetting(View50Style2)" height="90" width="1135">
					<control type="label">
						<left>32</left>
						<top>0</top>
						<width>1103</width>
						<height>90</height>
						<font>Font36</font>
						<label>$INFO[ListItem.Label]</label>
						<textcolor>TextColor2</textcolor>
					</control>
					<!-- Watched status -->
					<control type="image">
						<left>0</left>
						<top>38</top>
						<width>14</width>
						<height>14</height>
						<texture>$VAR[StatusOverlay]</texture>
						<colordiffuse>OverlayColorNF</colordiffuse>
						<animation effect="fade" start="50" end="50" condition="true">Conditional</animation>
					</control>
				</itemlayout>

				<focusedlayout condition="Skin.HasSetting(View50Style2)" height="180" width="1135">
					<control type="label">
						<left>32</left>
						<top>0</top>
						<width>1103</width>
						<height>180</height>
						<font>Font60</font>   <!-- Font72 -->
						<label>$INFO[ListItem.Label]</label>
						<textcolor>TextColor1</textcolor>
						<shadowcolor>ShadowColor</shadowcolor>
						<animation effect="fade" start="100" end="50" time="200" tween="cubic" easing="out" reversible="true" condition="!Control.HasFocus(50)">Conditional</animation>
					</control>
					<!-- Watched status -->
					<control type="image">
						<left>0</left>
						<top>83</top> <!-- 83 -->
						<width>14</width>
						<height>14</height>
						<texture>$VAR[StatusOverlay]</texture>
						<colordiffuse>OverlayColorFO</colordiffuse>
						<animation effect="fade" start="100" end="50" time="200" tween="cubic" easing="out" reversible="true" condition="!Control.HasFocus(50)">Conditional</animation>
					</control>
				</focusedlayout>

			</control>
			
			<!-- Scrollbar (list) -->
			
			<control type="scrollbar" id="60">
				<left>645</left>
				<centertop>50%</centertop>
				<width>20</width>
				<height>720</height>
				<onleft condition="!Skin.HasSetting(KioskMode)">3001</onleft>
				<onright>50</onright>
				<showonepage>false</showonepage>
				<orientation>vertical</orientation>
				<colordiffuse>OverlayColorNF</colordiffuse>
				<texturesliderbackground border="11,1,1,1">common/ScrollBackground.png</texturesliderbackground>
				<texturesliderbar border="11,1,1,1">common/ScrollbarGripNF.png</texturesliderbar>
				<texturesliderbarfocus border="11,1,1,1" colordiffuse="DialogOverlayColorFO">common/ScrollbarGripFO.png</texturesliderbarfocus>
				<textureslidernib>-</textureslidernib>
				<textureslidernibfocus>-</textureslidernibfocus>
				<visible>!Skin.HasSetting(Scrollbars) + Control.IsVisible(50)</visible>
				<animation effect="slide" start="0,0" end="1150,0" condition="!String.IsEmpty(Window.Property(BGPanelVisibility))">Conditional</animation>
			</control>
			


		</control>

	</include>

</includes>
