<?xml version="1.0" encoding="UTF-8"?>
<window>
	<defaultcontrol always="true">10</defaultcontrol>
	<allowoverlay>no</allowoverlay>
	<views>10,11,12,13</views>
	<controls>
		<include>CommonBackground</include>
		<control type="group" id ="50">
			<include>Window_OpenClose_Right_Panel_Animation</include>
			<include>ContentPanel</include>
			<include>PVRGuideViewTimeline</include>
			<include>PVRGuideViewNow</include>
			<include>PVRGuideViewNext</include>
			<include>PVRGuideViewChannel</include>
			<include>ScrollOffsetLabel</include>
		</control>
		<include>PVRMenu</include>
		<control type="image">
			<posx>0</posx>
			<posy>0</posy>
			<width>1280</width>
			<height>128</height>
			<texture>Header.png</texture>
		</control>
		
		<control type="label">
			<include>WindowTitleCommons</include>
			<label>$LOCALIZE[9] - $LOCALIZE[31400]</label>
		</control>
		<include>WindowTitleButtonsMedia</include>
		<include>BehindDialogFadeOut</include>
	</controls>
</window>