<?xml version="1.0" encoding="UTF-8"?>
<window id="1900" type="dialog">
<defaultcontrol always="true">4871</defaultcontrol>
<onunload>ClearProperty(Colornameoverlayoverlay,home)</onunload>
<onunload>ClearProperty(colortitleoverlayoverlay,home)</onunload>
<onunload>ClearProperty(transparentzoverlay,home)</onunload>
<depth>DepthOSD</depth>
<controls>
    <control type="group">
    <animation effect="slide" end="-300,0" time="500" tween="sine" easing="inout">Windowopen</animation>
        <top>0</top>
        <left>1900</left>
        <control type="image">
			<left>40</left>
			<top>0</top>
			<width>500</width>
			<height>1080</height>
			<texture colordiffuse="dialog_tint">colors/white.png</texture>
		</control>
        <control type="image">
			<left>35</left>
			<top>130</top>
			<width>290</width>
			<height>740</height>
				<texture border="40">buttons/dialogbutton-nofo.png</texture>
		</control>
         <control type="image">
			<left>35</left>
			<top>870</top>
			<width>290</width>
			<height>135</height>
				<texture border="40">buttons/dialogbutton-nofo.png</texture>
		</control>
       
        
        
                    <control type="label">
                        <left>50</left>
                        <top>20</top>
						<width>250</width>
                        <align>center</align>
						<height>625</height>
						<label>[B]$LOCALIZE[40091][/B]</label>
					</control>
            <control type="image">
				<description>separator image</description>
                <left>50</left>
                <top>91</top>
				<height>3</height>
                <width>250</width>
				<texture colordiffuse="button_focus" border="2">dialogs/separator-grey.png</texture>
			</control>
            <control type="label">
                        <left>55</left>
                        <top>110</top>
						<width>250</width>
                        <align>center</align>
						<height>625</height>
                        <font>font12</font>
						<label>$VAR[Colornameoverlays]</label>
					</control>
                    
                       <control type="label">
                        <left>55</left>
                        <top>855</top>
						<width>250</width>
                        <align>center</align>
						<height>625</height>
                        <font>font12</font>
						<label>Transparenz  $VAR[transparenzoverlayname,,%]</label>
					</control>
            <control type="group">
                <left>9</left>
				<top>20</top>
            <control type="grouplist" id="4871">
                    <left>70</left>
					<top>150</top>
					<width>250</width>
					<height>700</height>
					<onleft>4874</onleft>
					<onright>4872</onright>
					<ondown>4897</ondown>
					<scrolltime>200</scrolltime>
					<orientation>vertical</orientation>
                    <itemgap>7.9</itemgap>
                <control type="button" id="19">
                    <include>ColorselectButton</include>
                    <label></label>
                    <width>40</width>
					<height>40</height>
                    <onclick>Skin.SetString($INFO[Window(home).Property(Colornameoverlay)],F0F8FF)</onclick>
                    <onclick>Skin.SetString($INFO[Window(home).Property(colortitleoverlay)],Eisfarben)</onclick>
                    <texturenofocus colordiffuse="FFF0F8FF">colors/white.png</texturenofocus>
                    <texturefocus colordiffuse="FFF0F8FF">colors/white.png</texturefocus>
                    <animation effect="zoom" center="auto" start="90" end="140" time="600" tween="back" easing="out" reversible="false">Focus</animation>
                </control>
                <control type="button" id="20">
                    <include>ColorselectButton</include>
                    <label></label>
                    <width>40</width>
					<height>40</height>
                    <onclick>Skin.SetString($INFO[Window(home).Property(Colornameoverlay)],FAEBD7)</onclick>
                    <onclick>Skin.SetString($INFO[Window(home).Property(colortitleoverlay)],Antikweiß)</onclick>
                    <texturenofocus colordiffuse="FFFAEBD7">colors/white.png</texturenofocus>
                    <texturefocus colordiffuse="FFFAEBD7">colors/white.png</texturefocus>
                    <animation effect="zoom" center="auto" start="90" end="140" time="600" tween="back" easing="out" reversible="false">Focus</animation>
                </control>
                <control type="button" id="21">
                    <include>ColorselectButton</include>
                    <label></label>
                    <width>40</width>
					<height>40</height>
                    <onclick>Skin.SetString($INFO[Window(home).Property(Colornameoverlay)],00FFFF)</onclick>
                    <onclick>Skin.SetString($INFO[Window(home).Property(colortitleoverlay)],Wasser)</onclick>
                    <texturenofocus colordiffuse="FF00FFFF">colors/white.png</texturenofocus>
                    <texturefocus colordiffuse="FF00FFFF">colors/white.png</texturefocus>
                     <animation effect="zoom" center="auto" start="90" end="140" time="600" tween="back" easing="out" reversible="false">Focus</animation>
                </control>
                <control type="button" id="22">
                    <include>ColorselectButton</include>
                    <label></label>
                    <width>40</width>
					<height>40</height>
                    <onclick>Skin.SetString($INFO[Window(home).Property(Colornameoverlay)],7FFFD4)</onclick>
                    <onclick>Skin.SetString($INFO[Window(home).Property(colortitleoverlay)],Aquamarinblau)</onclick>
                    <texturenofocus colordiffuse="FF7FFFD4">colors/white.png</texturenofocus>
                    <texturefocus colordiffuse="FF7FFFD4">colors/white.png</texturefocus>
                     <animation effect="zoom" center="auto" start="90" end="140" time="600" tween="back" easing="out" reversible="false">Focus</animation>
                </control>   
                <control type="button" id="23">
                    <label></label>
                    <width>40</width>
					<height>40</height>
                    <onclick>Skin.SetString($INFO[Window(home).Property(Colornameoverlay)],F0FFFF)</onclick>
                    <onclick>Skin.SetString($INFO[Window(home).Property(colortitleoverlay)],Himmelblau)</onclick>
                    <texturenofocus colordiffuse="FFF0FFFF">colors/white.png</texturenofocus>
                    <texturefocus colordiffuse="FFF0FFFF">colors/white.png</texturefocus>
                     <animation effect="zoom" center="auto" start="90" end="140" time="600" tween="back" easing="out" reversible="false">Focus</animation>
                </control>
                <control type="button" id="24">
                    <label></label>
                    <width>40</width>
					<height>40</height>
                    <onclick>Skin.SetString($INFO[Window(home).Property(Colornameoverlay)],000000)</onclick>
                    <onclick>Skin.SetString($INFO[Window(home).Property(colortitleoverlay)],Schwarz)</onclick>
                    <texturenofocus colordiffuse="FF000000">colors/white.png</texturenofocus>
                    <texturefocus colordiffuse="FF000000">colors/white.png</texturefocus>
                     <animation effect="zoom" center="auto" start="90" end="140" time="600" tween="back" easing="out" reversible="false">Focus</animation>
                </control>
                <control type="button" id="25">
                    <label></label>
                    <width>40</width>
					<height>40</height>
                    <onclick>Skin.SetString($INFO[Window(home).Property(Colornameoverlay)],FFEBCD)</onclick>
                    <onclick>Skin.SetString($INFO[Window(home).Property(colortitleoverlay)],Mandelweiß)</onclick>
                    <texturenofocus colordiffuse="FFFFEBCD">colors/white.png</texturenofocus>
                    <texturefocus colordiffuse="FFFFEBCD">colors/white.png</texturefocus>
                     <animation effect="zoom" center="auto" start="90" end="140" time="600" tween="back" easing="out" reversible="false">Focus</animation>
                </control>
                <control type="button" id="26">
                    <label></label>
                    <width>40</width>
					<height>40</height>
                    <onclick>Skin.SetString($INFO[Window(home).Property(Colornameoverlay)],0000FF)</onclick>
                    <onclick>Skin.SetString($INFO[Window(home).Property(colortitleoverlay)],Blau)</onclick>
                    <texturenofocus colordiffuse="FF0000FF">colors/white.png</texturenofocus>
                    <texturefocus colordiffuse="FF0000FF">colors/white.png</texturefocus>
                     <animation effect="zoom" center="auto" start="90" end="140" time="600" tween="back" easing="out" reversible="false">Focus</animation>
                </control>
                
                   <control type="button" id="27">
                    <label></label>
                    <width>40</width>
					<height>40</height>
                    <onclick>Skin.SetString($INFO[Window(home).Property(Colornameoverlay)],8A2BE2)</onclick>
                    <onclick>Skin.SetString($INFO[Window(home).Property(colortitleoverlay)],Blauviolett)</onclick>
                    <texturenofocus colordiffuse="FF8A2BE2">colors/white.png</texturenofocus>
                    <texturefocus colordiffuse="FF8A2BE2">colors/white.png</texturefocus>
                     <animation effect="zoom" center="auto" start="90" end="140" time="600" tween="back" easing="out" reversible="false">Focus</animation>
                </control>
                   <control type="button" id="28">
                    <label></label>
                    <width>40</width>
					<height>40</height>
                    <onclick>Skin.SetString($INFO[Window(home).Property(Colornameoverlay)],A52A2A)</onclick>
                    <onclick>Skin.SetString($INFO[Window(home).Property(colortitleoverlay)],Braun)</onclick>
                    <texturenofocus colordiffuse="FFA52A2A">colors/white.png</texturenofocus>
                    <texturefocus colordiffuse="FFA52A2A">colors/white.png</texturefocus>
                     <animation effect="zoom" center="auto" start="90" end="140" time="600" tween="back" easing="out" reversible="false">Focus</animation>
                </control>
                   <control type="button" id="29">
                    <label></label>
                    <width>40</width>
					<height>40</height>
                    <onclick>Skin.SetString($INFO[Window(home).Property(Colornameoverlay)],DEB887)</onclick>
                    <onclick>Skin.SetString($INFO[Window(home).Property(colortitleoverlay)],Gelbbraun)</onclick>
                    <texturenofocus colordiffuse="FFDEB887">colors/white.png</texturenofocus>
                    <texturefocus colordiffuse="FFDEB887">colors/white.png</texturefocus>
                     <animation effect="zoom" center="auto" start="90" end="140" time="600" tween="back" easing="out" reversible="false">Focus</animation>
                </control>
                   <control type="button" id="30">
                    <label></label>
                    <width>40</width>
					<height>40</height>
                    <onclick>Skin.SetString($INFO[Window(home).Property(Colornameoverlay)],5F9EA0)</onclick>
                    <onclick>Skin.SetString($INFO[Window(home).Property(colortitleoverlay)],Kadettenblau)</onclick>
                    <texturenofocus colordiffuse="FF5F9EA0">colors/white.png</texturenofocus>
                    <texturefocus colordiffuse="FF5F9EA0">colors/white.png</texturefocus>
                     <animation effect="zoom" center="auto" start="90" end="140" time="600" tween="back" easing="out" reversible="false">Focus</animation>
                </control>
                   <control type="button" id="31">
                    <label></label>
                    <width>40</width>
					<height>40</height>
                    <onclick>Skin.SetString($INFO[Window(home).Property(Colornameoverlay)],7FFF00)</onclick>
                    <onclick>Skin.SetString($INFO[Window(home).Property(colortitleoverlay)],Hellgrün)</onclick>
                    <texturenofocus colordiffuse="FF7FFF00">colors/white.png</texturenofocus>
                    <texturefocus colordiffuse="FF7FFF00">colors/white.png</texturefocus>
                     <animation effect="zoom" center="auto" start="90" end="140" time="600" tween="back" easing="out" reversible="false">Focus</animation>
                </control>
                 <control type="button" id="32">
                    <label></label>
                    <width>40</width>
					<height>40</height>
                    <onclick>Skin.SetString($INFO[Window(home).Property(Colornameoverlay)],444443)</onclick>
                    <onclick>Skin.SetString($INFO[Window(home).Property(colortitleoverlay)],Grau)</onclick>
                    <texturenofocus colordiffuse="FF444443">colors/white.png</texturenofocus>
                    <texturefocus colordiffuse="FF444443">colors/white.png</texturefocus>
                     <animation effect="zoom" center="auto" start="90" end="140" time="600" tween="back" easing="out" reversible="false">Focus</animation>
                </control>


       </control>
            <control type="grouplist" id="4872">
                    <left>125</left>
					<top>150</top>
					<width>250</width>
					<height>700</height>
					<onleft>4871</onleft>
					<onright>4873</onright>
					<ondown>4897</ondown>
					<scrolltime>200</scrolltime>
					<orientation>vertical</orientation>
                    <itemgap>7.9</itemgap>
                <control type="button" id="33">
                    <include>ColorselectButton</include>
                    <label></label>
                    <width>40</width>
					<height>40</height>
                    <onclick>Skin.SetString($INFO[Window(home).Property(Colornameoverlay)],D2691E)</onclick>
                    <onclick>Skin.SetString($INFO[Window(home).Property(colortitleoverlay)],Schokolade)</onclick>
                    <texturenofocus colordiffuse="FFD2691E">colors/white.png</texturenofocus>
                    <texturefocus colordiffuse="FFD2691E">colors/white.png</texturefocus>
                     <animation effect="zoom" center="auto" start="90" end="140" time="600" tween="back" easing="out" reversible="false">Focus</animation>
                </control>
                <control type="button" id="34">
                    <include>ColorselectButton</include>
                    <label></label>
                    <width>40</width>
					<height>40</height>
                    <onclick>Skin.SetString($INFO[Window(home).Property(Colornameoverlay)],FF7F50)</onclick>
                    <onclick>Skin.SetString($INFO[Window(home).Property(colortitleoverlay)],Koralle)</onclick>
                    <texturenofocus colordiffuse="FFFF7F50">colors/white.png</texturenofocus>
                    <texturefocus colordiffuse="FFFF7F50">colors/white.png</texturefocus>
                     <animation effect="zoom" center="auto" start="90" end="140" time="600" tween="back" easing="out" reversible="false">Focus</animation>
                </control>
                <control type="button" id="35">
                    <include>ColorselectButton</include>
                    <label></label>
                    <width>40</width>
					<height>40</height>
                    <onclick>Skin.SetString($INFO[Window(home).Property(Colornameoverlay)],6495ED)</onclick>
                    <onclick>Skin.SetString($INFO[Window(home).Property(colortitleoverlay)],Kornblumenblau)</onclick>
                    <texturenofocus colordiffuse="FF6495ED">colors/white.png</texturenofocus>
                    <texturefocus colordiffuse="FF6495ED">colors/white.png</texturefocus>
                     <animation effect="zoom" center="auto" start="90" end="140" time="600" tween="back" easing="out" reversible="false">Focus</animation>
                </control>
                <control type="button" id="36">
                    <include>ColorselectButton</include>
                    <label></label>
                    <width>40</width>
					<height>40</height>
                    <onclick>Skin.SetString($INFO[Window(home).Property(Colornameoverlay)],FFF8DC)</onclick>
                    <onclick>Skin.SetString($INFO[Window(home).Property(colortitleoverlay)],Mais)</onclick>
                    <texturenofocus colordiffuse="FFFFF8DC">colors/white.png</texturenofocus>
                    <texturefocus colordiffuse="FFFFF8DC">colors/white.png</texturefocus>
                     <animation effect="zoom" center="auto" start="90" end="140" time="600" tween="back" easing="out" reversible="false">Focus</animation>
                </control>   
                <control type="button" id="37">
                    <label></label>
                    <width>40</width>
					<height>40</height>
                    <onclick>Skin.SetString($INFO[Window(home).Property(Colornameoverlay)],DC143C)</onclick>
                    <onclick>Skin.SetString($INFO[Window(home).Property(colortitleoverlay)],Karmesinrot)</onclick>
                    <texturenofocus colordiffuse="FFDC143C">colors/white.png</texturenofocus>
                    <texturefocus colordiffuse="FFDC143C">colors/white.png</texturefocus>
                     <animation effect="zoom" center="auto" start="90" end="140" time="600" tween="back" easing="out" reversible="false">Focus</animation>
                </control>
                <control type="button" id="38">
                    <label></label>
                    <width>40</width>
					<height>40</height>
                    <onclick>Skin.SetString($INFO[Window(home).Property(Colornameoverlay)],00FFFF)</onclick>
                    <onclick>Skin.SetString($INFO[Window(home).Property(colortitleoverlay)],Tuerkis)</onclick>
                    <texturenofocus colordiffuse="FF00FFFF">colors/white.png</texturenofocus>
                    <texturefocus colordiffuse="FF00FFFF">colors/white.png</texturefocus>
                     <animation effect="zoom" center="auto" start="90" end="140" time="600" tween="back" easing="out" reversible="false">Focus</animation>
                </control>
                <control type="button" id="39">
                    <label></label>
                    <width>40</width>
					<height>40</height>
                    <onclick>Skin.SetString($INFO[Window(home).Property(Colornameoverlay)],00008B)</onclick>
                    <onclick>Skin.SetString($INFO[Window(home).Property(colortitleoverlay)],Dunkelblau)</onclick>
                    <texturenofocus colordiffuse="FF00008B">colors/white.png</texturenofocus>
                    <texturefocus colordiffuse="FF00008B">colors/white.png</texturefocus>
                     <animation effect="zoom" center="auto" start="90" end="140" time="600" tween="back" easing="out" reversible="false">Focus</animation>
                </control>
                <control type="button" id="40">
                    <label></label>
                    <width>40</width>
					<height>40</height>
                    <onclick>Skin.SetString($INFO[Window(home).Property(Colornameoverlay)],008B8B)</onclick>
                    <onclick>Skin.SetString($INFO[Window(home).Property(colortitleoverlay)],Dunkeltuerkis)</onclick>
                    <texturenofocus colordiffuse="FF008B8B">colors/white.png</texturenofocus>
                    <texturefocus colordiffuse="FF008B8B">colors/white.png</texturefocus>
                     <animation effect="zoom" center="auto" start="90" end="140" time="600" tween="back" easing="out" reversible="false">Focus</animation>
                </control>
                
                <control type="button" id="41">
                    <label></label>
                    <width>40</width>
					<height>40</height>
                    <onclick>Skin.SetString($INFO[Window(home).Property(Colornameoverlay)],B8860B)</onclick>
                    <onclick>Skin.SetString($INFO[Window(home).Property(colortitleoverlay)],Goldrutenfarbe)</onclick>
                    <texturenofocus colordiffuse="FFB8860B">colors/white.png</texturenofocus>
                    <texturefocus colordiffuse="FFB8860B">colors/white.png</texturefocus>
                     <animation effect="zoom" center="auto" start="90" end="140" time="600" tween="back" easing="out" reversible="false">Focus</animation>
                </control>
                <control type="button" id="42">
                    <label></label>
                    <width>40</width>
					<height>40</height>
                    <onclick>Skin.SetString($INFO[Window(home).Property(Colornameoverlay)],006400)</onclick>
                    <onclick>Skin.SetString($INFO[Window(home).Property(colortitleoverlay)],Dunkelgrün)</onclick>
                    <texturenofocus colordiffuse="FF006400">colors/white.png</texturenofocus>
                    <texturefocus colordiffuse="FF006400">colors/white.png</texturefocus>
                     <animation effect="zoom" center="auto" start="90" end="140" time="600" tween="back" easing="out" reversible="false">Focus</animation>
                </control>
                <control type="button" id="43">
                    <label></label>
                    <width>40</width>
					<height>40</height>
                    <onclick>Skin.SetString($INFO[Window(home).Property(Colornameoverlay)],A9A9A9)</onclick>
                    <onclick>Skin.SetString($INFO[Window(home).Property(colortitleoverlay)],Dunkelgrau)</onclick>
                    <texturenofocus colordiffuse="FFA9A9A9">colors/white.png</texturenofocus>
                    <texturefocus colordiffuse="FFA9A9A9">colors/white.png</texturefocus>
                     <animation effect="zoom" center="auto" start="90" end="140" time="600" tween="back" easing="out" reversible="false">Focus</animation>
                </control>
                <control type="button" id="44">
                    <label></label>
                    <width>40</width>
					<height>40</height>
                    <onclick>Skin.SetString($INFO[Window(home).Property(Colornameoverlay)],BDB76B)</onclick>
                    <onclick>Skin.SetString($INFO[Window(home).Property(colortitleoverlay)],Dunkelkhaki)</onclick>
                    <texturenofocus colordiffuse="FFBDB76B">colors/white.png</texturenofocus>
                    <texturefocus colordiffuse="FFBDB76B">colors/white.png</texturefocus>
                     <animation effect="zoom" center="auto" start="90" end="140" time="600" tween="back" easing="out" reversible="false">Focus</animation>
                </control>
                <control type="button" id="45">
                    <label></label>
                    <width>40</width>
					<height>40</height>
                    <onclick>Skin.SetString($INFO[Window(home).Property(Colornameoverlay)],8B008B)</onclick>
                    <onclick>Skin.SetString($INFO[Window(home).Property(colortitleoverlay)],Dunkelmagenta)</onclick>
                    <texturenofocus colordiffuse="FF8B008B">colors/white.png</texturenofocus>
                    <texturefocus colordiffuse="FF8B008B">colors/white.png</texturefocus>
                     <animation effect="zoom" center="auto" start="90" end="140" time="600" tween="back" easing="out" reversible="false">Focus</animation>
                </control>
                 <control type="button" id="46">
                    <label></label>
                    <width>40</width>
					<height>40</height>
                    <onclick>Skin.SetString($INFO[Window(home).Property(Colornameoverlay)],5b5b59)</onclick>
                    <onclick>Skin.SetString($INFO[Window(home).Property(colortitleoverlay)],Grau2)</onclick>
                    <texturenofocus colordiffuse="FF5b5b59">colors/white.png</texturenofocus>
                    <texturefocus colordiffuse="FF5b5b59">colors/white.png</texturefocus>
                     <animation effect="zoom" center="auto" start="90" end="140" time="600" tween="back" easing="out" reversible="false">Focus</animation>
                </control>
                
            </control>
            <control type="grouplist" id="4873">
                    <left>180</left>
					<top>150</top>
					<width>250</width>
					<height>700</height>
					<onleft>4872</onleft>
					<onright>4874</onright>
					<ondown>4897</ondown>
					<scrolltime>200</scrolltime>
					<orientation>vertical</orientation>
                    <itemgap>7.9</itemgap>
                <control type="button" id="47">
                    <include>ColorselectButton</include>
                    <label></label>
                    <width>40</width>
					<height>40</height>
                    <onclick>Skin.SetString($INFO[Window(home).Property(Colornameoverlay)],556B2F)</onclick>
                    <onclick>Skin.SetString($INFO[Window(home).Property(colortitleoverlay)],Dunkles Olivgruen)</onclick>
                    <texturenofocus colordiffuse="FF556B2F">colors/white.png</texturenofocus>
                    <texturefocus colordiffuse="FF556B2F">colors/white.png</texturefocus>
                     <animation effect="zoom" center="auto" start="90" end="140" time="600" tween="back" easing="out" reversible="false">Focus</animation>
                </control>
                <control type="button" id="48">
                    <include>ColorselectButton</include>
                    <label></label>
                    <width>40</width>
					<height>40</height>
                    <onclick>Skin.SetString($INFO[Window(home).Property(Colornameoverlay)],FF8C00)</onclick>
                    <onclick>Skin.SetString($INFO[Window(home).Property(colortitleoverlay)],Dunkles Orange)</onclick>
                    <texturenofocus colordiffuse="FFFF8C00">colors/white.png</texturenofocus>
                    <texturefocus colordiffuse="FFFF8C00">colors/white.png</texturefocus>
                     <animation effect="zoom" center="auto" start="90" end="140" time="600" tween="back" easing="out" reversible="false">Focus</animation>
                </control>
                <control type="button" id="49">
                    <include>ColorselectButton</include>
                    <label></label>
                    <width>40</width>
					<height>40</height>
                    <onclick>Skin.SetString($INFO[Window(home).Property(Colornameoverlay)],9932CC)</onclick>
                    <onclick>Skin.SetString($INFO[Window(home).Property(colortitleoverlay)],Dunkle Orchidee)</onclick>
                    <texturenofocus colordiffuse="FF9932CC">colors/white.png</texturenofocus>
                    <texturefocus colordiffuse="FF9932CC">colors/white.png</texturefocus>
                     <animation effect="zoom" center="auto" start="90" end="140" time="600" tween="back" easing="out" reversible="false">Focus</animation>
                </control>
                <control type="button" id="50">
                    <include>ColorselectButton</include>
                    <label></label>
                    <width>40</width>
					<height>40</height>
                    <onclick>Skin.SetString($INFO[Window(home).Property(Colornameoverlay)],8B0000)</onclick>
                    <onclick>Skin.SetString($INFO[Window(home).Property(colortitleoverlay)],Dunkelrot)</onclick>
                    <texturenofocus colordiffuse="FF8B0000">colors/white.png</texturenofocus>
                    <texturefocus colordiffuse="FF8B0000">colors/white.png</texturefocus>
                     <animation effect="zoom" center="auto" start="90" end="140" time="600" tween="back" easing="out" reversible="false">Focus</animation>
                </control>   
                <control type="button" id="51">
                    <label></label>
                    <width>40</width>
					<height>40</height>
                    <onclick>Skin.SetString($INFO[Window(home).Property(Colornameoverlay)],E9967A)</onclick>
                    <onclick>Skin.SetString($INFO[Window(home).Property(colortitleoverlay)],Dunkle Lachsfarbe)</onclick>
                    <texturenofocus colordiffuse="FFE9967A">colors/white.png</texturenofocus>
                    <texturefocus colordiffuse="FFE9967A">colors/white.png</texturefocus>
                     <animation effect="zoom" center="auto" start="90" end="140" time="600" tween="back" easing="out" reversible="false">Focus</animation>
                </control>
                <control type="button" id="52">
                    <label></label>
                    <width>40</width>
					<height>40</height>
                    <onclick>Skin.SetString($INFO[Window(home).Property(Colornameoverlay)],8FBC8F)</onclick>
                    <onclick>Skin.SetString($INFO[Window(home).Property(colortitleoverlay)],Dunkles Seegruen)</onclick>
                    <texturenofocus colordiffuse="FF8FBC8F">colors/white.png</texturenofocus>
                    <texturefocus colordiffuse="FF8FBC8F">colors/white.png</texturefocus>
                     <animation effect="zoom" center="auto" start="90" end="140" time="600" tween="back" easing="out" reversible="false">Focus</animation>
                </control>
                <control type="button" id="53">
                    <label></label>
                    <width>40</width>
					<height>40</height>
                    <onclick>Skin.SetString($INFO[Window(home).Property(Colornameoverlay)],483D8B)</onclick>
                    <onclick>Skin.SetString($INFO[Window(home).Property(colortitleoverlay)],Dunkles Schieferblau)</onclick>
                    <texturenofocus colordiffuse="FF483D8B">colors/white.png</texturenofocus>
                    <texturefocus colordiffuse="FF483D8B">colors/white.png</texturefocus>
                     <animation effect="zoom" center="auto" start="90" end="140" time="600" tween="back" easing="out" reversible="false">Focus</animation>
                </control>
                <control type="button" id="54">
                    <label></label>
                    <width>40</width>
					<height>40</height>
                    <onclick>Skin.SetString($INFO[Window(home).Property(Colornameoverlay)],2F4F4F)</onclick>
                    <onclick>Skin.SetString($INFO[Window(home).Property(colortitleoverlay)],Dunkles Schiefergrau)</onclick>
                    <texturenofocus colordiffuse="FF2F4F4F">colors/white.png</texturenofocus>
                    <texturefocus colordiffuse="FF2F4F4F">colors/white.png</texturefocus>
                     <animation effect="zoom" center="auto" start="90" end="140" time="600" tween="back" easing="out" reversible="false">Focus</animation>
                </control>
                <control type="button" id="55">
                    <label></label>
                    <width>40</width>
					<height>40</height>
                    <onclick>Skin.SetString($INFO[Window(home).Property(Colornameoverlay)],00CED1)</onclick>
                    <onclick>Skin.SetString($INFO[Window(home).Property(colortitleoverlay)],Dunkeltuerkis)</onclick>
                    <texturenofocus colordiffuse="FF00CED1">colors/white.png</texturenofocus>
                    <texturefocus colordiffuse="FF00CED1">colors/white.png</texturefocus>
                     <animation effect="zoom" center="auto" start="90" end="140" time="600" tween="back" easing="out" reversible="false">Focus</animation>
                </control>
                 <control type="button" id="56">
                    <label></label>
                    <width>40</width>
					<height>40</height>
                    <onclick>Skin.SetString($INFO[Window(home).Property(Colornameoverlay)],9400D3)</onclick>
                    <onclick>Skin.SetString($INFO[Window(home).Property(colortitleoverlay)],Dunkelvilolett)</onclick>
                    <texturenofocus colordiffuse="FF9400D3">colors/white.png</texturenofocus>
                    <texturefocus colordiffuse="FF9400D3">colors/white.png</texturefocus>
                     <animation effect="zoom" center="auto" start="90" end="140" time="600" tween="back" easing="out" reversible="false">Focus</animation>
                </control>
                 <control type="button" id="57">
                    <label></label>
                    <width>40</width>
					<height>40</height>
                    <onclick>Skin.SetString($INFO[Window(home).Property(Colornameoverlay)],FF1493)</onclick>
                    <onclick>Skin.SetString($INFO[Window(home).Property(colortitleoverlay)],Tiefrosa)</onclick>
                    <texturenofocus colordiffuse="FFFF1493">colors/white.png</texturenofocus>
                    <texturefocus colordiffuse="FFFF1493">colors/white.png</texturefocus>
                     <animation effect="zoom" center="auto" start="90" end="140" time="600" tween="back" easing="out" reversible="false">Focus</animation>
                </control>
                 <control type="button" id="58">
                    <label></label>
                    <width>40</width>
					<height>40</height>
                    <onclick>Skin.SetString($INFO[Window(home).Property(Colornameoverlay)],00BFFF)</onclick>
                    <onclick>Skin.SetString($INFO[Window(home).Property(colortitleoverlay)],Tiefes Himmelblau)</onclick>
                    <texturenofocus colordiffuse="FF00BFFF">colors/white.png</texturenofocus>
                    <texturefocus colordiffuse="FF00BFFF">colors/white.png</texturefocus>
                     <animation effect="zoom" center="auto" start="90" end="140" time="600" tween="back" easing="out" reversible="false">Focus</animation>
                </control>
                 <control type="button" id="59">
                    <label></label>
                    <width>40</width>
					<height>40</height>
                    <onclick>Skin.SetString($INFO[Window(home).Property(Colornameoverlay)],222221)</onclick>
                    <onclick>Skin.SetString($INFO[Window(home).Property(colortitleoverlay)],Dunkelgrau)</onclick>
                    <texturenofocus colordiffuse="FF222221">colors/white.png</texturenofocus>
                    <texturefocus colordiffuse="FF222221">colors/white.png</texturefocus>
                     <animation effect="zoom" center="auto" start="90" end="140" time="600" tween="back" easing="out" reversible="false">Focus</animation>
                </control>
                <control type="button" id="60">
                    <label></label>
                    <width>40</width>
					<height>40</height>
                    <onclick>Skin.SetString($INFO[Window(home).Property(Colornameoverlay)],727270)</onclick>
                    <onclick>Skin.SetString($INFO[Window(home).Property(colortitleoverlay)],Grau3)</onclick>
                    <texturenofocus colordiffuse="FF727270">colors/white.png</texturenofocus>
                    <texturefocus colordiffuse="FF727270">colors/white.png</texturefocus>
                     <animation effect="zoom" center="auto" start="90" end="140" time="600" tween="back" easing="out" reversible="false">Focus</animation>
                </control>
                
                
            </control>
            <control type="grouplist" id="4874">
                    <left>235</left>
					<top>150</top>
					<width>250</width>
					<height>700</height>
					<onleft>4873</onleft>
					<onright>4871</onright>
					<ondown>4897</ondown>
					<scrolltime>200</scrolltime>
					<orientation>vertical</orientation>
                    <itemgap>7.9</itemgap>
                <control type="button" id="61">
                    <include>ColorselectButton</include>
                    <label></label>
                    <width>40</width>
					<height>40</height>
                    <onclick>Skin.SetString($INFO[Window(home).Property(Colornameoverlay)],1E90FF)</onclick>
                    <onclick>Skin.SetString($INFO[Window(home).Property(colortitleoverlay)],Persenningblau)</onclick>
                    <texturenofocus colordiffuse="FF1E90FF">colors/white.png</texturenofocus>
                    <texturefocus colordiffuse="FF1E90FF">colors/white.png</texturefocus>
                     <animation effect="zoom" center="auto" start="90" end="140" time="600" tween="back" easing="out" reversible="false">Focus</animation>
                </control>
                <control type="button" id="62">
                    <include>ColorselectButton</include>
                    <label></label>
                    <width>40</width>
					<height>40</height>
                    <onclick>Skin.SetString($INFO[Window(home).Property(Colornameoverlay)],B22222)</onclick>
                    <onclick>Skin.SetString($INFO[Window(home).Property(colortitleoverlay)],Backstein)</onclick>
                    <texturenofocus colordiffuse="FFB22222">colors/white.png</texturenofocus>
                    <texturefocus colordiffuse="FFB22222">colors/white.png</texturefocus>
                     <animation effect="zoom" center="auto" start="90" end="140" time="600" tween="back" easing="out" reversible="false">Focus</animation>
                </control>
                <control type="button" id="63">
                    <include>ColorselectButton</include>
                    <label></label>
                    <width>40</width>
					<height>40</height>
                    <onclick>Skin.SetString($INFO[Window(home).Property(Colornameoverlay)],228B22)</onclick>
                    <onclick>Skin.SetString($INFO[Window(home).Property(colortitleoverlay)],Waldgruen)</onclick>
                    <texturenofocus colordiffuse="FF228B22">colors/white.png</texturenofocus>
                    <texturefocus colordiffuse="FF228B22">colors/white.png</texturefocus>
                     <animation effect="zoom" center="auto" start="90" end="140" time="600" tween="back" easing="out" reversible="false">Focus</animation>
                </control>
                <control type="button" id="64">
                    <include>ColorselectButton</include>
                    <label></label>
                    <width>40</width>
					<height>40</height>
                    <onclick>Skin.SetString($INFO[Window(home).Property(Colornameoverlay)],FF00FF)</onclick>
                    <onclick>Skin.SetString($INFO[Window(home).Property(colortitleoverlay)],Magenta)</onclick>
                    <texturenofocus colordiffuse="FFFF00FF">colors/white.png</texturenofocus>
                    <texturefocus colordiffuse="FFFF00FF">colors/white.png</texturefocus>
                     <animation effect="zoom" center="auto" start="90" end="140" time="600" tween="back" easing="out" reversible="false">Focus</animation>
                </control>   
                <control type="button" id="65">
                    <label></label>
                    <width>40</width>
					<height>40</height>
                    <onclick>Skin.SetString($INFO[Window(home).Property(Colornameoverlay)],FF69B4)</onclick>
                    <onclick>Skin.SetString($INFO[Window(home).Property(colortitleoverlay)],Leuchtendes Rosa)</onclick>
                    <texturenofocus colordiffuse="FFFF69B4">colors/white.png</texturenofocus>
                    <texturefocus colordiffuse="FFFF69B4">colors/white.png</texturefocus>
                     <animation effect="zoom" center="auto" start="90" end="140" time="600" tween="back" easing="out" reversible="false">Focus</animation>
                </control>
                <control type="button" id="66">
                    <label></label>
                    <width>40</width>
					<height>40</height>
                    <onclick>Skin.SetString($INFO[Window(home).Property(Colornameoverlay)],FFB6C1)</onclick>
                    <onclick>Skin.SetString($INFO[Window(home).Property(colortitleoverlay)],Hellrosa)</onclick>
                    <texturenofocus colordiffuse="FFFFB6C1">colors/white.png</texturenofocus>
                    <texturefocus colordiffuse="FFFFB6C1">colors/white.png</texturefocus>
                     <animation effect="zoom" center="auto" start="90" end="140" time="600" tween="back" easing="out" reversible="false">Focus</animation>
                </control>
                <control type="button" id="67">
                    <label></label>
                    <width>40</width>
					<height>40</height>
                    <onclick>Skin.SetString($INFO[Window(home).Property(Colornameoverlay)],9370DB)</onclick>
                    <onclick>Skin.SetString($INFO[Window(home).Property(colortitleoverlay)],Mittleres Violett)</onclick>
                    <texturenofocus colordiffuse="FF9370DB">colors/white.png</texturenofocus>
                    <texturefocus colordiffuse="FF9370DB">colors/white.png</texturefocus>
                     <animation effect="zoom" center="auto" start="90" end="140" time="600" tween="back" easing="out" reversible="false">Focus</animation>
                </control>
                <control type="button" id="68">
                    <label></label>
                    <width>40</width>
					<height>40</height>
                    <onclick>Skin.SetString($INFO[Window(home).Property(Colornameoverlay)],6B8E23)</onclick>
                    <onclick>Skin.SetString($INFO[Window(home).Property(colortitleoverlay)],Olivgraubraun)</onclick>
                    <texturenofocus colordiffuse="FF6B8E23">colors/white.png</texturenofocus>
                    <texturefocus colordiffuse="FF6B8E23">colors/white.png</texturefocus>
                    <animation effect="zoom" center="auto" start="90" end="140" time="600" tween="back" easing="out" reversible="false">Focus</animation>
                </control>
                <control type="button" id="69">
                    <label></label>
                    <width>40</width>
					<height>40</height>
                    <onclick>Skin.SetString($INFO[Window(home).Property(Colornameoverlay)],DA70D6)</onclick>
                    <onclick>Skin.SetString($INFO[Window(home).Property(colortitleoverlay)],Orchidee)</onclick>
                    <texturenofocus colordiffuse="FFDA70D6">colors/white.png</texturenofocus>
                    <texturefocus colordiffuse="FFDA70D6">colors/white.png</texturefocus>
                    <animation effect="zoom" center="auto" start="90" end="140" time="600" tween="back" easing="out" reversible="false">Focus</animation>
                </control>
                <control type="button" id="70">
                    <label></label>
                    <width>40</width>
					<height>40</height>
                    <onclick>Skin.SetString($INFO[Window(home).Property(Colornameoverlay)],FFFF00)</onclick>
                    <onclick>Skin.SetString($INFO[Window(home).Property(colortitleoverlay)],Gelb)</onclick>
                    <texturenofocus colordiffuse="FFFFFF00">colors/white.png</texturenofocus>
                    <texturefocus colordiffuse="FFFFFF00">colors/white.png</texturefocus>
                    <animation effect="zoom" center="auto" start="90" end="140" time="600" tween="back" easing="out" reversible="false">Focus</animation>
                </control>
                <control type="button" id="71">
                    <label></label>
                    <width>40</width>
					<height>40</height>
                    <onclick>Skin.SetString($INFO[Window(home).Property(Colornameoverlay)],D8BFD8)</onclick>
                    <onclick>Skin.SetString($INFO[Window(home).Property(colortitleoverlay)],Distel)</onclick>
                    <texturenofocus colordiffuse="FFD8BFD8">colors/white.png</texturenofocus>
                    <texturefocus colordiffuse="FFD8BFD8">colors/white.png</texturefocus>
                    <animation effect="zoom" center="auto" start="90" end="140" time="600" tween="back" easing="out" reversible="false">Focus</animation>
                </control>
                <control type="button" id="72">
                    <label></label>
                    <width>40</width>
					<height>40</height>
                    <onclick>Skin.SetString($INFO[Window(home).Property(Colornameoverlay)],D2B48C)</onclick>
                    <onclick>Skin.SetString($INFO[Window(home).Property(colortitleoverlay)],Hautfarben)</onclick>
                    <texturenofocus colordiffuse="FFD2B48C">colors/white.png</texturenofocus>
                    <texturefocus colordiffuse="FFD2B48C">colors/white.png</texturefocus>
                    <animation effect="zoom" center="auto" start="90" end="140" time="600" tween="back" easing="out" reversible="false">Focus</animation>
                </control>
                <control type="button" id="73">
                    <label></label>
                    <width>40</width>
					<height>40</height>
                    <onclick>Skin.SetString($INFO[Window(home).Property(Colornameoverlay)],8B4513)</onclick>
                    <onclick>Skin.SetString($INFO[Window(home).Property(colortitleoverlay)],Sattelbraun)</onclick>
                    <texturenofocus colordiffuse="FF8B4513">colors/white.png</texturenofocus>
                    <texturefocus colordiffuse="FF8B4513">colors/white.png</texturefocus>
                    <animation effect="zoom" center="auto" start="90" end="140" time="600" tween="back" easing="out" reversible="false">Focus</animation>
                </control>
                <control type="button" id="74">
                    <label></label>
                    <width>40</width>
					<height>40</height>
                    <onclick>Skin.SetString($INFO[Window(home).Property(Colornameoverlay)],9f9f9c)</onclick>
                    <onclick>Skin.SetString($INFO[Window(home).Property(colortitleoverlay)],Grau4)</onclick>
                    <texturenofocus colordiffuse="FF9f9f9c">colors/white.png</texturenofocus>
                    <texturefocus colordiffuse="FF9f9f9c">colors/white.png</texturefocus>
                    <animation effect="zoom" center="auto" start="90" end="140" time="600" tween="back" easing="out" reversible="false">Focus</animation>
                </control>
           </control>
    </control>  


 <control type="group">
                <left>9</left>
				<top>20</top>
            <control type="grouplist" id="4897">
                    <left>70</left>
					<top>880</top>
					<width>250</width>
					<height>700</height>
					<onleft>4897</onleft>
					<onright>4897</onright>
                    <onup>4874</onup>
					<ondown>4898</ondown>
					<scrolltime>200</scrolltime>
					<orientation>horizontal</orientation>
                    <itemgap>15</itemgap>
                <control type="button" id="950">
                    <include>ColorselectButton</include>
                    <label></label>
                    <width>30</width>
					<height>30</height>
                    <onclick>Skin.Reset($INFO[Window(home).Property(transparentzoverlay)])</onclick>
                    <onclick>Skin.SetString($INFO[Window(home).Property(transparentzoverlay)],FF)</onclick>
                    
                    <onclick></onclick>
                    <texturenofocus colordiffuse="FFFFFFFF">colors/black.png</texturenofocus>
                    <texturefocus colordiffuse="FFFFFFFF">colors/black.png</texturefocus>
                    <animation effect="zoom" center="auto" start="90" end="140" time="600" tween="back" easing="out" reversible="false">Focus</animation>
                </control>
                <control type="button" id="960">
                    <include>ColorselectButton</include>
                    <label></label>
                    <width>30</width>
					<height>30</height>
                    <onclick>Skin.Reset($INFO[Window(home).Property(transparentzoverlay)])</onclick>
                    <onclick>Skin.SetString($INFO[Window(home).Property(transparentzoverlay)],90)</onclick>
                    
                    <onclick></onclick>
                    <texturenofocus colordiffuse="90FFFFFF">colors/black.png</texturenofocus>
                    <texturefocus colordiffuse="90FFFFFF">colors/black.png</texturefocus>
                    <animation effect="zoom" center="auto" start="90" end="140" time="600" tween="back" easing="out" reversible="false">Focus</animation>
                </control>
                <control type="button" id="970">
                    <include>ColorselectButton</include>
                    <label></label>
                    <width>30</width>
					<height>30</height>
                       <onclick>Skin.Reset($INFO[Window(home).Property(transparentzoverlay)])</onclick>
                    <onclick>Skin.SetString($INFO[Window(home).Property(transparentzoverlay)],80)</onclick>
                    <texturenofocus colordiffuse="80FFFFFF">colors/black.png</texturenofocus>
                    <texturefocus colordiffuse="80FFFFFF">colors/black.png</texturefocus>
                     <animation effect="zoom" center="auto" start="90" end="140" time="600" tween="back" easing="out" reversible="false">Focus</animation>
                </control>
                <control type="button" id="980">
                    <include>ColorselectButton</include>
                    <label></label>
                    <width>30</width>
					<height>30</height>
                       <onclick>Skin.Reset($INFO[Window(home).Property(transparentzoverlay)])</onclick>
                    <onclick>Skin.SetString($INFO[Window(home).Property(transparentzoverlay)],70)</onclick>
                    <texturenofocus colordiffuse="70FFFFFF">colors/black.png</texturenofocus>
                    <texturefocus colordiffuse="70FFFFFF">colors/black.png</texturefocus>
                     <animation effect="zoom" center="auto" start="90" end="140" time="600" tween="back" easing="out" reversible="false">Focus</animation>
                </control>   
                <control type="button" id="990">
                    <label></label>
                    <width>30</width>
					<height>30</height>
                      <onclick>Skin.Reset($INFO[Window(home).Property(transparentzoverlay)])</onclick>
                    <onclick>Skin.SetString($INFO[Window(home).Property(transparentzoverlay)],60)</onclick>
                    <texturenofocus colordiffuse="60FFFFFF">colors/black.png</texturenofocus>
                    <texturefocus colordiffuse="60FFFFFF">colors/black.png</texturefocus>
                     <animation effect="zoom" center="auto" start="90" end="140" time="600" tween="back" easing="out" reversible="false">Focus</animation>
                </control>
             
</control> 
  <control type="grouplist" id="4898">
                    <left>70</left>
					<top>920</top>
					<width>250</width>
					<height>700</height>
					<onleft>4898</onleft>
					<onright>4898</onright>
                    <onup>4897</onup>
					<ondown>10</ondown>
					<scrolltime>200</scrolltime>
					<orientation>horizontal</orientation>
                    <itemgap>15</itemgap>
                <control type="button" id="1000">
                    <include>ColorselectButton</include>
                    <label></label>
                    <width>30</width>
					<height>30</height>
                    <onclick>Skin.Reset($INFO[Window(home).Property(transparentzoverlay)])</onclick>
                    <onclick>Skin.SetString($INFO[Window(home).Property(transparentzoverlay)],50)</onclick>
                    <texturenofocus colordiffuse="50FFFFFF">colors/black.png</texturenofocus>
                    <texturefocus colordiffuse="50FFFFFF">colors/black.png</texturefocus>
                    <animation effect="zoom" center="auto" start="90" end="140" time="600" tween="back" easing="out" reversible="false">Focus</animation>
                </control>
                <control type="button" id="1010">
                    <include>ColorselectButton</include>
                    <label></label>
                    <width>30</width>
					<height>30</height>
                    <onclick>Skin.Reset($INFO[Window(home).Property(transparentzoverlay)])</onclick>
                    <onclick>Skin.SetString($INFO[Window(home).Property(transparentzoverlay)],40)</onclick>
                    <texturenofocus colordiffuse="40FFFFFF">colors/black.png</texturenofocus>
                    <texturefocus colordiffuse="40FFFFFF">colors/black.png</texturefocus>
                    <animation effect="zoom" center="auto" start="90" end="140" time="600" tween="back" easing="out" reversible="false">Focus</animation>
                </control>
                <control type="button" id="1020">
                    <include>ColorselectButton</include>
                    <label></label>
                    <width>30</width>
					<height>30</height>
                    <onclick>Skin.Reset($INFO[Window(home).Property(transparentzoverlay)])</onclick>
                    <onclick>Skin.SetString($INFO[Window(home).Property(transparentzoverlay)],30)</onclick>
                    <texturenofocus colordiffuse="30FFFFFF">colors/black.png</texturenofocus>
                    <texturefocus colordiffuse="30FFFFFF">colors/black.png</texturefocus>
                     <animation effect="zoom" center="auto" start="90" end="140" time="600" tween="back" easing="out" reversible="false">Focus</animation>
                </control>
                <control type="button" id="1030">
                    <include>ColorselectButton</include>
                    <label></label>
                    <width>30</width>
					<height>30</height>
                    <onclick>Skin.Reset($INFO[Window(home).Property(transparentzoverlay)])</onclick>
                    <onclick>Skin.SetString($INFO[Window(home).Property(transparentzoverlay)],20)</onclick>
                    <texturenofocus colordiffuse="20FFFFFF">colors/black.png</texturenofocus>
                    <texturefocus colordiffuse="20FFFFFF">colors/black.png</texturefocus>
                     <animation effect="zoom" center="auto" start="90" end="140" time="600" tween="back" easing="out" reversible="false">Focus</animation>
                </control>   
                <control type="button" id="1040">
                    <label></label>
                    <width>30</width>
					<height>30</height>
                    <onclick>Skin.Reset($INFO[Window(home).Property(transparentzoverlay)])</onclick>
                    <onclick>Skin.SetString($INFO[Window(home).Property(transparentzoverlay)],10)</onclick>
                    <texturenofocus colordiffuse="10FFFFFF">colors/black.png</texturenofocus>
                    <texturefocus colordiffuse="10FFFFFF">colors/black.png</texturefocus>
                     <animation effect="zoom" center="auto" start="90" end="140" time="600" tween="back" easing="out" reversible="false">Focus</animation>
                </control>
             
</control> 
</control>                
        <control type="button" id="10">
            <top>980</top>
            <left>60</left>
			<width>250</width>
			<height>100</height>
            <align>center</align>
            <onup>4897</onup>
			<label>$LOCALIZE[40057]</label>
			<font>font25_title</font>
			<textoffsetx>20</textoffsetx>
            <onclick>Skin.Reset($INFO[Window(home).Property(Colornameoverlay)])</onclick>
            <onclick>Skin.Reset($INFO[Window(home).Property(colortitleoverlay)])</onclick>
			<wrapmultiline>false</wrapmultiline>
			<align>center</align>
			<texturefocus border="40" colordiffuse="$VAR[color_choose_homefocus]">buttons/dialogbutton-fo.png</texturefocus>
			<texturenofocus border="40">buttons/dialogbutton-nofo.png</texturenofocus>
		</control>
 </control> 
</controls>
</window>
