<shortcuts>
	<shortcut>
		<defaultID>133</defaultID>
		<label>133</label>
		<label2>item</label2>
		<icon>DefaultShortcut.png</icon>
		<thumb />
		<action>ActivateWindow(music,library://music/artists.xml/,return)</action>
	</shortcut>
	<shortcut>
		<defaultID>31665</defaultID>
		<label>$SKIN[31665|skin.grid|Recently Added]</label>
		<label2>Library node</label2>
		<icon>DefaultShortcut.png</icon>
		<thumb />
		<action>ActivateWindow(MusicLibrary,musicdb://recentlyaddedalbums/,return)</action>
	</shortcut>
	<shortcut>
		<defaultID>musicvideos</defaultID>
		<label>20389</label>
		<label2>Common menu item</label2>
		<icon>DefaultShortcut.png</icon>
		<thumb />
		<action>ActivateWindow(Videos,videodb://musicvideos/titles/,return)</action>
	</shortcut>
</shortcuts>
