<?xml version="1.0" encoding="UTF-8"?>
<window>
	<defaultcontrol always="true">9000</defaultcontrol>
	<onunload>RunScript(script.skinshortcuts,type=buildxml&amp;mainmenuID=9000&amp;group=mainmenu)</onunload>
	<controls>
		<left>250</left>
		<include>CommonBackground</include>
				<control type="image">
					<left>0</left>
					<width>1920</width>
					<height>1080</height>
					<texture>solidshadow.png</texture>
				</control>
				<control type="image">
					<left>0</left>
					<width>400</width>
					<texture>solidshadow_home.png</texture>
				</control>
		<control type="textbox">
			<description>header label</description>
			<left>100</left>
			<top>500</top>
			<width>300</width>
			<height>100</height>
			<font>card30</font>
			<wrapmultiline>true</wrapmultiline>
			<label>$INFO[Control.GetLabel(2)]</label>
			<align>right</align>
			<aligny>center</aligny>
			<textcolor>white</textcolor>
			<shadowcolor>black</shadowcolor>
		</control>


		<control type="group">
			<left>50</left>
			<top>100</top>
			<animation type="WindowOpen" reversible="false">
				<effect type="zoom" start="80" end="100" center="640,360" easing="out" tween="back" time="225" />
				<effect type="fade" start="0" end="100" time="225" />
			</animation>
			<animation type="WindowClose" reversible="false">
				<effect type="zoom" start="100" end="80" center="640,360" easing="in" tween="back" time="225" />
				<effect type="fade" start="100" end="0" time="225" />
			</animation>


			<control type="list" id="9000">
				<left>0</left>
				<top>90</top>
				<width>750</width>
				<height>800</height>
				<onleft>9010</onleft>
				<onright>9010</onright>
				<onup>9000</onup>
				<ondown>9000</ondown>
				<pagecontrol>-</pagecontrol>
				<scrolltime>300</scrolltime>
				<include>CommonLayout</include>
				<content>

					<item id="1">
						<label>128</label>
						<label2>5</label2>
						<onclick>noop</onclick>
					</item>
					<item id="2">
						<label>513</label>
						<label2>31112</label2>
						<onclick>noop</onclick>
					</item>
					<item id="3">
						<label>31102</label>
						<label2>31112</label2>
						<onclick>noop</onclick>
					</item>
					<item id="4">
						<label>Menu</label>
						<label2>31200</label2>
						<onclick>noop</onclick>
					</item>
				</content>
			</control>



			<control type="label">
				<description>header label</description>
				<left>775</left>
				<top>20</top>
				<width>726</width>
				<height>30</height>
				<font>card30</font>
				<label>$LOCALIZE[20077] - $INFO[Container(9000).ListItem.Label]</label>
				<align>left</align>
				<aligny>center</aligny>
				<textcolor>white</textcolor>
				<shadowcolor>black</shadowcolor>
			</control>


			<control type="group" id="9010">
				<control type="grouplist" id="9001">
					<visible>Container(9000).Hasfocus(1)</visible>
					<left>500</left>
					<top>100</top>
					<width>885</width>
					<height>850</height>
					<itemgap>5</itemgap>
					<pagecontrol>60</pagecontrol>
					<onleft>9000</onleft>
					<onright>60</onright>
					<onup>9001</onup>
					<ondown>9001</ondown>
					<control type="label" id="100">
						<width>850</width>
						<height>60</height>
						<font>card30</font>
						<label>31106</label>
						<textcolor>white</textcolor>
						<shadowcolor>black</shadowcolor>
						<align>left</align>
						<aligny>center</aligny>
					</control>
					<control type="radiobutton" id="201">
						<description>enable video info</description>
						<width>884</width>
						<height>60</height>
						<font>card30</font>
						<textcolor>grey2</textcolor>
						<focusedcolor>black</focusedcolor>
						<label>Disable Auto Scroll for Plot</label>
						<onclick>Skin.ToggleSetting(noautoscroll)</onclick>
						<selected>Skin.HasSetting(noautoscroll)</selected>
						<texturefocus border="10">button_select.png</texturefocus>
						<align>left</align>
						<aligny>center</aligny>						
					</control>
					<control type="label" id="106">
						<width>884</width>
						<height>60</height>
						<font>card30</font>
						<label>512</label>
						<textcolor>white</textcolor>
						<shadowcolor>black</shadowcolor>
						<align>left</align>
						<aligny>center</aligny>
					</control>
					<control type="radiobutton" id="3110">
						<width>884</width>
						<height>60</height>
						<font>card30</font>
						<label>Use Startup Playlist</label>
						<textcolor>grey2</textcolor>
						<focusedcolor>black</focusedcolor>
						<texturefocus border="10">button_select.png</texturefocus>
						<onclick>Skin.ToggleSetting(Use_Startup_Playlist)</onclick>
						<selected>Skin.HasSetting(Use_Startup_Playlist)</selected>
						<align>left</align>
						<aligny>center</aligny>	
					</control>
					<control type="button" id="3120">
						<width>884</width>
						<height>60</height>
						<font>card30</font>
						<textcolor>grey2</textcolor>
						<focusedcolor>black</focusedcolor>
						<texturefocus border="10">button_select.png</texturefocus>
						<align>left</align>
						<aligny>center</aligny>						
						<label>Playlist Path</label>
						<label2>[COLOR=selectedfocus]$INFO[Skin.String(Startup_Playlist_Path)][/COLOR]</label2>
						<onclick>Skin.SetFile(Startup_Playlist_Path)</onclick>
						<enable>Skin.HasSetting(Use_Startup_Playlist)</enable>
					</control>
				</control>

				<control type="grouplist" id="9002">
					<visible>Container(9000).Hasfocus(2)</visible>
					<left>500</left>
					<top>75</top>
					<width>885</width>
					<height>800</height>
					<itemgap>5</itemgap>
					<pagecontrol>60</pagecontrol>
					<onleft>9000</onleft>
					<onright>60</onright>
					<onup>9002</onup>
					<ondown>9002</ondown>
					<control type="label" id="200">
						<width>884</width>
						<height>100</height>
						<font>card30</font>
						<label>31101</label>
						<textcolor>white</textcolor>
						<shadowcolor>black</shadowcolor>
						<align>left</align>
						<aligny>center</aligny>
					</control>
					<control type="radiobutton" id="10011">
						<width>884</width>
						<height>60</height>
						<font>card30</font>
						<label>Disable Clock on Menu Bar</label>
						<textcolor>grey2</textcolor>
						<focusedcolor>black</focusedcolor>

						<texturefocus border="10">button_select.png</texturefocus>
						<align>left</align>
						<aligny>center</aligny>						
						<onclick>Skin.ToggleSetting(DisableClock)</onclick>
						<selected>Skin.HasSetting(DisableClock)</selected>
					</control> -->
					<control type="radiobutton" id="1011">
						<width>884</width>
						<height>60</height>
						<font>card30</font>
						<label>Show Clear Logos on Widgets</label>
						<textcolor>grey2</textcolor>
						<focusedcolor>black</focusedcolor>

						<texturefocus border="10">button_select.png</texturefocus>
						<align>left</align>
						<aligny>center</aligny>						
						<onclick>Skin.ToggleSetting(show_widgetclearlogos)</onclick>
						<selected>Skin.HasSetting(show_widgetclearlogos)</selected>
					</control>
					<control type="button" id="612">

					<description>Skin Shortcuts</description>
						<description>Skin Shortcuts</description>
						<width>884</width>
						<height>60</height>
						<font>card30</font>
						<textcolor>white</textcolor>
						<focusedcolor>black</focusedcolor>
						<texturefocus border="10">button_select.png</texturefocus>
						<align>left</align>
						<aligny>center</aligny>						
						<label>Max Items per Widget</label>
						<label2>$INFO[Skin.String(CustomWidgetLimit)]</label2>
						<onclick>Skin.SetString(CustomWidgetLimit,20)</onclick>
						<onclick condition="Skin.String(CustomWidgetLimit,20)">Skin.SetString(CustomWidgetLimit,30)</onclick>

						<onclick condition="Skin.String(CustomWidgetLimit,30)">Skin.SetString(CustomWidgetLimit,40)</onclick>

						<onclick condition="Skin.String(CustomWidgetLimit,40)">Skin.SetString(CustomWidgetLimit,50)</onclick>

						<onclick condition="Skin.String(CustomWidgetLimit,50)">Skin.SetString(CustomWidgetLimit,60)</onclick>

						<onclick condition="Skin.String(CustomWidgetLimit,60)">Skin.SetString(CustomWidgetLimit,70)</onclick>

						<onclick condition="Skin.String(CustomWidgetLimit,70)">Skin.SetString(CustomWidgetLimit,80)</onclick>

						<onclick condition="Skin.String(CustomWidgetLimit,80)">Skin.SetString(CustomWidgetLimit,90)</onclick>

						<onclick condition="Skin.String(CustomWidgetLimit,90)">Skin.SetString(CustomWidgetLimit,100)</onclick>

						<onclick condition="Skin.String(CustomWidgetLimit,100)">Skin.SetString(CustomWidgetLimit,20)</onclick>
						
						<onclick condition="Skin.String(CustomWidgetLimit,100)">Skin.SetString(CustomWidgetLimit,200)</onclick>

					</control>	
					<control type="radiobutton" id="202">
						<description>enable video info</description>
						<width>884</width>
						<height>60</height>
						<font>card30</font>
						<textcolor>grey2</textcolor>
						<focusedcolor>black</focusedcolor>
						<label>Show Video Now Playing</label>
						<onclick>Skin.ToggleSetting(hideVideoinfo)</onclick>
						<selected>!Skin.HasSetting(hideVideoinfo)</selected>
						<texturefocus border="10">button_select.png</texturefocus>
						<align>left</align>
						<aligny>center</aligny>						
					</control>
					<control type="radiobutton" id="203">
						<description>enable music info</description>
						<width>884</width>
						<height>60</height>
						<font>card30</font>
						<textcolor>grey2</textcolor>
						<focusedcolor>black</focusedcolor>
						<label>Show Music Now Playing</label>
						<onclick>Skin.ToggleSetting(hideMusicinfo)</onclick>
						<selected>!Skin.HasSetting(hideMusicinfo)</selected>
						<texturefocus border="10">button_select.png</texturefocus>
						<align>left</align>
						<aligny>center</aligny>						
					</control>
					<control type="radiobutton" id="204">
						<description>enable weather info</description>
						<width>884</width>
						<height>60</height>
						<font>card30</font>
						<textcolor>grey2</textcolor>
						<focusedcolor>black</focusedcolor>
						<label>20084</label>
						<onclick>Skin.ToggleSetting(homepageWeatherinfo)</onclick>
						<selected>Skin.HasSetting(homepageWeatherinfo)</selected>
						<texturefocus border="10">button_select.png</texturefocus>
						<align>left</align>
						<aligny>center</aligny>						
						<visible>!IsEmpty(Weather.Plugin)</visible>
					</control>
					<!--<control type="radiobutton" id="1010">
						<width>884</width>
						<height>60</height>
						<font>card30</font>
						<label>Debug Grid</label>
						<textcolor>grey2</textcolor>
						<focusedcolor>black</focusedcolor>

						<texturefocus border="10">button_select.png</texturefocus>
						<align>left</align>
						<aligny>center</aligny>						
						<onclick>Skin.ToggleSetting(DebugGrid)</onclick>
						<selected>Skin.HasSetting(DebugGrid)</selected>
					</control>-->






				</control>

				<control type="grouplist" id="9003">
					<visible>Container(9000).Hasfocus(3)</visible>
					<left>500</left>
					<top>75</top>
					<width>885</width>
					<height>800</height>
					<itemgap>5</itemgap>
					<pagecontrol>60</pagecontrol>
					<onleft>9000</onleft>
					<onright>60</onright>
					<onup>9003</onup>
					<ondown>9003</ondown>
					<control type="label" id="300">
						<width>884</width>
						<height>100</height>
						<font>card30</font>
						<label>31106</label>
						<textcolor>white</textcolor>
						<shadowcolor>black</shadowcolor>
						<align>left</align>
						<aligny>center</aligny>
					</control>
					<control type="radiobutton" id="303">
						<width>884</width>
						<height>60</height>
						<font>card30</font>
						<label>Home Background Videos and Visualizations</label>
						<textcolor>grey2</textcolor>
						<focusedcolor>black</focusedcolor>
						<texturefocus border="10">button_select.png</texturefocus>
						<align>left</align>
						<aligny>center</aligny>						
						<onclick>Skin.ToggleSetting(ShowBackgroundVideo)</onclick>
						<selected>Skin.HasSetting(ShowBackgroundVideo)</selected>
					</control>
	
					<control type="label" id="310">
						<width>884</width>
						<height>60</height>
						<font>card30</font>
						<label>31102</label>
						<textcolor>white</textcolor>
						<shadowcolor>black</shadowcolor>
						<align>left</align>
						<aligny>center</aligny>
					</control>
					<control type="radiobutton" id="311">
						<width>884</width>
						<height>60</height>
						<font>card30</font>
						<label>31109</label>
						<textcolor>grey2</textcolor>
						<focusedcolor>black</focusedcolor>
						<texturefocus border="10">button_select.png</texturefocus>
						<align>left</align>
						<aligny>center</aligny>						
						<onclick>Skin.ToggleSetting(UseCustomBackground)</onclick>
						<selected>Skin.HasSetting(UseCustomBackground)</selected>
					</control>
					<control type="button" id="312">
						<width>884</width>
						<height>60</height>
						<font>card30</font>
						<label>- $LOCALIZE[31110]</label>
						<label2>[COLOR=selected]$INFO[Skin.String(CustomBackgroundPath)][/COLOR]</label2>
						<textcolor>grey2</textcolor>
						<focusedcolor>black</focusedcolor>
						<texturefocus border="10">button_select.png</texturefocus>
						<align>left</align>
						<aligny>center</aligny>						
						<onclick>Skin.SetImage(CustomBackgroundPath)</onclick>
						<enable>Skin.HasSetting(UseCustomBackground)</enable>
					</control>
				</control>
				<control type="group">
					<control type="grouplist" id="9004">
						<visible>Container(9000).Hasfocus(4)</visible>
						<left>500</left>
						<top>75</top>
						<width>885</width>
						<height>800</height>
						<itemgap>5</itemgap>
						<pagecontrol>61</pagecontrol>
						<onleft>9000</onleft>
						<onright>61</onright>
						<onup>9004</onup>
						<ondown>9004</ondown>
<!--						<control id="55" type="button">
						<width>850</width>
						<height>100</height>
						<font>card30</font>
						<textcolor>white</textcolor>
						<focusedcolor>white</focusedcolor>
						<texturefocus>settingsitem_focused.png</texturefocus>
						<align>left</align>
						<aligny>center</aligny>						
						<label>HOME PANELS</label>
						<label2>Setup</label2>
						<onclick>SetProperty(SubMenu,1,home)</onclick>
						<onclick>ActivateWindow(1105)</onclick>
						</control> -->
						<control type="button" id="9211" description="Customise Home">
							<description>Skin Shortcuts</description>
							<width>884</width>
							<height>60</height>
							<font>card30</font>
							<textcolor>white</textcolor>
							<focusedcolor>black</focusedcolor>
							<label>Hauptmenü Bearbeiten</label>
							<label2>Skin Shortcuts</label2>
							<texturefocus border="10">button_select.png</texturefocus>
							<align>left</align>
							<aligny>center</aligny>						
							<onclick>RunScript(script.skinshortcuts,type=manage&amp;group=mainmenu)</onclick>
						</control>

						<control type="radiobutton" id="3114">
							<width>884</width>
							<height>60</height>
							<font>card30</font>
							<label>Bearbeite Search Button</label>
							<textcolor>grey2</textcolor>
							<focusedcolor>black</focusedcolor>
							<texturefocus border="10">button_select.png</texturefocus>
							<onclick>Skin.ToggleSetting(Custom_Search_Button)</onclick>
							<selected>Skin.HasSetting(Custom_Search_Button)</selected>
							<align>left</align>
							<aligny>center</aligny>	
						</control>	
						<control type="button" id="600" description="FAVOURITES">
							<width>884</width>
							<height>60</height>
							<font>card30</font>
							<visible>true</visible>
							<label>Search Button</label>
							<label2>$INFO[Skin.String(Custom_SearchLabel)]</label2>
							<!-- <onclick>RunScript(script.favourites,property=ShelfSearch.1)</onclick> -->
							<onclick>RunScript(script.skinshortcuts,type=shortcuts&amp;showNone=True&amp;skinLabel=Custom_SearchLabel&amp;skinAction=Custom_SearchAction)</onclick>

							<textcolor>white</textcolor>
							<focusedcolor>black</focusedcolor>
							<texturefocus border="10">button_select.png</texturefocus>
							<visible>Skin.HasSetting(Custom_Search_Button)</visible>
						
						</control>	
					</control>
				</control>

			</control>
		</control>


		<include>BehindDialogFadeOut</include>

	</controls>
</window>
