<window id="1126">
	<defaultcontrol always="true">3999</defaultcontrol>
	<allowoverlay>no</allowoverlay>
	<onload condition="!Skin.HasSetting(SaveRadioStation)">Skin.ToggleSetting(SaveRadioStation)</onload>
	<onload condition="!Skin.HasSetting(DeleteRadioStation)">Skin.ToggleSetting(DeleteRadioStation)</onload>
	<onload>Skin.Reset(ListRadioStation)</onload>
	<onload>Skin.Reset(SkinSettings)</onload>
	<onload>Skin.Reset(OpenSetting11a)</onload>
	<controls>
        <control type="button" id="3999">
            <description>Dummy Focus Button</description>
            <posx>-1</posx>
            <posy>-1</posy>
            <width>1</width>
            <height>1</height>
            <font>-</font>
            <texturenofocus>1px_transparent.png</texturenofocus>
            <texturefocus>1px_transparent.png</texturefocus>
            <ondown>8001</ondown>
        </control>
		<control type="image">
			<posx>0</posx>
			<posy>0</posy>
			<width>ScreenWidth</width>
			<height>ScreenHeight</height>
			<visible>Skin.HasSetting(UseRadioBG)</visible>
			<texture>$INFO[Skin.String(CustomRadioBgFullPath)]</texture> 
		</control>  
		<control type="image">
			<posx>0</posx>
			<posy>0</posy>
			<width>ScreenWidth</width>
			<height>ScreenHeight</height>
			<visible>!Skin.HasSetting(UseRadioBG)</visible>
			<texture fallback="special://skin/background/SKINDEFAULT.jpg">special://skin/background/$INFO[Skin.CurrentTheme].jpg</texture> 
		</control>  
		<include>HomeButtonCommons</include>

		<control type="group">
			<visible>System.HasAddon(service.radiofm)</visible>
			<visible>System.HasAddon(resource.images.radiofm)</visible>
			<include>StationButtonBG</include>
			<include>StationButton1</include>
			<include>StationButton2</include>
			<include>StationButton3</include>
			<include>StationButton4</include>
			<include>StationButton5</include>
			<include>StationButton6</include>
			<include>StationButton7</include>
			<include>StationButton8</include>
			<include>StationButton9</include>
			<!--<include>RDSLabel</include>-->
<!--		<include>RadioFMDisplay</include> -->
	    	<include>StationCenter</include>
			<include>RadioStationInfo</include>
		</control>

		<control type="group">
			<include>VisibleFadeEffect</include>
			<include>Window_OpenClose_Animation_Zoom</include>
			<visible>!System.HasAddon(service.radiofm)</visible>
			<posx>0</posx>
			<posy>0</posy>
			<control type="label">
				<posx>0</posx>
				<posy>460</posy>
				<width>ScreenWidth</width>
				<height>50</height>
				<align>center</align>
				<font>font30_title</font>
				<label>$LOCALIZE[40078]</label>
			</control>
			<control type="image">
				<posx>703</posx>
				<posy>550</posy>
				<height>100</height>
				<width>300</width>
				<texture>button_nofocus.png</texture>
			</control>
			<control type="button">
				<posx>703</posx>
				<posy>550</posy>
				<height>100</height>
				<width>300</width>
				<texturefocus>list_focus.png</texturefocus>
				<texturenofocus></texturenofocus>
				<align>center</align>
				<font>font30_title</font>
				<label>$LOCALIZE[40094]</label>
				<onclick>InstallAddon(service.radiofm)</onclick>
			</control>
		</control>

		<control type="group">
			<include>VisibleFadeEffect</include>
			<include>Window_OpenClose_Animation_Zoom</include>
			<visible>System.HasAddon(service.radiofm)</visible>
			<visible>!System.HasAddon(resource.images.radiofm)</visible>
			<posx>0</posx>
			<posy>0</posy>
			<control type="label">
				<posx>0</posx>
				<posy>460</posy>
				<width>ScreenWidth</width>
				<height>50</height>
				<align>center</align>
				<font>font30_title</font>
				<label>$LOCALIZE[40095]</label>
			</control>
			<control type="image">
				<posx>703</posx>
				<posy>550</posy>
				<height>100</height>
				<width>300</width>
				<texture>button_nofocus.png</texture>
			</control>
			<control type="button">
				<posx>703</posx>
				<posy>550</posy>
				<height>100</height>
				<width>300</width>
				<texturefocus>list_focus.png</texturefocus>
				<texturenofocus></texturenofocus>
				<align>center</align>
				<font>font30_title</font>
				<label>$LOCALIZE[40094]</label>
				<onclick>InstallAddon(resource.images.radiofm)</onclick>
			</control>
		</control>


		<control type="label">
			<description>Window label</description>
			<include>MediaWindowTitleCommons</include>
			<label>$LOCALIZE[31061]</label>
		</control>

<!-- Bottom Area  -->
		<control type="image">
			<description>Bottom Bar Background</description>
			<posx>105</posx>
			<posy>630</posy>
			<height>90</height>
			<width>1065</width>
			<aspectratio>stretch</aspectratio>
			<texture border="10" flipy="true" colordiffuse="$INFO[Skin.String(RadioDisplayColor)]">$INFO[Skin.String(RadioDisplayTransparency)]</texture>
<!-- 
			<texture border="10" flipy="true" colordiffuse="$INFO[Skin.String(RadioDisplayColor)]">textures_radio/radio_bottombar-bg.png</texture>
 -->
		</control>
		<control type="group">
			<description>Separators Bottom</description>
			<posx>560</posx>
			<posy>650</posy>
			<control type="image">
				<posx>100</posx>
				<posy>0</posy>
				<height>80</height>
				<width>5</width>
				<texture>textures_radio/radio_separator-v.png</texture>
			</control>
			<control type="image">
				<posx>200</posx>
				<posy>0</posy>
				<height>80</height>
				<width>5</width>
				<texture>textures_radio/radio_separator-v.png</texture>
			</control>
			<control type="image">
				<posx>300</posx>
				<posy>0</posy>
				<height>80</height>
				<width>5</width>
				<texture>textures_radio/radio_separator-v.png</texture>
			</control>
			<control type="image">
				<posx>400</posx>
				<posy>0</posy>
				<height>80</height>
				<width>5</width>
				<texture>textures_radio/radio_separator-v.png</texture>
			</control>
			<control type="image">
				<posx>500</posx>
				<posy>0</posy>
				<height>80</height>
				<width>5</width>
				<texture>textures_radio/radio_separator-v.png</texture>
			</control>
		</control>
		
<!-- Bottom Bar Buttons -->
		<control type="button" id="8010">
			<description>Volume minus</description>
			<posx>100</posx>
			<posy>640</posy>
			<width>76</width>
			<height>63</height>
			<texturefocus colordiffuse="$VAR[CustomColorFocus]">textures_radio/radio_volumeminus.png</texturefocus>
			<texturenofocus colordiffuse="$VAR[CustomColorNofocus]">textures_radio/radio_volumeminus.png</texturenofocus>
			<onclick>VolumeDown</onclick>
			<onup>8009</onup>
			<onleft></onleft>
			<onright>8011</onright>
		</control>
		<control type="button" id="8011">
			<description>Volume plus</description>
			<posx>590</posx>
			<posy>640</posy>
			<width>76</width>
			<height>63</height>
			<texturefocus colordiffuse="$VAR[CustomColorFocus]">textures_radio/radio_volumeplus.png</texturefocus>
			<texturenofocus colordiffuse="$VAR[CustomColorNofocus]">textures_radio/radio_volumeplus.png</texturenofocus>
			<onclick>VolumeUp</onclick>
			<onup>8009</onup>
			<onleft>8010</onleft>
			<onright>8013</onright>
		</control>
<!--	<control type="button" id="8012">
			<description>Volume Mute_on</description>
			<visible>String.IsEmpty(RadioMuteOn)</visible>
			<posx>710</posx>
			<posy>640</posy>
			<width>100</width>
			<height>79</height>
			<texturefocus colordiffuse="$VAR[CustomColorFocus]">textures_radio/radio_icon_mute-on.png</texturefocus>
			<texturenofocus colordiffuse="$VAR[CustomColorNofocus]">textures_radio/radio_icon_mute-on.png</texturenofocus>
			<onclick>Mute</onclick>
			<onclick>Skin.SetString(RadioMuteOn,1)</onclick>
			<onup>8009</onup>
			<onleft>8011</onleft>
			<onright>8013</onright>
		</control>
		<control type="button" id="8012">
			<description>Volume Mute_off</description>
			<visible>!String.IsEmpty(RadioMuteOn)</visible>
			<posx>710</posx>
			<posy>640</posy>
			<width>100</width>
			<height>79</height>
			<texturefocus colordiffuse="$VAR[CustomColorFocus]">textures_radio/radio_icon_mute-off.png</texturefocus>
			<texturenofocus colordiffuse="$VAR[CustomColorNofocus]">textures_radio/radio_icon_mute-off.png</texturenofocus>
			<onclick>Mute</onclick>
			<onclick>Skin.Reset(RadioMuteOn)</onclick>
			<onup>8009</onup>
			<onleft>8011</onleft>
			<onright>8013</onright>
		</control> -->
		<control type="togglebutton" id="8013">
			<description>Save Button</description>
			<posx>660</posx>
			<posy>640</posy>
			<width>100</width>
			<height>79</height>
			<texturefocus colordiffuse="$VAR[CustomColorFocus]">textures_radio/radio_icon_store.png</texturefocus>
			<texturenofocus colordiffuse="$VAR[CustomColorNofocus]">textures_radio/radio_icon_store.png</texturenofocus>
			<alttexturefocus colordiffuse="$VAR[CustomColorFocus]">textures_radio/radio_icon_store.png</alttexturefocus>
			<alttexturenofocus colordiffuse="$VAR[CustomColorNofocus]">textures_radio/radio_icon_store.png</alttexturenofocus>
			<usealttexture>Skin.HasSetting(ListRadioStation)</usealttexture>
			<onclick>Skin.ToggleSetting(SaveRadioStation)</onclick>
			<onclick condition="!Skin.HasSetting(DeleteRadioStation)">Skin.ToggleSetting(DeleteRadioStation)</onclick>
			<onup>8009</onup>
			<onleft>8011</onleft>
			<onright>8014</onright>
		</control>
		<control type="togglebutton" id="8014">
			<description>Delete Button</description>
			<posx>760</posx>
			<posy>640</posy>
			<width>100</width>
			<height>79</height>
			<texturefocus colordiffuse="$VAR[CustomColorFocus]">textures_radio/radio_icon_delete.png</texturefocus>
			<texturenofocus colordiffuse="$VAR[CustomColorNofocus]">textures_radio/radio_icon_delete.png</texturenofocus>
			<alttexturefocus colordiffuse="$VAR[CustomColorFocus]">textures_radio/radio_icon_delete.png</alttexturefocus>
			<alttexturenofocus colordiffuse="$VAR[CustomColorNofocus]">textures_radio/radio_icon_delete.png</alttexturenofocus>
			<usealttexture>Skin.HasSetting(ListRadioStation)</usealttexture>
			<onclick>Skin.ToggleSetting(DeleteRadioStation)</onclick>
			<onclick condition="!Skin.HasSetting(SaveRadioStation)">Skin.ToggleSetting(SaveRadioStation)</onclick>
			<onup>8009</onup>
			<onleft>8013</onleft>
			<onright>8015</onright>
		</control>

<!-- Button: Radio Settings -->
		<control type="button" id="8015">
			<description>Search</description>
			<posx>860</posx>
			<posy>640</posy>
			<width>100</width>
			<height>79</height>
			<texturefocus colordiffuse="$VAR[CustomColorFocus]">textures_radio/radio_icon_search.png</texturefocus>
			<texturenofocus colordiffuse="$VAR[CustomColorNofocus]">textures_radio/radio_icon_search.png</texturenofocus>
			<onclick>RunScript(service.radiofm,AUTOSCAN)</onclick>
			<onup>8009</onup>
			<onleft>8014</onleft>
			<onright>8016</onright>
		</control>
		<control type="button" id="8016">
			<description>Settings Button RadioFM</description>
			<posx>963</posx>
			<posy>640</posy>
			<width>100</width>
			<height>79</height>
			<texturefocus colordiffuse="$VAR[CustomColorFocus]">textures_radio/radio_icon_settings.png</texturefocus>
			<texturenofocus colordiffuse="$VAR[CustomColorNofocus]">textures_radio/radio_icon_settings.png</texturenofocus>
			<onclick>Addon.OpenSettings(service.radiofm)</onclick>
			<onclick>RunScript(service.radiofm,INIT)</onclick>
			<onup>8009</onup>
			<onleft>8015</onleft>
			<onright>8117</onright>
		</control>

<!-- Button: Radio SkinSettings -->
		<control type="button" id="8117">
			<description>SkinSettings Button RadioFM</description>
			<posx>1066</posx>
			<posy>640</posy>
			<width>100</width>
			<height>79</height>
			<texturefocus colordiffuse="$VAR[CustomColorFocus]">textures_radio/radio_icon_skinsettings.png</texturefocus>
			<texturenofocus colordiffuse="$VAR[CustomColorNofocus]">textures_radio/radio_icon_skinsettings.png</texturenofocus>
			<onclick>Skin.SetString(SkinSettings,11)</onclick>
			<onclick>Skin.Reset(OpenSetting11b)</onclick>
			<onclick>Skin.SetString(OpenSetting11a,1)</onclick>
			<onclick>ActivateWindow(1113)</onclick>
			<onup>8009</onup>
			<onleft>8016</onleft>
			<onright>8017</onright>
		</control>

<!-- Volume Bar -->
        <control type="group">
            <posx>140</posx>
            <posy>645</posy>
			<include>RadioVolumeBottom</include>
        </control>

<!-- Back Button -->
		<control type="button" id="8017">
            <posx>75r</posx>
            <posy>75r</posy>
			<width>65</width>
			<height>65</height>
			<onclick>ParentDir</onclick>
			<texturefocus colordiffuse="$VAR[CustomColorFocus]">icon_back_w.png</texturefocus>
			<texturenofocus colordiffuse="$VAR[CustomColorNofocus]">icon_back_w.png</texturenofocus>
			<onup>8009</onup>
			<onleft>8016</onleft>
			<onright></onright>
		</control>

	<!-- Alert Addon missing -->
	<control type="group">
		<include>Window_OpenClose_Animation</include>
		<visible>!System.HasAddon(service.carpccontroller) | [!System.HasAddon(plugin.program.radioFM) + !System.HasAddon(service.radioFM)]</visible>
		<posx>330</posx>
		<posy>200</posy>
		<control type="image">
				<description>Background</description>
				<posx>0</posx>
				<posy>0</posy>
				<width>620</width>
				<height>250</height>
				<texture border="8">dialogback.png</texture>
			</control>
		<control type="image">
				<description>Icon</description>
				<posx>20</posx>
				<posy>20</posy>
				<width>70</width>
				<height>70</height>
				<aspectratio>keep</aspectratio>
				<texture>defaulticonwarning.png</texture>
			</control>
		<control type="fadelabel">
				<description>Line 1 Label</description>
				<posx>110</posx>
				<posy>40</posy>
				<width>500</width>
				<height>25</height>
				<font>font28_title</font>
				<textcolor>black</textcolor>
				<label>[B]$LOCALIZE[40118][/B]</label>  
				<align>left</align>
				<aligny>center</aligny>
				<scrollout>false</scrollout>
				<pauseatend>2000</pauseatend>
			</control>
		<control type="textbox">
				<visible>!System.HasAddon(service.carpccontroller) + [System.HasAddon(plugin.program.radioFM) | System.HasAddon(service.radioFM)]</visible>
				<description>Line 2 Label</description>
				<posx>110</posx>
				<posy>70</posy>
				<width>440</width>
				<height>110</height>
				<font>font22_title</font>
				<textcolor>black</textcolor>
				<label>$LOCALIZE[40168]</label>  
				<align>left</align>
			</control>
		<control type="textbox">
				<visible>System.HasAddon(service.carpccontroller) + ![System.HasAddon(plugin.program.radioFM) | System.HasAddon(service.radioFM)]</visible>
				<description>Line 2 Label</description>
				<posx>110</posx>
				<posy>70</posy>
				<width>440</width>
				<height>110</height>
				<font>font22_title</font>
				<textcolor>black</textcolor>
				<label>$LOCALIZE[40169]</label>  
				<align>left</align>
			</control>
		<control type="textbox">
				<visible>!System.HasAddon(service.carpccontroller) + [!System.HasAddon(plugin.program.radioFM) + !System.HasAddon(service.radioFM)]</visible>
				<description>Line 2 Label</description>
				<posx>110</posx>
				<posy>70</posy>
				<width>440</width>
				<height>110</height>
				<font>font22_title</font>
				<textcolor>black</textcolor>
				<label>$LOCALIZE[40170]</label>  
				<align>left</align>
			</control>
		<control type="button" id="1400">
			<description>Cancel button</description>
			<posx>210</posx>
			<posy>190</posy>
			<width>200</width>
			<height>45</height>
			<include>ButtonInfoDialogsCommonValues</include>
			<label>OK</label>
			<onclick>Back</onclick>
		</control>
	</control>


<!-- 
		<control type="group">
			<include>Window_OpenClose_Animation_Slide_Up</include>
			<posx>220r</posx>
			<posy>86r</posy>
			<control type="togglebutton">
				<width>80</width>
				<height>80</height>
				<texturefocus>osd_1.png</texturefocus>
				<texturenofocus>osd_1.png</texturenofocus>
				<alttexturefocus>osd_2.png</alttexturefocus>
				<alttexturenofocus>osd_2.png</alttexturenofocus>
				<usealttexture>Skin.HasSetting(ListRadioStation)</usealttexture>
				<onclick>Skin.ToggleSetting(ListRadioStation)</onclick>
			</control>
		</control>
	    <include>NightMode</include>
 -->
   </controls>      
</window>


