<window id="7">
	<defaultcontrol always="true">95</defaultcontrol>
	<controls>
		<include>CommonBackground</include>
		<include>HomeButtonCommons</include>
		<include>BottomNowPLaying</include>
		
		<control type="label">
			<description>Window label</description>
			<include>MediaWindowTitleCommons</include>
			<label>$LOCALIZE[130]</label>
		</control>
		<control type="panel" id="9002">
			<visible>!Window.IsActive(PlayerControls)</visible>
			<include>VisibleFadeEffect</include>
			<include>SubMenuCommonLayout</include>
			<content>
				<item>
					<label>31200</label>
					<onclick>Back</onclick>
					<icon>icon_back_w.png</icon>
				</item>
			</content>
		</control>
		
		<control type="label" id="40">
			<description>Hiddenlabel to pass to above</description>
			<visible>false</visible>
		</control>
		<control type="group">
			<posx>110</posx>
			<posy>100</posy>
			<include>Window_OpenClose_Animation_Fade</include>
			<control type="grouplist" id="9000">
				<posx>0</posx>
				<posy>0</posy>
				<width>250</width>
				<height>360</height>
				<itemgap>-1</itemgap>
				<onup>9000</onup>
				<ondown>9000</ondown>
				<control type="button" id="95">
					<description>Button Summary Values</description>
					<height>52</height>
					<width>250</width>
					<textoffsetx>15</textoffsetx>
					<align>right</align>
					<aligny>center</aligny>
					<font>font24_title</font>
					<textcolor>white</textcolor>
					<focusedcolor>$VAR[CustomColorFocus]</focusedcolor>
					<texturefocus colordiffuse="$VAR[CustomColorFocus]" border="5">list_bg.png</texturefocus>
					<texturenofocus colordiffuse="66000000" border="5">list_bg.png</texturenofocus>
					<pulseonselect>false</pulseonselect>
					<label>$LOCALIZE[20037]</label>
				</control>
				<control type="button" id="94">
					<height>52</height>
					<width>250</width>
					<textoffsetx>15</textoffsetx>
					<align>right</align>
					<aligny>center</aligny>
					<font>font24_title</font>
					<textcolor>white</textcolor>
					<focusedcolor>$VAR[CustomColorFocus]</focusedcolor>
					<texturefocus colordiffuse="$VAR[CustomColorFocus]" border="5">list_bg.png</texturefocus>
					<texturenofocus colordiffuse="66000000" border="5">list_bg.png</texturenofocus>
					<pulseonselect>false</pulseonselect>
					<label>$LOCALIZE[13277]</label>
				</control>
				<control type="button" id="96">
					<description>Button Network</description>
					<height>52</height>
					<width>250</width>
					<textoffsetx>15</textoffsetx>
					<align>right</align>
					<aligny>center</aligny>
					<font>font24_title</font>
					<textcolor>white</textcolor>
					<focusedcolor>$VAR[CustomColorFocus]</focusedcolor>
					<texturefocus colordiffuse="$VAR[CustomColorFocus]" border="5">list_bg.png</texturefocus>
					<texturenofocus colordiffuse="66000000" border="5">list_bg.png</texturenofocus>
					<pulseonselect>false</pulseonselect>
					<label>$LOCALIZE[13279]</label>
				</control>
				<control type="button" id="97">
					<description>Button Video</description>
					<height>52</height>
					<width>250</width>
					<textoffsetx>15</textoffsetx>
					<align>right</align>
					<aligny>center</aligny>
					<font>font24_title</font>
					<textcolor>white</textcolor>
					<focusedcolor>$VAR[CustomColorFocus]</focusedcolor>
					<texturefocus colordiffuse="$VAR[CustomColorFocus]" border="5">list_bg.png</texturefocus>
					<texturenofocus colordiffuse="66000000" border="5">list_bg.png</texturenofocus>
					<pulseonselect>false</pulseonselect>
					<label>$LOCALIZE[13280]</label>
				</control>
				<control type="button" id="98">
					<description>Button Hardware</description>
					<height>52</height>
					<width>250</width>
					<textoffsetx>15</textoffsetx>
					<align>right</align>
					<aligny>center</aligny>
					<font>font24_title</font>
					<textcolor>white</textcolor>
					<focusedcolor>$VAR[CustomColorFocus]</focusedcolor>
					<texturefocus colordiffuse="$VAR[CustomColorFocus]" border="5">list_bg.png</texturefocus>
					<texturenofocus colordiffuse="66000000" border="5">list_bg.png</texturenofocus>
					<pulseonselect>false</pulseonselect>
					<label>$LOCALIZE[13281]</label>
					<ondown>99</ondown>
				</control>
				<control type="button" id="100">
					<width>250</width>
					<height>52</height>
					<textoffsetx>0</textoffsetx>
					<align>left</align>
					<aligny>center</aligny>
					<font>font24_title</font>
					<textcolor>white</textcolor>
					<focusedcolor>selected</focusedcolor>
					<texturefocus colordiffuse="$VAR[CustomColorFocus]" border="5">list_bg.png</texturefocus>
					<texturenofocus colordiffuse="66000000" border="5">list_bg.png</texturenofocus>
					<pulseonselect>false</pulseonselect>
					<label>$LOCALIZE[12389]</label>
					<onup>98</onup>
				</control>
			</control>
			<control type="grouplist">
				<posx>260</posx>
				<posy>0</posy>
				<width>760</width>
				<height>550</height>
				<orientation>vertical</orientation>
				<control type="image">
					<width>760</width>
					<height>47</height>
					<texture colordiffuse="66000000" border="5">list_bg_fo.png</texture>
					<visible>!String.IsEmpty(Control.GetLabel(2)) + !Control.IsVisible(30)</visible>
				</control>
				<control type="image">
					<width>760</width>
					<height>47</height>
					<texture colordiffuse="66000000" border="5">list_bg_fo.png</texture>
					<visible>!String.IsEmpty(Control.GetLabel(3)) + !Control.IsVisible(30)</visible>
				</control>
				<control type="image">
					<width>760</width>
					<height>47</height>
					<texture colordiffuse="66000000" border="5">list_bg_fo.png</texture>
					<visible>!String.IsEmpty(Control.GetLabel(4)) + !Control.IsVisible(30)</visible>
				</control>
				<control type="image">
					<width>760</width>
					<height>47</height>
					<texture colordiffuse="66000000" border="5">list_bg_fo.png</texture>
					<visible>!String.IsEmpty(Control.GetLabel(5)) + !Control.IsVisible(30)</visible>
				</control>
				<control type="image">
					<width>760</width>
					<height>47</height>
					<texture colordiffuse="66000000" border="5">list_bg_fo.png</texture>
					<visible>!String.IsEmpty(Control.GetLabel(6)) + !Control.IsVisible(30)</visible>
				</control>
				<control type="image">
					<width>760</width>
					<height>47</height>
					<texture colordiffuse="66000000" border="5">list_bg_fo.png</texture>
					<visible>!String.IsEmpty(Control.GetLabel(7)) + !Control.IsVisible(30)</visible>
				</control>
				<control type="image">
					<width>760</width>
					<height>47</height>
					<texture colordiffuse="66000000" border="5">list_bg_fo.png</texture>
					<visible>!String.IsEmpty(Control.GetLabel(8)) + !Control.IsVisible(30)</visible>
				</control>
				<control type="image">
					<width>760</width>
					<height>47</height>
					<texture colordiffuse="66000000" border="5">list_bg_fo.png</texture>
					<visible>!String.IsEmpty(Control.GetLabel(9)) + !Control.IsVisible(30)</visible>
				</control>
				<control type="image">
					<width>760</width>
					<height>47</height>
					<texture colordiffuse="66000000" border="5">list_bg_fo.png</texture>
					<visible>!String.IsEmpty(Control.GetLabel(10)) + !Control.IsVisible(30)</visible>
				</control>
				<control type="image">
					<width>760</width>
					<height>47</height>
					<texture colordiffuse="66000000" border="5">list_bg_fo.png</texture>
					<visible>!String.IsEmpty(Control.GetLabel(11)) + !Control.IsVisible(30)</visible>
				</control>
<!-- 
				<control type="image">
					<width>760</width>
					<height>47</height>
					<texture colordiffuse="66000000" border="5">list_bg_fo.png</texture>
					<visible>!String.IsEmpty(Control.GetLabel(12))</visible>
				</control>
 -->
			</control>
			<control type="grouplist">
				<posx>270</posx>
				<posy>0</posy>
				<width>760</width>
				<height>550</height>
				<orientation>vertical</orientation>
				<control type="label" id="2">
					<description>Label 2</description>
					<width>745</width>
					<height>47</height>
					<align>left</align>
					<aligny>center</aligny>
					<label>-</label>
					<font>font24_title</font>
					<visible>!String.IsEmpty(Control.GetLabel(2))</visible>
				</control>
				<control type="label" id="3">
					<description>Label 3</description>
					<width>745</width>
					<height>47</height>
					<align>left</align>
					<aligny>center</aligny>
					<label>-</label>
					<font>font24_title</font>
					<visible>!String.IsEmpty(Control.GetLabel(3))</visible>
				</control>
				<control type="label" id="4">
					<description>Label 4</description>
					<width>745</width>
					<height>47</height>
					<align>left</align>
					<aligny>center</aligny>
					<label>-</label>
					<font>font24_title</font>
					<visible>!String.IsEmpty(Control.GetLabel(4))</visible>
				</control>
				<control type="label" id="5">
					<description>Label 5</description>
					<width>745</width>
					<height>47</height>
					<align>left</align>
					<aligny>center</aligny>
					<label>-</label>
					<font>font24_title</font>
					<visible>!String.IsEmpty(Control.GetLabel(5))</visible>
				</control>
				<control type="label" id="6">
					<description>Label 6</description>
					<width>745</width>
					<height>47</height>
					<align>left</align>
					<aligny>center</aligny>
					<label>-</label>
					<font>font24_title</font>
					<visible>!String.IsEmpty(Control.GetLabel(6))</visible>
				</control>
				<control type="label" id="7">
					<description>Label 7</description>
					<width>745</width>
					<height>47</height>
					<align>left</align>
					<aligny>center</aligny>
					<label>-</label>
					<font>font24_title</font>
					<visible>!String.IsEmpty(Control.GetLabel(7))</visible>
				</control>
				<control type="label" id="8">
					<description>Label 8</description>
					<width>745</width>
					<height>47</height>
					<align>left</align>
					<aligny>center</aligny>
					<label>-</label>
					<font>font24_title</font>
					<visible>!String.IsEmpty(Control.GetLabel(8))</visible>
				</control>
				<control type="label" id="9">
					<description>Label 9</description>
					<width>745</width>
					<height>47</height>
					<align>left</align>
					<aligny>center</aligny>
					<label>-</label>
					<font>font24_title</font>
					<visible>!String.IsEmpty(Control.GetLabel(9))</visible>
				</control>
				<control type="label" id="10">
					<description>Label 10</description>
					<width>745</width>
					<height>47</height>
					<align>left</align>
					<aligny>center</aligny>
					<label>-</label>
					<font>font24_title</font>
					<visible>!String.IsEmpty(Control.GetLabel(10))</visible>
				</control>
				<control type="label" id="11">
					<description>Label 11</description>
					<width>745</width>
					<height>47</height>
					<align>left</align>
					<aligny>center</aligny>
					<label>-</label>
					<font>font24_title</font>
					<visible>!String.IsEmpty(Control.GetLabel(11))</visible>
				</control>
<!-- 
				<control type="label" id="12">
					<description>Label 11</description>
					<width>745</width>
					<height>47</height>
					<align>left</align>
					<aligny>center</aligny>
					<label>-</label>
					<font>font24_title</font>
					<visible>!String.IsEmpty(Control.GetLabel(12))</visible>
				</control>
 -->
			</control>
			<control type="group">
				<posx>0</posx>
				<posy>90r</posy>
				<visible>!Control.IsVisible(30)</visible>
				<control type="label" id="52">
					<description>XBMC BUILD Version</description>
					<posx>740</posx>
					<posy>0</posy>
					<width>700</width>
					<label>108</label>
					<align>right</align>
					<textcolor>white</textcolor>
					<shadowcolor>black</shadowcolor>
					<font>font20_title</font>
				</control>
				<control type="label">
					<description>CPU Text</description>
					<posx>740</posx>
					<posy>30</posy>
					<width>700</width>
					<height>25</height>
					<label>$LOCALIZE[13271] $INFO[System.CPUUsage]</label>
					<align>right</align>
					<aligny>center</aligny>
					<textcolor>white</textcolor>
					<shadowcolor>black</shadowcolor>
					<font>font20_title</font>
				</control>
				<control type="progress">
					<description>CPU BAR</description>
					<posx>747</posx>
					<posy>30</posy>
					<width>240</width>
					<height>25</height>
					<info>System.CPUUsage</info>
				</control>
				<control type="label">
					<description>Memory Text</description>
					<posx>740</posx>
					<posy>52</posy>
					<width>600</width>
					<height>25</height>
					<label>$LOCALIZE[31309] $INFO[system.memory(used.percent)]</label>
					<align>right</align>
					<aligny>center</aligny>
					<textcolor>white</textcolor>
					<shadowcolor>black</shadowcolor>
					<font>font20_title</font>
				</control>
				<control type="progress">
					<description>Memory BAR</description>
					<posx>747</posx>
					<posy>52</posy>
					<width>240</width>
					<height>25</height>
					<info>system.memory(used)</info>
				</control>
			</control>
		</control>

<!-- Scrollbar -->
		<control type="group" id="60">
			<visible>Control.IsVisible(30)</visible>
			<posx>1150</posx>
			<posy>60</posy>
			<height>600</height>
			<animation  effect="fade" start="0" end="100" time="200">Visible</animation>
			<animation  effect="fade" start="100" end="0" time="200">Hidden</animation>
			<control type="group">
				<description>Slim Scrollbar</description>
				<visible>!Skin.HasSetting(ScrollbarBold)</visible>
				<posx>0</posx>
				<posy>0</posy>
				<control type="scrollbar" id="60">
					<posx>30</posx>
					<posy>60</posy>
					<width>40</width>
					<height>500</height>
					<texturesliderbackground border="0,14,0,14">ScrollBarV.png</texturesliderbackground>
					<texturesliderbar border="2,16,2,16"></texturesliderbar>
					<texturesliderbarfocus border="2,16,2,16"></texturesliderbarfocus>
					<textureslidernib>osdslidernib.png</textureslidernib>
					<textureslidernibfocus>osdslidernib.png</textureslidernibfocus>
					<onleft>50</onleft>
					<onright condition="Control.IsVisible(9002)">9002</onright>
					<ondown>60</ondown>
					<onup>60</onup>
					<showonepage>false</showonepage>
					<orientation>vertical</orientation>
					<animation effect="fade" time="150">Visible</animation>
					<animation effect="fade" time="150">Hidden</animation>
				</control>
			</control>
			<control type="group">
				<description>Bold Scrollbar</description>
				<visible>Skin.HasSetting(ScrollbarBold)</visible>
				<posx>0</posx>
				<posy>0</posy>
				<control type="scrollbar" id="60">
					<posx>14</posx>
					<posy>60</posy>
					<width>48</width>
					<height>500</height>
					<texturesliderbackground colordiffuse="$VAR[CustomColorNofocus]">scrollbarv_bar_bold2.png</texturesliderbackground>
					<texturesliderbar colordiffuse="$VAR[CustomColorNofocus]">osdsliderbar_square.png</texturesliderbar>
					<texturesliderbarfocus colordiffuse="$VAR[CustomColorFocus]">osdsliderbar_square.png</texturesliderbarfocus>
					<textureslidernib colordiffuse="$VAR[CustomColorNofocus]">osdslidernib_square.png</textureslidernib>
					<textureslidernibfocus colordiffuse="$VAR[CustomColorFocus]">osdslidernib_square.png</textureslidernibfocus>
					<onleft>50</onleft>
					<onright condition="Control.IsVisible(9002)">9002</onright>
					<ondown>60</ondown>
					<onup>60</onup>
					<showonepage>false</showonepage>
					<orientation>vertical</orientation>
					<animation effect="fade" time="150">Visible</animation>
					<animation effect="fade" time="150">Hidden</animation>
				</control>
			</control> 
		</control>

<!-- Privacy Policy -->
		<control type="textbox" id="30">
			<posx>380</posx>
			<posy>110</posy>
			<width>760</width>
			<height>500</height>
			<visible>true</visible>
			<colordiffuse>FFFFFFFF</colordiffuse>
			<font>font23</font>
			<textcolor>FFFFFFFF</textcolor>
			<pulseonselect></pulseonselect>
			<align>left</align>
			<pagecontrol>60</pagecontrol>
		</control>

	</controls>
</window>
