<colors>
	<color name="white">FF2CD13B</color>
	<color name="white2">FF2CD13B</color>
	<color name="grey">FF2CD13B</color>
	<color name="grey2">FF999999</color>
	<color name="grey3">FF2CD13B</color>
	<color name="grey4">FF2CD13B</color>
	<color name="black">FF000000</color>
	<color name="blue">FF2CD13B</color>
	<color name="selected">FF2CD13B</color>
	<color name="invalid">FF2CD13B</color>
	<color name="themecolor">FF2CD13B</color>
	<color name="themecolor_transparent">FF2CD13B</color>
	<color name="ICS_Blue_Text">FF2CD13B</color>
	<color name="ICS_Blue_Textures">FF2CD13B</color>
	<color name="dialogheader">FF2CD13B</color>
	<color name="labelheader">FF2CD13B</color>
	<color name="shadow">AA000000</color>
</colors>