<?xml version='1.0' encoding='UTF-8'?>
<includes>
	<include name="skinshortcuts-mainmenu">
		<item id="1">
			<property name="id">$NUMBER[1]</property>
			<label>LibreELEC</label>
			<label2>Common Shortcut</label2>
			<icon>special://skin/extras/icons/libreelec.png</icon>
			<thumb />
			<property name="labelID">libreelec</property>
			<property name="defaultID">libreelec</property>
			<visible>System.HasAddon(service.libreelec.settings)</visible>
			<onclick>RunAddon(service.libreelec.settings)</onclick>
			<property name="path">RunAddon(service.libreelec.settings)</property>
			<property name="list">RunAddon(service.libreelec.settings)</property>
			<visible>String.IsEqual(System.ProfileName,Master user)</visible>
			<property name="submenuVisibility">libreelec</property>
			<property name="group">mainmenu</property>
			<property name="hasSubmenu">False</property>
		</item>
		<item id="2">
			<property name="id">$NUMBER[2]</property>
			<label>OpenELEC</label>
			<label2>Common Shortcut</label2>
			<icon>special://skin/extras/icons/openelec.png</icon>
			<thumb />
			<property name="labelID">openelec</property>
			<property name="defaultID">openelec</property>
			<visible>System.HasAddon(service.openelec.settings)</visible>
			<onclick>RunAddon(service.openelec.settings)</onclick>
			<property name="path">RunAddon(service.openelec.settings)</property>
			<property name="list">RunAddon(service.openelec.settings)</property>
			<visible>String.IsEqual(System.ProfileName,Master user)</visible>
			<property name="submenuVisibility">openelec</property>
			<property name="group">mainmenu</property>
			<property name="hasSubmenu">False</property>
		</item>
		<item id="3">
			<property name="id">$NUMBER[3]</property>
			<label>Genre</label>
			<label2>Videos</label2>
			<icon>special://skin/extras/icons/addtile.png</icon>
			<thumb />
			<property name="labelID">genre</property>
			<property name="defaultID" />
			<property name="translatedPath">ActivateWindow(Videos,"library://video/movies/genres.xml/",return)</property>
			<visible>Library.HasContent(Movies)</visible>
			<onclick>ActivateWindow(Videos,"library://video/movies/genres.xml/",return)</onclick>
			<property name="path">ActivateWindow(Videos,"library://video/movies/genres.xml/",return)</property>
			<property name="list">library://video/movies/genres.xml/</property>
			<visible>String.IsEqual(System.ProfileName,Master user)</visible>
			<property name="submenuVisibility">genre</property>
			<property name="group">mainmenu</property>
			<property name="hasSubmenu">False</property>
		</item>
	</include>
	<include />
	<include name="skinshortcuts-submenu" />
	<include name="skinshortcuts-group-libreelec">
		<description>No items</description>
	</include>
	<include name="skinshortcuts-group-alt-libreelec">
		<description>No items</description>
	</include>
	<include name="skinshortcuts-group-openelec">
		<description>No items</description>
	</include>
	<include name="skinshortcuts-group-alt-openelec">
		<description>No items</description>
	</include>
	<include name="skinshortcuts-group-genre">
		<description>No items</description>
	</include>
	<include name="skinshortcuts-group-alt-genre">
		<description>No items</description>
	</include>
</includes>
