<shortcuts>
	<shortcut>
		<action>RunScript(script.globalsearch)</action>
		<label>31196</label>
		<label2>$LOCALIZE[137] $LOCALIZE[14022]</label2>
		<defaultID>7</defaultID>
		<icon>DefaultFolder.png</icon>
		<thumb />
	</shortcut>
	<shortcut>
		<action>ActivateWindow(videos,plugin://plugin.video.youtube/kodion/search/input/,return)</action>
		<label>31197</label>
		<label2>32034</label2>
		<defaultID>13200</defaultID>
		<icon>UnknownUser.png</icon>
		<thumb />
	</shortcut>
	<shortcut>
		<action>ActivateWindow(addonbrowser,addons://search/,return)</action>
		<label>31195</label>
		<label2>32034</label2>
		<defaultID>10007</defaultID>
		<icon>DefaultShortcut.png</icon>
		<thumb />
	</shortcut>
	<!--shortcut>
		<action>RunScript(script.extendedinfo,info=moviedbbrowser,search=True)</action>
		<label>31198</label>
		<label2>32034</label2>
		<defaultID>10007</defaultID>
		<icon>DefaultShortcut.png</icon>
		<thumb />
	</shortcut-->
	
</shortcuts>