<shortcuts>
	<shortcut>
		<action>ActivateWindow(Videos,plugin://service.library.data.provider?type=recentepisodes,return)</action>
		<label>31035</label> <!-- 20387 / $SKIN[31035|skin.conq|Recent episodes] -->
		<label2>32014</label2>
		<defaultID>31035</defaultID>
		<icon>DefaultRecentlyAddedEpisodes.png</icon>
		<thumb />
	</shortcut>
	<shortcut>
		<action>ActivateWindow(10025,library://video/inprogressshows.xml/,return)</action>
		<label>626</label>
		<label2>32014</label2>
		<defaultID>626</defaultID>
		<icon>DefaultEpisodes.png</icon>
		<thumb />
	</shortcut>

	<shortcut>
		<action>ActivateWindow(Videos,TvShowGenres,return)</action>
		<label>135</label>
		<label2>20343</label2>
		<defaultID>135</defaultID>
		<icon>DefaultGenre.png</icon>
		<thumb />
	</shortcut>
	<shortcut>
		<action>ActivateWindow(Videos,TvShowYears,return)</action>
		<label>562</label>
		<label2>20343</label2>
		<defaultID>562</defaultID>
		<icon>DefaultYear.png</icon>
		<thumb />
	</shortcut>
	<shortcut>
		<action>ActivateWindow(Videos,TvShowActors,return)</action>
		<label>344</label>
		<label2>20343</label2>
		<defaultID>344</defaultID>
		<icon>DefaultActor.png</icon>
		<thumb />
	</shortcut>
	
	<shortcut>
		<action>ActivateWindow(Videos,TvShows,return)</action>
		<label>14022</label>
		<label2>342</label2>
		<defaultID>14022</defaultID>
		<icon>DefaultMovies.png</icon>
		<thumb />
	</shortcut>
	
	<shortcut>
		<action>ActivateWindow(Videos,Files,return)</action>
		<label>744</label>
		<label2>342</label2>
		<defaultID>744</defaultID>
		<icon>DefaultFolder.png</icon>
		<thumb />
	</shortcut>
</shortcuts>
