<colors>

	<!-- Addon Colors -->
	<color name="Blue">ffffffff</color>

	<!-- Default colours -->
	<color name="TextColor1">ffffffff</color>
	<color name="TextColor2">66ffffff</color>
	<color name="TextColor3">44ffffff</color>
	<color name="TextColor4">22ffffff</color>
	<color name="ShadowColor">44000000</color>
	<color name="ShadowColor2">22000000</color>
	<color name="TextColorDark1">EE000000</color>  <!-- new -->
	<color name="TextColorDark2">66000000</color>  <!-- new -->	
	<color name="SelectedColor">FFEB9E17</color>
	<color name="HighlightColor">FFf2673a</color>  <!-- alternativ: <color name="HighlightColor">FF1cb593</color> --> <!-- new -->
	<color name="HighlightColorNF">66f2673a</color>  <!-- alternativ: <color name="HighlightColor">FF1cb593</color> --> <!-- new -->
	<color name="SubmenuTextColorNF">44000000</color>
	
	<color name="MainMenuColor">A5000000</color>
	<color name="SubMenuColor">92000000</color>
	
	<color name="OverlayColorFO">ffffffff</color>
	<color name="OverlayColorNF">55f1f1f1</color>
	
	<!-- Diffuse -->
	<color name="FanartDiffuse">35ffffff</color>  <!-- old: 22f1f1f1 -->
	<color name="DiffusePosterNF">58ffffff</color>
	
	<!-- Dialog colors -->
	<color name="DialogBGColor1">FF000000</color>
	<color name="DialogBGColor2">F2000000</color>
	<color name="DialogBGColor3">B2000000</color>
	<color name="DialogBorderColor">F2171717</color>  <!-- new -->
	<color name="DialogTextColor1">ffffffff</color>
	<color name="DialogTextColor2">66ffffff</color>
	<color name="DialogTextColor3">44ffffff</color>
	<color name="DisabledColor">66750606</color>
	<color name="InvalidColor">ffa10000</color>
	<color name="DialogOverlayColorFO">ffffffff</color>
	<color name="DialogOverlayColorNF">55f1f1f1</color>
	
	<!-- Dialog colors (smal Dialoges) -->
	<!-- Start new (Unused thil now) -->
	<color name="Dialog-S-BGColor1">FF000000</color>
	<color name="Dialog-S-BGColor2">F2000000</color>
	<color name="Dialog-S-BGColor3">B2000000</color>
	<color name="Dialog-S-BorderColor">F2171717</color>
	<color name="Dialog-S-TextColor1">ffffffff</color>
	<color name="Dialog-S-TextColor2">66ffffff</color>
	<color name="Dialog-S-TextColor3">44ffffff</color>
	<color name="Dialog-S-OverlayColorFO">ffffffff</color>
	<color name="Dialog-S-OverlayColorNF">55f1f1f1</color>	
	<!-- End new -->
	
	
	<!-- OSD colors -->
	<color name="OSDBGColor1">FF000000</color>
	<color name="OSDBGColor2">F2000000</color>
	<color name="OSDTextColor1">ffffffff</color>
	<color name="OSDTextColor2">66ffffff</color>
	<color name="OSDTextColor3">44ffffff</color>
	
	<!-- Overlays -->
	<color name="CommonBackgroundOverlay">A5000000</color>  <!-- 72000000 -->
	<color name="CommonFanartOverlay">C7000000</color>  <!-- C7000000 -->
	<color name="SpecialWeatherFanartOverlay">72000000</color>  <!-- old: 87000000 -->
	<color name="2ndLevelOverlayDark">92000000</color>
	<color name="2ndLevelOverlayBright">35FFFFFF</color>
	<color name="2ndLevelOverlayBrightFO">72FFFFFF</color>
	<color name="SpecialBottomBarColor">72000000</color>  <!-- RSS-Bar Color -->
	<color name="SettingsPanelOverlayColor">0BFFFFFF</color>  <!-- new (for Dialogues) -->
	
	<!-- Button Colors -->
	<color name="CommonDialogButtonNF">12FFFFFF</color>  <!-- new -->
	<color name="CommonDialogButtonFO">72FFFFFF</color>  <!-- new -->

</colors>