<?xml version="1.0" encoding="UTF-8"?>
<window id="6116" type="dialog">
	<!-- Aeon MQ 7 -->
	<!-- V-Playlist 16 -->
	<defaultcontrol>-</defaultcontrol>
	<include>SubMenuCommon</include>
	<controls>
	<control type="group">
	<include condition="Window.IsVisible(6000)">MenuCustom</include>
	<control type="group">
	<!-- default group -->
	<include>Animation_SubMenu</include>
	<include condition="Window.IsVisible(6000)">SubmenuGoTo</include>
	<include condition="Window.IsVisible(Home)">SubMenuDefault</include>
	<control type="panel" id="9000">
	<include condition="Window.IsVisible(6000)">SubmenuCustomList</include>
	<include condition="Window.IsVisible(Home) + !Skin.HasSetting(mainmenuvertical)">SubmenuHList</include>
	<include condition="Window.IsVisible(Home) + Skin.HasSetting(mainmenuvertical)">SubmenuVList</include>
	<content>
	<item>
	<label fallback="31014">$VAR[value_menu11601.label]</label>
	<property name="condition">$INFO[skin.string(menu11601.visible)]</property>
	<property name="name">menu11601</property>
	<property name="id">$INFO[skin.string(menu11601.master)]</property>
	<onclick condition="Window.IsVisible(6000)">SetFocus(5000)</onclick>
	<onclick condition="Window.IsVisible(Home)">Dialog.Close(6116)</onclick>
	<onclick condition="Window.IsVisible(Home)">Skin.SetString(submenu_action,$VAR[value_menu11601.action])</onclick>
	<visible>![String.IsEmpty(skin.string(menu11601.master)) | String.Contains(skin.string(menu11601.visible),off)] | Window.IsVisible(6000)</visible>
	</item>
	<item>
	<label fallback="31014">$VAR[value_menu11602.label]</label>
	<property name="condition">$INFO[skin.string(menu11602.visible)]</property>
	<property name="name">menu11602</property>
	<property name="id">$INFO[skin.string(menu11602.master)]</property>
	<onclick condition="Window.IsVisible(6000)">SetFocus(5000)</onclick>
	<onclick condition="Window.IsVisible(Home)">Dialog.Close(6116)</onclick>
	<onclick condition="Window.IsVisible(Home)">Skin.SetString(submenu_action,$VAR[value_menu11602.action])</onclick>
	<visible>![String.IsEmpty(skin.string(menu11602.master)) | String.Contains(skin.string(menu11602.visible),off)] | Window.IsVisible(6000)</visible>
	</item>
	<item>
	<label fallback="31014">$VAR[value_menu11603.label]</label>
	<property name="condition">$INFO[skin.string(menu11603.visible)]</property>
	<property name="name">menu11603</property>
	<property name="id">$INFO[skin.string(menu11603.master)]</property>
	<onclick condition="Window.IsVisible(6000)">SetFocus(5000)</onclick>
	<onclick condition="Window.IsVisible(Home)">Dialog.Close(6116)</onclick>
	<onclick condition="Window.IsVisible(Home)">Skin.SetString(submenu_action,$VAR[value_menu11603.action])</onclick>
	<visible>![String.IsEmpty(skin.string(menu11603.master)) | String.Contains(skin.string(menu11603.visible),off)] | Window.IsVisible(6000)</visible>
	</item>
	<item>
	<label fallback="31014">$VAR[value_menu11604.label]</label>
	<property name="condition">$INFO[skin.string(menu11604.visible)]</property>
	<property name="name">menu11604</property>
	<property name="id">$INFO[skin.string(menu11604.master)]</property>
	<onclick condition="Window.IsVisible(6000)">SetFocus(5000)</onclick>
	<onclick condition="Window.IsVisible(Home)">Dialog.Close(6116)</onclick>
	<onclick condition="Window.IsVisible(Home)">Skin.SetString(submenu_action,$VAR[value_menu11604.action])</onclick>
	<visible>![String.IsEmpty(skin.string(menu11604.master)) | String.Contains(skin.string(menu11604.visible),off)] | Window.IsVisible(6000)</visible>
	</item>
	<item>
	<label fallback="31014">$VAR[value_menu11605.label]</label>
	<property name="condition">$INFO[skin.string(menu11605.visible)]</property>
	<property name="name">menu11605</property>
	<property name="id">$INFO[skin.string(menu11605.master)]</property>
	<onclick condition="Window.IsVisible(6000)">SetFocus(5000)</onclick>
	<onclick condition="Window.IsVisible(Home)">Dialog.Close(6116)</onclick>
	<onclick condition="Window.IsVisible(Home)">Skin.SetString(submenu_action,$VAR[value_menu11605.action])</onclick>
	<visible>![String.IsEmpty(skin.string(menu11605.master)) | String.Contains(skin.string(menu11605.visible),off)] | Window.IsVisible(6000)</visible>
	</item>
	<item>
	<label fallback="31014">$VAR[value_menu11606.label]</label>
	<property name="condition">$INFO[skin.string(menu11606.visible)]</property>
	<property name="name">menu11606</property>
	<property name="id">$INFO[skin.string(menu11606.master)]</property>
	<onclick condition="Window.IsVisible(6000)">SetFocus(5000)</onclick>
	<onclick condition="Window.IsVisible(Home)">Dialog.Close(6116)</onclick>
	<onclick condition="Window.IsVisible(Home)">Skin.SetString(submenu_action,$VAR[value_menu11606.action])</onclick>
	<visible>![String.IsEmpty(skin.string(menu11606.master)) | String.Contains(skin.string(menu11606.visible),off)] | Window.IsVisible(6000)</visible>
	</item>
	<item>
	<label fallback="31014">$VAR[value_menu11607.label]</label>
	<property name="condition">$INFO[skin.string(menu11607.visible)]</property>
	<property name="name">menu11607</property>
	<property name="id">$INFO[skin.string(menu11607.master)]</property>
	<onclick condition="Window.IsVisible(6000)">SetFocus(5000)</onclick>
	<onclick condition="Window.IsVisible(Home)">Dialog.Close(6116)</onclick>
	<onclick condition="Window.IsVisible(Home)">Skin.SetString(submenu_action,$VAR[value_menu11607.action])</onclick>
	<visible>![String.IsEmpty(skin.string(menu11607.master)) | String.Contains(skin.string(menu11607.visible),off)] | Window.IsVisible(6000)</visible>
	</item>
	<item>
	<label fallback="31014">$VAR[value_menu11608.label]</label>
	<property name="condition">$INFO[skin.string(menu11608.visible)]</property>
	<property name="name">menu11608</property>
	<property name="id">$INFO[skin.string(menu11608.master)]</property>
	<onclick condition="Window.IsVisible(6000)">SetFocus(5000)</onclick>
	<onclick condition="Window.IsVisible(Home)">Dialog.Close(6116)</onclick>
	<onclick condition="Window.IsVisible(Home)">Skin.SetString(submenu_action,$VAR[value_menu11608.action])</onclick>
	<visible>![String.IsEmpty(skin.string(menu11608.master)) | String.Contains(skin.string(menu11608.visible),off)] | Window.IsVisible(6000)</visible>
	</item>
	<item>
	<label fallback="31014">$VAR[value_menu11609.label]</label>
	<property name="condition">$INFO[skin.string(menu11609.visible)]</property>
	<property name="name">menu11609</property>
	<property name="id">$INFO[skin.string(menu11609.master)]</property>
	<onclick condition="Window.IsVisible(6000)">SetFocus(5000)</onclick>
	<onclick condition="Window.IsVisible(Home)">Dialog.Close(6116)</onclick>
	<onclick condition="Window.IsVisible(Home)">Skin.SetString(submenu_action,$VAR[value_menu11609.action])</onclick>
	<visible>![String.IsEmpty(skin.string(menu11609.master)) | String.Contains(skin.string(menu11609.visible),off)] | Window.IsVisible(6000)</visible>
	</item>
	<item>
	<label fallback="31014">$VAR[value_menu11610.label]</label>
	<property name="condition">$INFO[skin.string(menu11610.visible)]</property>
	<property name="name">menu11610</property>
	<property name="id">$INFO[skin.string(menu11610.master)]</property>
	<onclick condition="Window.IsVisible(6000)">SetFocus(5000)</onclick>
	<onclick condition="Window.IsVisible(Home)">Dialog.Close(6116)</onclick>
	<onclick condition="Window.IsVisible(Home)">Skin.SetString(submenu_action,$VAR[value_menu11610.action])</onclick>
	<visible>![String.IsEmpty(skin.string(menu11610.master)) | String.Contains(skin.string(menu11610.visible),off)] | Window.IsVisible(6000)</visible>
	</item>
	<item>
	<label fallback="31014">$VAR[value_menu11611.label]</label>
	<property name="condition">$INFO[skin.string(menu11611.visible)]</property>
	<property name="name">menu11611</property>
	<property name="id">$INFO[skin.string(menu11611.master)]</property>
	<onclick condition="Window.IsVisible(6000)">SetFocus(5000)</onclick>
	<onclick condition="Window.IsVisible(Home)">Dialog.Close(6116)</onclick>
	<onclick condition="Window.IsVisible(Home)">Skin.SetString(submenu_action,$VAR[value_menu11611.action])</onclick>
	<visible>![String.IsEmpty(skin.string(menu11611.master)) | String.Contains(skin.string(menu11611.visible),off)] | Window.IsVisible(6000)</visible>
	</item>
	<item>
	<label fallback="31014">$VAR[value_menu11612.label]</label>
	<property name="condition">$INFO[skin.string(menu11612.visible)]</property>
	<property name="name">menu11612</property>
	<property name="id">$INFO[skin.string(menu11612.master)]</property>
	<onclick condition="Window.IsVisible(6000)">SetFocus(5000)</onclick>
	<onclick condition="Window.IsVisible(Home)">Dialog.Close(6116)</onclick>
	<onclick condition="Window.IsVisible(Home)">Skin.SetString(submenu_action,$VAR[value_menu11612.action])</onclick>
	<visible>![String.IsEmpty(skin.string(menu11612.master)) | String.Contains(skin.string(menu11612.visible),off)] | Window.IsVisible(6000)</visible>
	</item>
	<item>
	<label fallback="31014">$VAR[value_menu11613.label]</label>
	<property name="condition">$INFO[skin.string(menu11613.visible)]</property>
	<property name="name">menu11613</property>
	<property name="id">$INFO[skin.string(menu11613.master)]</property>
	<onclick condition="Window.IsVisible(6000)">SetFocus(5000)</onclick>
	<onclick condition="Window.IsVisible(Home)">Dialog.Close(6116)</onclick>
	<onclick condition="Window.IsVisible(Home)">Skin.SetString(submenu_action,$VAR[value_menu11613.action])</onclick>
	<visible>![String.IsEmpty(skin.string(menu11613.master)) | String.Contains(skin.string(menu11613.visible),off)] | Window.IsVisible(6000)</visible>
	</item>
	<item>
	<label fallback="31014">$VAR[value_menu11614.label]</label>
	<property name="condition">$INFO[skin.string(menu11614.visible)]</property>
	<property name="name">menu11614</property>
	<property name="id">$INFO[skin.string(menu11614.master)]</property>
	<onclick condition="Window.IsVisible(6000)">SetFocus(5000)</onclick>
	<onclick condition="Window.IsVisible(Home)">Dialog.Close(6116)</onclick>
	<onclick condition="Window.IsVisible(Home)">Skin.SetString(submenu_action,$VAR[value_menu11614.action])</onclick>
	<visible>![String.IsEmpty(skin.string(menu11614.master)) | String.Contains(skin.string(menu11614.visible),off)] | Window.IsVisible(6000)</visible>
	</item>
	<item>
	<label fallback="31014">$VAR[value_menu11615.label]</label>
	<property name="condition">$INFO[skin.string(menu11615.visible)]</property>
	<property name="name">menu11615</property>
	<property name="id">$INFO[skin.string(menu11615.master)]</property>
	<onclick condition="Window.IsVisible(6000)">SetFocus(5000)</onclick>
	<onclick condition="Window.IsVisible(Home)">Dialog.Close(6116)</onclick>
	<onclick condition="Window.IsVisible(Home)">Skin.SetString(submenu_action,$VAR[value_menu11615.action])</onclick>
	<visible>![String.IsEmpty(skin.string(menu11615.master)) | String.Contains(skin.string(menu11615.visible),off)] | Window.IsVisible(6000)</visible>
	</item>
	</content>
	</control>
	</control>
	</control>
	</controls>
</window>