<?xml version="1.0" encoding="UTF-8"?>
<window>
	<!-- Aeon MQ 7 -->
	<defaultcontrol>1000</defaultcontrol>
	<coordinates>
		<system>1</system>
	</coordinates>
	<include>Animation_DialogPopup</include>
	<animation effect="slide" time="0" tween="cubic" easing="out" end="600,0" condition="Window.IsVisible(146)">Conditional</animation>
	<controls>
		<control type="image">
			<left>0</left>
			<top>0</top>
			<width>681</width>
			<height>58</height>
			<texture>gradient_focus.png</texture>
			<colordiffuse>$INFO[Skin.String(colorheader)]</colordiffuse>
		</control>
		<control type="image">
			<left>0</left>
			<top>-45</top>
			<width>681</width>
			<height>58</height>
			<texture>dialogs_context_nofocus.png</texture>
			<colordiffuse>F9FFFFFF</colordiffuse>
		</control>
		<control type="label">
			<left>120</left>
			<top>-45</top>
			<width>450</width>
			<height>60</height>
			<align>center</align>
			<label>31178</label>
			<font>Font_header</font>
			<textcolor>$INFO[Skin.String(colorheader)]</textcolor>
		</control>
		<!-- background image -->
		<control type="image" id="999">	
			<left>0</left>
			<top>-45</top>
			<width>684</width>
			<height>1080</height>
			<texture>-</texture>
		</control>
		<!-- top image -->
		<control type="image" id="997">	
			<description>top image</description>
			<left>-3</left>
			<top>-10</top>
			<width>694</width>
			<height>40</height>
			<texture>-</texture>
		</control>
		<!-- bottom image -->
		<control type="image" id="998">	
			<left>-3</left>
			<top>-45</top>
			<width>694</width>
			<height>40</height>
			<texture>-</texture>
		</control>
		<control type="grouplist" id="996">
			<left>0</left>
			<top>30</top>
			<width>681</width>
			<height max="1005">auto</height>
			<itemgap>0</itemgap>
			<control type="button" id="1000">
				<include>DialogContext_Button</include>
			</control>
			<control type="button" id="1030">
				<include>DialogContext_Button</include>
				<onleft>Dialog.Close(106)</onleft>
				<onright>Dialog.Close(106)</onright>
				<onclick>RunScript(script.libraryeditor,DBID=$INFO[ListItem.DBID])</onclick>
				<label>31671</label>
				<visible>System.HasAddon(script.libraryeditor) + [Container.Content(Movies) | Container.Content(episodes)]</visible>
			</control>
			<control type="button" id="1034">
				<include>DialogContext_Button</include>
				<onleft>Dialog.Close(106)</onleft>
				<onright>Dialog.Close(106)</onright>
				<onclick>RunScript(script.extendedinfo,info=openinfodialog)</onclick>
				<label>Extended Info</label>
				<visible>System.HasAddon(script.extendedinfo) + [Container.Content(Movies) | Container.Content(episodes)]</visible>
			</control>
			<control type="button" id="1031">
				<include>DialogContext_Button</include>
				<onleft>Dialog.Close(106)</onleft>
				<onright>Dialog.Close(106)</onright>
				<onclick condition="!Skin.HasSetting(fullscreentrailer)">SetFocus(9930)</onclick>
				<onclick condition="!Skin.HasSetting(fullscreentrailer)">PlayMedia($INFO[ListItem.Trailer],1)</onclick>
				<onclick condition="Skin.HasSetting(fullscreentrailer)">PlayMedia($INFO[ListItem.Trailer])</onclick>
				<label>31945</label>
				<visible>!IsEmpty(ListItem.Trailer)</visible>
			</control>
			<control type="button" id="1032">
				<include>DialogContext_Button</include>
				<onleft>Dialog.Close(106)</onleft>
				<onright>Dialog.Close(106)</onright>
				<onclick>ActivateWindow(111)</onclick>
				<label>31243</label>
			</control>
			<!-- ArtWork Downloader Solo Mode-->
			<control type="button" id="9325">	
				<include>DialogContext_Button</include>
				<label>$VAR[value_addon1_solo]</label>
				<onclick condition="Container.Content(tvshows)">RunScript(script.artwork.downloader, mediatype=tvshow, dbid=$INFO[ListItem.DBID])</onclick>
				<onclick condition="Container.Content(movies)">RunScript(script.artwork.downloader, mediatype=movie, dbid=$INFO[ListItem.DBID])</onclick>
				<onclick condition="Container.Content(musicvideos)">RunScript(script.artwork.downloader, mediatype=musicvideos, dbid=$INFO[ListItem.DBID])</onclick>
				<onclick>SetFocus(51)</onclick>
				<visible>System.HasAddon(script.artwork.downloader) + [Container.Content(tvshows) | Container.Content(movies) | Container.Content(musicvideos)]</visible>
			</control>
			<!-- ArtWork Downloader Gui Mode-->
			<control type="button" id="9326">	
				<include>DialogContext_Button</include>
				<label>$VAR[value_addon1_gui]</label>
				<onclick condition="Container.Content(tvshows)">RunScript(script.artwork.downloader, mode=gui, mediatype=tvshow, dbid=$INFO[ListItem.DBID])</onclick>
				<onclick condition="Container.Content(movies)">RunScript(script.artwork.downloader, mode=gui, mediatype=movie, dbid=$INFO[ListItem.DBID])</onclick>
				<onclick condition="Container.Content(musicvideos)">RunScript(script.artwork.downloader, mode=gui, mediatype=musicvideo, dbid=$INFO[ListItem.DBID])</onclick>
				<onclick>SetFocus(51)</onclick>
				<visible>System.HasAddon(script.artwork.downloader) + [Container.Content(tvshows) | Container.Content(movies) | Container.Content(musicvideos)]</visible>
			</control>
			<control type="button" id="1035">
				<include>DialogContext_Button</include>
				<onleft>Dialog.Close(106)</onleft>
				<onright>Dialog.Close(106)</onright>
				<onclick>RunScript(script.cinema.experience,movieid=$INFO[ListItem.DBID])</onclick>
<!--				<onclick>RunScript(script.cinema.experience,movietitles)</onclick> -->
				<label>Cinema Experience</label>
				<visible>System.HasAddon(script.cinema.experience) + Container.Content(movies)</visible>
			</control>
		
			<control type="button" id="1033">
				<include>DialogContext_Button</include>
				<onleft>Dialog.Close(106)</onleft>
				<onright>Dialog.Close(106)</onright>
				<onclick>RunScript(script.trakt,action=contextmenu)</onclick>
				<label>trakt</label>
				<visible>System.HasAddon(script.trakt)</visible>
			</control>
			<control type="button" id="1036">
				<include>DialogContext_Button</include>
				<label>$LOCALIZE[844] Manfeed $LOCALIZE[31723]</label>
				<onclick>Skin.ToggleSetting(EnableLyricsManfeed)</onclick>
				<selected>Skin.HasSetting(EnableLyricsManfeed)</selected>
				<visible>Skin.HasSetting(EnableLyricsManfeed) +!Skin.HasSetting(nolyrics_on) + Window.IsVisible(2006)</visible>
			</control>
			<control type="button" id="1036">
				<include>DialogContext_Button</include>
				<label>$LOCALIZE[843] Manfeed $LOCALIZE[31723]</label>
				<onclick>Skin.SetBool(EnableLyricsManfeed)</onclick>
				<selected>Skin.HasSetting(EnableLyricsManfeed)</selected>
				<visible>!Skin.HasSetting(EnableLyricsManfeed) + !Skin.HasSetting(nolyrics_on) + Window.IsVisible(2006)</visible>
			</control>
		</control>
	</controls>
</window>