<?xml version="1.0" encoding="UTF-8"?>
<window>
	<!-- Aeon MQ 7 -->
	<defaultcontrol always="true">149</defaultcontrol>
	<!--	<onload condition="Skin.HasSetting(ontvtunes) + System.HasAddon(script.tvtunes)">RunScript(script.tvtunes,backend=True)</onload>-->
	<onload condition="System.HasAddon(script.videoextras)">RunScript(script.videoextras,check,"$INFO[ListItem.FilenameAndPath]")</onload>
	<controls>
		<!-- default group -->
		<control type="group">	
			<include>Animation_Window</include>
			<!-- Multi Fanart -->
			<control type="multiimage">	
				<include>WindowBG</include>
				<imagepath background="true">$VAR[value_videofanart]</imagepath>
			</control>
			<!-- Single Fanart -->
			<control type="image">	
				<include>WindowBG</include>
				<texture background="true">$VAR[value_defaultvideofanart]</texture>
			</control>
			<!-- Extra Fanart Movies/TvShows/MusicVideos -->
			<control type="multiimage" id="5020">	
				<include>InvisibleButton</include>
				<imagepath background="true">$INFO[ListItem.Path]extrafanart/</imagepath>
				<visible>Container.Content(movies) + !Skin.HasSetting(trailers) + String.Contains(skin.string(moviesfanart),extra) | Container.Content(tvshows) + String.Contains(skin.string(tvshowsfanart),extra) | Container.Content(musicvideos) + String.Contains(skin.string(musicvideosfanart),extra)</visible>
			</control>
			<!-- Extra Fanart Seasons -->
			<control type="multiimage" id="5021">	
				<include>InvisibleButton</include>
				<imagepath background="true">$INFO[ListItem.Path,,extrafanart/]</imagepath>
				<visible>Container.Content(seasons) + String.Contains(skin.string(seasonsfanart),extra)</visible>
			</control>
			<!-- Extra Fanart Episodes -->
			<control type="multiimage" id="5022">	
				<include>InvisibleButton</include>
				<imagepath background="true">$INFO[ListItem.Path,,../extrafanart/]</imagepath>
				<visible>Container.Content(episodes) + String.Contains(skin.string(episodesfanart),extra)</visible>
			</control>
			<!-- Season Fanart -->
			<control type="image" id="5023">	
				<include>InvisibleButton</include>
				<texture background="true">$INFO[ListItem.Path]$INFO[ListItem.Label,,/fanart.jpg]</texture>
				<visible>Container.Content(seasons) + String.Contains(skin.string(seasonsfanart),seasons)</visible>
			</control>
			<!-- Season Fanart/episodes -->
			<control type="image" id="5024">	
				<include>InvisibleButton</include>
				<texture background="true">$INFO[ListItem.Path,,fanart.jpg]</texture>
				<visible>Container.Content(episodes) + String.Contains(skin.string(episodesfanart),seasons)</visible>
			</control>
			<!-- Controle drive externo -->
			<control type="label" id="556">	
				<include>InvisibleButton</include>
				<label>$VAR[value_drive]</label>
			</control>
			<!-- Controle estudio -->
			<control type="image" id="557">	
				<include>InvisibleButton</include>
				<texture>$INFO[ListItem.Studio,flags/studios/,.png]</texture>
			</control>
			<include>LiveBG</include>
			<control type="image">
				<left>0</left>
				<top>0</top>
				<width>1920</width>
				<height>1080</height>
				<texture>black.png</texture>
				<colordiffuse>A5FFFFFF</colordiffuse>
				<include>Animation_Fade</include>
			</control>
			<control type="image">
				<left>0</left>
				<top>0</top>
				<height>225</height>
				<width>1920</width>
				<texture flipy="true">shadow_mask.png</texture>
				<colordiffuse>75000000</colordiffuse>
			</control>

			<control type="image">
				<!-- TopLogo e Clearart tvshows -->
				<left>0</left>
				<top>0</top>
				<width>600</width>
				<height>120</height>
				<aspectratio aligny="center" align="left">keep</aspectratio>
				<texture background="true">$VAR[value_dialoguetopart]</texture>
				<visible>Skin.HasSetting(clearlogotitle) + !String.IsEmpty(ListItem.Art(clearlogo)) + Container.Content(tvshows)</visible>
			</control>

			<control type="grouplist">
				<!--TopArt swap group -->
				<left>45</left>
				<top>12</top>
				<orientation>vertical</orientation>
				<itemgap>.75</itemgap>
				<control type="image">
					<!-- TopLogo e Clearart -->
					<left>0</left>
					<top>0</top>
					<width>600</width>
					<height>71</height>
					<aspectratio aligny="center" align="left">keep</aspectratio>
					<texture background="true">$VAR[value_dialoguetopart]</texture>
					<visible>Skin.HasSetting(clearlogotitle) + !String.IsEmpty(ListItem.Art(clearlogo)) + !Container.Content(tvshows)</visible>
				</control>
				<control type="label">
					<!-- Title If No logo -->
					<left>0</left>
					<top>0</top>
					<width>1605</width>
					<height>60</height>
					<font>Font_title</font>
					<label>$VAR[value_videotitle]</label>
					<textcolor>FFFFFAF0</textcolor>
					<scroll>true</scroll>
					<scrollout>false</scrollout>
					<visible>![Skin.HasSetting(clearlogotitle) + !String.IsEmpty(ListItem.Art(clearlogo))]</visible>
				</control>
				<control type="group"> 
					<control type="label">
						<!-- Tagline -->
						<left>0</left>
						<top>0</top>
						<width>1575</width>
						<height>37.5</height>
						<font>Font_subtitle</font>
						<label>$INFO[ListItem.Tagline]</label>
						<textcolor>90FFFFFF</textcolor>
						<scroll>true</scroll>
						<scrollout>false</scrollout>
						<visible>Skin.HasSetting(clearlogotitle) + !String.IsEmpty(ListItem.Art(clearlogo))</visible>
					</control>
					<control type="label">
						<!-- tagline no Logo -->
						<left>0</left>
						<top>0</top>
						<width>1575</width>
						<height>37.5</height>
						<font>Font_subtitle</font>
						<label>$INFO[ListItem.Tagline]</label>
						<textcolor>90FFFFFF</textcolor>
						<scroll>true</scroll>
						<scrollout>false</scrollout>
						<visible>![Skin.HasSetting(clearlogotitle) + !String.IsEmpty(ListItem.Art(clearlogo))]</visible>
					</control>
				</control>
			</control>

			<!-- Estrelas -->
			<control type="image">	
				<left>1575</left>
				<top>30</top>
				<width>300</width>
				<height>30</height>
				<texture fallback="$VAR[value_styleratingstars,,0.0.png]">$VAR[value_styleratingstars]$INFO[ListItem.Rating,,.png]</texture>
				<aspectratio align="left" aligny="center">keep</aspectratio>
				<colordiffuse>$VAR[value_colorratingstars]</colordiffuse>
			</control>
			<!-- Nota -->
			<control type="label">
				<left>1575</left>
				<top>45</top>
				<width>300</width>
				<height>90</height>
				<align>center</align>
				<aligny>center</aligny>
				<font>Font_subtitle</font>
				<label>[B]$INFO[ListItem.RatingAndVotes][/B]</label>
				<textcolor>FFFFFAF0</textcolor>
			</control>

			<control type="image">
				<left>0</left>
				<top>120</top>
				<width>1920</width>
				<height>579</height>
				<texture>darkgrey.png</texture>
				<colordiffuse>$INFO[Skin.String(colortexture)]</colordiffuse>
				<include>Animation_DefaultGlass</include>
			</control>
				<!-- Certification -->
			<control type="image">
				<left>45</left>
				<top>104</top>
				<height>120</height>
				<width>237</width>
				<align>center</align>
				<aligny>center</aligny>
				<aspectratio>keep</aspectratio>
				<texture>$VAR[value_mpaa]</texture>
				<visible>!Skin.HasSetting(mpaa_detailed_icon)</visible>
			</control>
			<!-- Certification Detailed Icon -->
				<!-- Certification -->
			<control type="image">
				<left>0</left>
				<top>124</top>
				<height>80</height>
				<width>306</width>
				<align>center</align>
				<aligny>center</aligny>
				<aspectratio>stretch</aspectratio>
				<texture>$INFO[ListItem.Mpaa,flags/mpaa_2/colored/,.png]</texture>
				<visible>Skin.HasSetting(media_flag_Images)</visible>
				<visible>Skin.HasSetting(mpaa_detailed_icon)</visible>
			</control>
				<!-- Certification -->
			<control type="image">
				<left>0</left>
				<top>124</top>
				<height>80</height>
				<width>306</width>
				<align>center</align>
				<aligny>center</aligny>
				<aspectratio>stretch</aspectratio>
				<texture>$INFO[ListItem.Mpaa,flags/mpaa_2/white/,.png]</texture>
				<visible>!Skin.HasSetting(media_flag_Images)</visible>
				<visible>Skin.HasSetting(mpaa_detailed_icon)</visible>
			</control>
				<!-- Year -->
			<control type="label">
				<left>330</left>
				<top>120</top>
				<height>60</height>
				<width>165</width>
				<align>left</align>
				<aligny>center</aligny>
				<font>Font_list</font>
				<label>$INFO[ListItem.Year]</label>
				<textcolor>FFFFFAF0</textcolor>
			</control>
				<!-- Genre -->
			<control type="label">
				<left>330</left>
				<top>154</top>
				<height>60</height>
				<width>735</width>
				<align>left</align>
				<aligny>center</aligny>
				<font>Font_plot</font>
				<label>$INFO[ListItem.Genre]</label>
				<textcolor>FFFFFAF0</textcolor>
				<scroll>true</scroll>
				<scrollout>false</scrollout>
			</control>
			<!--##############################################################################################  Media Information  ##################################################################################################### -->
			<control type="list" id="47">
				<!-- Lista de botoes/info no characterart -->
				<visible>!Container.Content(movies)</visible>
				<visible>String.IsEmpty(ListItem.Art(characterart))</visible>
				<left>30</left>
				<top>218</top>
				<width>1110</width>
				<height>495</height>
				<onleft>149</onleft>
				<onright>149</onright>
				<onup>149</onup>
				<ondown>149</ondown>
				<itemgap>0</itemgap>
				<pagecontrol>-</pagecontrol>
				<scrolltime>200</scrolltime>
				<itemlayout height="30">
					<control type="label">
						<left>-42</left>
						<top>0</top>
						<width>300</width>
						<height>30</height>
						<align>right</align>
						<aligny>center</aligny>
						<font>Font_18A</font>
						<textcolor>$INFO[Skin.String(colorheader)]</textcolor>
						<selectedcolor>$INFO[Skin.String(colorheader)]</selectedcolor>
						<label>$INFO[ListItem.Label]</label>
						<scroll>true</scroll>
					</control>
					<control type="label">
						<left>300</left>
						<top>0</top>
						<width>730</width>
						<height>30</height>
						<align>left</align>
						<aligny>center</aligny>
						<font>Font_18A</font>
						<textcolor>FFFFFAF0</textcolor>
						<selectedcolor>E4101010</selectedcolor>
						<label>$INFO[ListItem.Label2]</label>
						<scroll>true</scroll>
					</control>
				</itemlayout>
				<focusedlayout height="30">
					<control type="image">
						<left>285</left>
						<top>0</top>
						<width>765</width>
						<height>30</height>
						<texture>settings_button_focus.png</texture>
						<visible>Control.HasFocus(47)</visible>
					</control>
					<control type="label">
						<left>-42</left>
						<top>0</top>
						<width>300</width>
						<height>30</height>
						<align>right</align>
						<aligny>center</aligny>
						<font>Font_18A</font>
						<textcolor>$INFO[Skin.String(colorheader)]</textcolor>
						<selectedcolor>$INFO[Skin.String(colorheader)]</selectedcolor>
						<label>$INFO[ListItem.Label]</label>
					</control>
					<control type="label">
						<left>300</left>
						<top>0</top>
						<width>730</width>
						<height>30</height>
						<align>left</align>
						<aligny>center</aligny>
						<font>Font_18A</font>
						<textcolor>FFFFFAF0</textcolor>
						<selectedcolor>$INFO[Skin.String(colorheader)]</selectedcolor>
						<label>$INFO[ListItem.Label2]</label>
						<visible>!Control.HasFocus(47)</visible>
					</control>
					<control type="label">
						<left>300</left>
						<top>0</top>
						<width>730</width>
						<height>30</height>
						<align>left</align>
						<aligny>center</aligny>
						<font>Font_18A</font>
						<textcolor>E4101010</textcolor>
						<selectedcolor>$INFO[Skin.String(colorheader)]</selectedcolor>
						<label>$INFO[ListItem.Label2]</label>
						<visible>Control.HasFocus(47)</visible>
					</control>
				</focusedlayout>
				<content>
					<item>
						<label>$VAR[value_videoinfo_label1]</label>
						<!-- Original Title/Movies - Premiered/TvShows -->
						<label2>$VAR[value_videoinfo_value1]</label2>
						<onclick>noop</onclick>
						<visible>!Container.Content(musicvideos)</visible>
					</item>
					<item>
						<label>$LOCALIZE[574]</label>
						<!-- Country -->
						<label2>$INFO[ListItem.Country]</label2>
						<onclick>noop</onclick>
						<visible>!Container.Content(tvshows) + !Container.Content(episodes) + !Container.Content(musicvideos)</visible>
					</item>
					<item>
						<label>Album</label>
						<!-- Album -->
						<label2>$INFO[ListItem.Album]</label2>
						<onclick>noop</onclick>
						<visible>!Container.Content(movies) + !Container.Content(tvshows) + !Container.Content(episodes) + Container.Content(musicvideos)</visible>
					</item>
					<item>
						<label>$LOCALIZE[20339]/$LOCALIZE[20417]</label>
						<!-- Director/Written -->
						<label2>$INFO[ListItem.Director]/$INFO[ListItem.Writer]</label2>
						<onclick>SendClick(2003,13)</onclick>
						<visible>!Container.Content(tvshows) + !Container.Content(musicvideos)</visible>
					</item>
					<item>
						<label>$LOCALIZE[20339]</label>
						<!-- Director for MV -->
						<label2>$INFO[ListItem.Director]</label2>
						<onclick>SendClick(2003,13)</onclick>
						<visible>Container.Content(musicvideos)</visible>
					</item>
					<item>
						<label>$LOCALIZE[572]</label>
						<!-- Studios -->
						<label2>$INFO[ListItem.Studio]</label2>
						<onclick>noop</onclick>
						<!-- <visible>!String.IsEmpty(ListItem.Studio)</visible> -->
					</item>
					<item>
						<label>$LOCALIZE[180]</label>
						<!-- Duration -->
						<label2>$VAR[value_videoinfo_value5]</label2>
						<onclick>noop</onclick>
						<visible>!String.IsEmpty(ListItem.Duration)</visible>
					</item>
					<item>
						<label>31179</label>
						<!-- Audio Language -->
						<label2>$INFO[Window(Home).Property(SkinHelper.ListItem.Languages)]</label2>
						<onclick>noop</onclick>
						<visible>!Container.Content(tvshows) + !Container.Content(musicvideos)</visible>
					</item>
					<item>
						<label>$LOCALIZE[287]</label>
						<!-- Subtitile Language -->
						<label2>$INFO[Window(Home).Property(SkinHelper.ListItem.Subtitles)]</label2>
						<onclick>noop</onclick>
						<visible>!Container.Content(tvshows) + !Container.Content(musicvideos)</visible>
					</item>
					<item>
						<label>$LOCALIZE[573]</label>
						<!-- Path -->
						<label2>$INFO[ListItem.FilenameAndPath]</label2>
						<onclick>noop</onclick>
						<visible>!String.IsEmpty(ListItem.FilenameAndPath)</visible>
					</item>
				</content>
			</control>


			<control type="list" id="49">
				<!-- Lista de botoes/info characterart -->
				<visible>!Container.Content(movies)</visible>
				<visible>!String.IsEmpty(ListItem.Art(characterart))</visible>
				<left>30</left>
				<top>218</top>
				<width>1110</width>
				<height>495</height>
				<onleft>149</onleft>
				<onright>149</onright>
				<onup>149</onup>
				<ondown>149</ondown>
				<itemgap>0</itemgap>
				<pagecontrol>-</pagecontrol>
				<scrolltime>200</scrolltime>
				<itemlayout height="30">
					<control type="label">
						<left>-42</left>
						<top>0</top>
						<width>300</width>
						<height>30</height>
						<align>right</align>
						<aligny>center</aligny>
						<font>Font_18A</font>
						<textcolor>$INFO[Skin.String(colorheader)]</textcolor>
						<selectedcolor>$INFO[Skin.String(colorheader)]</selectedcolor>
						<label>$INFO[ListItem.Label]</label>
						<scroll>true</scroll>
					</control>
					<control type="label">
						<left>300</left>
						<top>0</top>
						<width>467</width>
						<height>30</height>
						<align>left</align>
						<aligny>center</aligny>
						<font>Font_18A</font>
						<textcolor>FFFFFAF0</textcolor>
						<selectedcolor>E4101010</selectedcolor>
						<label>$INFO[ListItem.Label2]</label>
						<scroll>true</scroll>
					</control>
				</itemlayout>
				<focusedlayout height="30">
					<control type="image">
						<left>285</left>
						<top>0</top>
						<width>765</width>
						<height>30</height>
						<texture>settings_button_focus.png</texture>
						<visible>Control.HasFocus(49)</visible>
					</control>
					<control type="label">
						<left>-42</left>
						<top>0</top>
						<width>300</width>
						<height>30</height>
						<align>right</align>
						<aligny>center</aligny>
						<font>Font_18A</font>
						<textcolor>$INFO[Skin.String(colorheader)]</textcolor>
						<selectedcolor>$INFO[Skin.String(colorheader)]</selectedcolor>
						<label>$INFO[ListItem.Label]</label>
					</control>
					<control type="label">
						<left>300</left>
						<top>0</top>
						<width>467</width>
						<height>30</height>
						<align>left</align>
						<aligny>center</aligny>
						<font>Font_18A</font>
						<textcolor>FFFFFAF0</textcolor>
						<selectedcolor>$INFO[Skin.String(colorheader)]</selectedcolor>
						<label>$INFO[ListItem.Label2]</label>
						<visible>!Control.HasFocus(49)</visible>
					</control>
					<control type="label">
						<left>300</left>
						<top>0</top>
						<width>467</width>
						<height>30</height>
						<align>left</align>
						<aligny>center</aligny>
						<font>Font_18A</font>
						<textcolor>E4101010</textcolor>
						<selectedcolor>$INFO[Skin.String(colorheader)]</selectedcolor>
						<label>$INFO[ListItem.Label2]</label>
						<visible>Control.HasFocus(49)</visible>
					</control>
				</focusedlayout>
				<content>
					<item>
						<label>$VAR[value_videoinfo_label1]</label>
						<!-- Original Title/Movies - Premiered/TvShows -->
						<label2>$VAR[value_videoinfo_value1]</label2>
						<onclick>noop</onclick>
						<visible>!Container.Content(musicvideos)</visible>
					</item>
					<item>
						<label>$LOCALIZE[574]</label>
						<!-- Country -->
						<label2>$INFO[ListItem.Country]</label2>
						<onclick>noop</onclick>
						<visible>!Container.Content(tvshows) + !Container.Content(episodes) + !Container.Content(musicvideos)</visible>
					</item>
					<item>
						<label>Album</label>
						<!-- Album -->
						<label2>$INFO[ListItem.Album]</label2>
						<onclick>noop</onclick>
						<visible>!Container.Content(movies) + !Container.Content(tvshows) + !Container.Content(episodes) + Container.Content(musicvideos)</visible>
					</item>
					<item>
						<label>$LOCALIZE[20339]/$LOCALIZE[20417]</label>
						<!-- Director/Written -->
						<label2>$INFO[ListItem.Director]/$INFO[ListItem.Writer]</label2>
						<onclick>SendClick(2003,13)</onclick>
						<visible>!Container.Content(tvshows) + !Container.Content(musicvideos)</visible>
					</item>
					<item>
						<label>$LOCALIZE[20339]</label>
						<!-- Director for MV -->
						<label2>$INFO[ListItem.Director]</label2>
						<onclick>SendClick(2003,13)</onclick>
						<visible>Container.Content(musicvideos)</visible>
					</item>
					<item>
						<label>$LOCALIZE[572]</label>
						<!-- Studios -->
						<label2>$INFO[ListItem.Studio]</label2>
						<onclick>noop</onclick>
						<!-- <visible>!String.IsEmpty(ListItem.Studio)</visible> -->
					</item>
					<item>
						<label>$LOCALIZE[180]</label>
						<!-- Duration -->
						<label2>$VAR[value_videoinfo_value5]</label2>
						<onclick>noop</onclick>
						<visible>!String.IsEmpty(ListItem.Duration)</visible>
					</item>
					<item>
						<label>31179</label>
						<!-- Audio Language -->
						<label2>$INFO[Window(Home).Property(SkinHelper.ListItem.Languages)]</label2>
						<onclick>noop</onclick>
						<visible>!Container.Content(tvshows) + !Container.Content(musicvideos)</visible>
					</item>
					<item>
						<label>$LOCALIZE[287]</label>
						<!-- Subtitile Language -->
						<label2>$INFO[Window(Home).Property(SkinHelper.ListItem.Subtitles)]</label2>
						<onclick>noop</onclick>
						<visible>!Container.Content(tvshows) + !Container.Content(musicvideos)</visible>
					</item>
					<item>
						<label>$LOCALIZE[573]</label>
						<!-- Path -->
						<label2>$INFO[ListItem.FilenameAndPath]</label2>
						<onclick>noop</onclick>
						<visible>!String.IsEmpty(ListItem.FilenameAndPath)</visible>
					</item>
				</content>
			</control>


			<control type="list" id="51">
				<!-- Lista de botoes/info -->
				<visible>Skin.HasSetting(detail_info)</visible>
				<visible>Container.Content(movies)</visible>
				<left>30</left>
				<top>218</top>
				<width>1110</width>
				<height>495</height>
				<onleft>149</onleft>
				<onright>149</onright>
				<onup>149</onup>
				<ondown>149</ondown>
				<itemgap>0</itemgap>
				<pagecontrol>-</pagecontrol>
				<scrolltime>200</scrolltime>
				<itemlayout height="30">
					<control type="label">
						<left>-42</left>
						<top>0</top>
						<width>300</width>
						<height>30</height>
						<align>right</align>
						<aligny>center</aligny>
						<font>Font_18A</font>
						<textcolor>$INFO[Skin.String(colorheader)]</textcolor>
						<selectedcolor>$INFO[Skin.String(colorheader)]</selectedcolor>
						<label>$INFO[ListItem.Label]</label>
						<scroll>true</scroll>
					</control>
					<control type="label">
						<left>300</left>
						<top>0</top>
						<width>730</width>
						<height>30</height>
						<align>left</align>
						<aligny>center</aligny>
						<font>Font_18A</font>
						<textcolor>FFFFFAF0</textcolor>
						<selectedcolor>E4101010</selectedcolor>
						<label>$INFO[ListItem.Label2]</label>
						<scroll>true</scroll>
					</control>
				</itemlayout>
				<focusedlayout height="30">
					<control type="image">
						<left>285</left>
						<top>0</top>
						<width>765</width>
						<height>30</height>
						<texture>settings_button_focus.png</texture>
						<visible>Control.HasFocus(51)</visible>
					</control>
					<control type="label">
						<left>-42</left>
						<top>0</top>
						<width>300</width>
						<height>30</height>
						<align>right</align>
						<aligny>center</aligny>
						<font>Font_18A</font>
						<textcolor>$INFO[Skin.String(colorheader)]</textcolor>
						<selectedcolor>$INFO[Skin.String(colorheader)]</selectedcolor>
						<label>$INFO[ListItem.Label]</label>
					</control>
					<control type="label">
						<left>300</left>
						<top>0</top>
						<width>730</width>
						<height>30</height>
						<align>left</align>
						<aligny>center</aligny>
						<font>Font_18A</font>
						<textcolor>FFFFFAF0</textcolor>
						<selectedcolor>$INFO[Skin.String(colorheader)]</selectedcolor>
						<label>$INFO[ListItem.Label2]</label>
						<visible>!Control.HasFocus(51)</visible>
					</control>
					<control type="label">
						<left>300</left>
						<top>0</top>
						<width>730</width>
						<height>30</height>
						<align>left</align>
						<aligny>center</aligny>
						<font>Font_18A</font>
						<textcolor>E4101010</textcolor>
						<selectedcolor>$INFO[Skin.String(colorheader)]</selectedcolor>
						<label>$INFO[ListItem.Label2]</label>
						<visible>Control.HasFocus(51)</visible>
					</control>
				</focusedlayout>
				<content>
					<item>
						<label>$VAR[value_videoinfo_label1]</label>
						<!-- Original Title/Movies - Premiered/TvShows -->
						<label2>$VAR[value_videoinfo_value1]</label2>
						<onclick>noop</onclick>
						<visible>!Container.Content(musicvideos)</visible>
					</item>
					<item>
						<label>$LOCALIZE[574]</label>
						<!-- Country -->
						<label2>$INFO[ListItem.Country]</label2>
						<onclick>noop</onclick>
						<visible>!Container.Content(tvshows) + !Container.Content(episodes) + !Container.Content(musicvideos)</visible>
					</item>
					<item>
						<label>Album</label>
						<!-- Album -->
						<label2>$INFO[ListItem.Album]</label2>
						<onclick>noop</onclick>
						<visible>!Container.Content(movies) + !Container.Content(tvshows) + !Container.Content(episodes) + Container.Content(musicvideos)</visible>
					</item>
					<item>
						<label>$LOCALIZE[20339]/$LOCALIZE[20417]</label>
						<!-- Director/Written -->
						<label2>$INFO[ListItem.Director]/$INFO[ListItem.Writer]</label2>
						<onclick>SendClick(2003,13)</onclick>
						<visible>!Container.Content(tvshows) + !Container.Content(musicvideos)</visible>
					</item>
					<item>
						<label>$LOCALIZE[20339]</label>
						<!-- Director for MV -->
						<label2>$INFO[ListItem.Director]</label2>
						<onclick>SendClick(2003,13)</onclick>
						<visible>Container.Content(musicvideos)</visible>
					</item>
					<item>
						<label>$LOCALIZE[572]</label>
						<!-- Studios -->
						<label2>$INFO[ListItem.Studio]</label2>
						<onclick>noop</onclick>
						<!-- <visible>!String.IsEmpty(ListItem.Studio)</visible> -->
					</item>
					<item>
						<label>$LOCALIZE[180]</label>
						<!-- Duration -->
						<label2>$VAR[value_videoinfo_value5]</label2>
						<onclick>noop</onclick>
						<visible>!String.IsEmpty(ListItem.Duration)</visible>
					</item>
					<item>
						<label>31179</label>
						<!-- Audio Language -->
						<label2>$INFO[Window(Home).Property(SkinHelper.ListItem.Languages)]</label2>
						<onclick>noop</onclick>
						<visible>!Container.Content(tvshows) + !Container.Content(musicvideos)</visible>
					</item>
					<item>
						<label>$LOCALIZE[287]</label>
						<!-- Subtitile Language -->
						<label2>$INFO[Window(Home).Property(SkinHelper.ListItem.Subtitles)]</label2>
						<onclick>noop</onclick>
						<visible>!Container.Content(tvshows) + !Container.Content(musicvideos)</visible>
					</item>
					<item>
						<label>$LOCALIZE[573]</label>
						<!-- Path -->
						<label2>$INFO[ListItem.FilenameAndPath]</label2>
						<onclick>noop</onclick>
						<visible>!String.IsEmpty(ListItem.FilenameAndPath)</visible>
					</item>
				</content>
			</control>


			<control type="list" id="52">
				<visible>!Skin.HasSetting(detail_info)</visible>
				<visible>Container.Content(movies)</visible>
				<left>30</left>
				<top>218</top>
				<width>1110</width>
				<height>495</height>
				<onleft>149</onleft>
				<onright>149</onright>
				<onup>149</onup>
				<ondown>149</ondown>
				<itemgap>0</itemgap>
				<pagecontrol>-</pagecontrol>
				<scrolltime>200</scrolltime>
				<itemlayout height="30">
					<control type="label">
						<left>-42</left>
						<top>0</top>
						<width>300</width>
						<height>30</height>
						<align>right</align>
						<aligny>center</aligny>
						<font>Font_18A</font>
						<textcolor>$INFO[Skin.String(colorheader)]</textcolor>
						<selectedcolor>$INFO[Skin.String(colorheader)]</selectedcolor>
						<label>$INFO[ListItem.Label]</label>
						<scroll>true</scroll>
					</control>
					<control type="label">
						<left>285</left>
						<top>0</top>
						<width>220</width>
						<height>30</height>
						<align>left</align>
						<aligny>center</aligny>
						<font>Font_18A</font>
						<textcolor>FFFFFAF0</textcolor>
						<selectedcolor>E4101010</selectedcolor>
						<label>$INFO[ListItem.Label2]</label>
						<scroll>true</scroll>
					</control>
				</itemlayout>
				<focusedlayout height="30">
					<control type="image">
						<left>285</left>
						<top>0</top>
<!--						<width>765</width>-->
						<width>205</width>
						<height>30</height>
						<texture>settings_button_focus.png</texture>
						<visible>Control.HasFocus(52)</visible>
					</control>
					<control type="label">
						<left>-42</left>
						<top>0</top>
						<width>300</width>
						<height>30</height>
						<align>right</align>
						<aligny>center</aligny>
						<font>Font_18A</font>
						<textcolor>$INFO[Skin.String(colorheader)]</textcolor>
						<selectedcolor>$INFO[Skin.String(colorheader)]</selectedcolor>
						<label>$INFO[ListItem.Label]</label>
					</control>
					<control type="label">
						<left>285</left>
						<top>0</top>
						<width>220</width>
						<height>30</height>
						<align>left</align>
						<aligny>center</aligny>
						<font>Font_18A</font>
						<textcolor>FFFFFAF0</textcolor>
						<selectedcolor>$INFO[Skin.String(colorheader)]</selectedcolor>
						<label>$INFO[ListItem.Label2]</label>
						<visible>!Control.HasFocus(52)</visible>
					</control>
					<control type="label">
						<left>285</left>
						<top>0</top>
						<width>220</width>
						<height>30</height>
						<align>left</align>
						<aligny>center</aligny>
						<font>Font_18A</font>
						<textcolor>E4101010</textcolor>
						<selectedcolor>$INFO[Skin.String(colorheader)]</selectedcolor>
						<label>$INFO[ListItem.Label2]</label>
						<visible>Control.HasFocus(52)</visible>
					</control>
				</focusedlayout>
				<content>
					<item>
						<label>Rating</label>
						<!-- Rating -->
						<label2>$INFO[Window(Home).Property(SkinHelper.ListItem.RottenTomatoes.Rating)]</label2>
						<onclick>noop</onclick>
						<visible>!String.IsEmpty(Window(Home).Property(SkinHelper.ListItem.RottenTomatoes.Rating))</visible>
					</item>
					<item>
						<label>Fresh Count</label>
						<!-- Fresh Count -->
						<label2>$INFO[Window(Home).Property(SkinHelper.ListItem.RottenTomatoes.Fresh)]</label2>
						<onclick>noop</onclick>
						<visible>!String.IsEmpty(Window(Home).Property(SkinHelper.ListItem.RottenTomatoes.Fresh))</visible>
					</item>
					<item>
						<label>Rotten Count</label>
						<!-- Rotten Count -->
						<label2>$INFO[Window(Home).Property(SkinHelper.ListItem.RottenTomatoes.Rotten)]</label2>
						<onclick>noop</onclick>
						<visible>!String.IsEmpty(Window(Home).Property(SkinHelper.ListItem.RottenTomatoes.Rotten))</visible>
					</item>
					<item>
						<label>Reviews</label>
						<!-- Reviews -->
						<label2>$INFO[Window(Home).Property(SkinHelper.ListItem.RottenTomatoes.Reviews)]</label2>
						<onclick>noop</onclick>
						<visible>!String.IsEmpty(Window(Home).Property(SkinHelper.ListItem.RottenTomatoes.Reviews))</visible>
					</item>
					<item>
						<label>Audience Rating</label>
						<!-- Audience Rating -->
						<label2>$INFO[Window(Home).Property(SkinHelper.ListItem.RottenTomatoes.UserRating)]</label2>
						<onclick>noop</onclick>
						<visible>!String.IsEmpty(Window(Home).Property(SkinHelper.ListItem.RottenTomatoes.UserRating))</visible>
					</item>
					<item>
						<label>Budget</label>
						<!-- Budget -->
						<label2>$INFO[Window(Home).Property(SkinHelper.ListItem.Budget.formatted)]</label2>
						<onclick>noop</onclick>
						<visible>!String.IsEmpty(Window(Home).Property(SkinHelper.ListItem.Budget.formatted))</visible>
					</item>
					<item>
						<label>Box Office</label>
						<!-- Box Office -->
						<label2>$INFO[Window(Home).Property(SkinHelper.ListItem.BoxOffice)]</label2>
						<onclick>noop</onclick>
						<visible>!String.IsEmpty(Window(Home).Property(SkinHelper.ListItem.BoxOffice))</visible>
					</item>
					<item>
						<label>DVD Release</label>
						<!-- DVD Release -->
						<label2>$INFO[Window(Home).Property(SkinHelper.ListItem.DVDRelease)]</label2>
						<onclick>noop</onclick>
						<visible>!String.IsEmpty(Window(Home).Property(SkinHelper.ListItem.DVDRelease))</visible>
					</item>
				</content>
			</control>

			<!--##############################################################################################  Seperators  ########################################################################################################### -->
			<control type="image">
				<left>308</left>
				<top>120</top>
				<height>345</height>
				<width>3</width>
				<texture>separator_v.png</texture>
			</control>
			<control type="image">
				<left>816</left>
				<top>204</top>
				<height>261</height>
				<width>3</width>
				<texture>separator_v.png</texture>
				<visible>Container.Content(tvshows)</visible>
				<visible>!String.IsEmpty(ListItem.Art(characterart))</visible>
			</control>
			<control type="image">
				<left>0</left>
				<top>204</top>
				<height>3</height>
				<width>1080</width>
				<texture>separator.png</texture>
			</control>
			<control type="image">
				<left>0</left>
				<top>465</top>
				<height>3</height>
				<width>1080</width>
				<texture>separator.png</texture>
				<visible>Container.Content(musicvideos)</visible>
			</control>
			<control type="image">
				<left>0</left>
				<top>465</top>
				<height>3</height>
				<width>1480</width>
				<texture>separator.png</texture>
				<visible>Container.Content(tvshows)</visible>
				<visible>String.IsEmpty(Window(Home).Property(SkinHelper.ListItem.IMDB.Top250))</visible>
			</control>
			<control type="image">
				<left>0</left>
				<top>465</top>
				<height>3</height>
				<width>1080</width>
				<texture>separator.png</texture>
				<visible>Container.Content(tvshows)</visible>
				<visible>!String.IsEmpty(Window(Home).Property(SkinHelper.ListItem.IMDB.Top250))</visible>
			</control>
			<control type="image">
				<left>0</left>
				<top>465</top>
				<height>3</height>
				<width>1080</width>
				<texture>separator.png</texture>
				<visible>Container.Content(movies)</visible>
			</control>
			<control type="image">
				<left>0</left>
				<top>465</top>
				<height>3</height>
				<width>1078</width>
				<texture>separator.png</texture>
				<visible>Container.Content(episodes)</visible>
			</control>

			<control type="image">
				<left>523</left>
				<top>334.5</top>
				<height>3</height>
				<width>560</width>
				<texture>separator.png</texture>
				<visible>!Skin.HasSetting(detail_info)</visible>
				<visible>Container.Content(movies)</visible>
			</control>
			<control type="image">
				<left>793</left>
				<top>575</top>
				<height>3</height>
				<width>288</width>
				<texture>separator.png</texture>
				<visible>!Skin.HasSetting(detail_info)</visible>
				<visible>Container.Content(movies)</visible>
				<visible>!String.IsEmpty(Window(Home).Property(SkinHelper.ListItem.IMDB.Top250))</visible>
			</control>				
			<control type="image">
				<left>520</left>
				<top>204</top>
				<height>261</height>
				<width>3</width>
				<texture>separator_v.png</texture>
				<visible>!Skin.HasSetting(detail_info)</visible>
				<visible>Container.Content(movies)</visible>
			</control>
			<control type="image">
				<left>790</left>
				<top>204</top>
				<height>374</height>
				<width>3</width>
				<texture>separator_v.png</texture>
				<visible>!Skin.HasSetting(detail_info)</visible>
				<visible>Container.Content(movies)</visible>
				<visible>!String.IsEmpty(Window(Home).Property(SkinHelper.ListItem.IMDB.Top250))</visible>
			</control>
			<control type="image">
				<left>790</left>
				<top>204</top>
				<height>261</height>
				<width>3</width>
				<texture>separator_v.png</texture>
				<visible>!Skin.HasSetting(detail_info)</visible>
				<visible>Container.Content(movies)</visible>
				<visible>String.IsEmpty(Window(Home).Property(SkinHelper.ListItem.IMDB.Top250))</visible>
			</control>


			<control type="image">
				<left>1080</left>
				<top>120</top>
				<width>3</width>
				<height>345</height>
				<texture>separator_v.png</texture>
				<visible>Container.Content(tvshows)</visible>
				<visible>String.IsEmpty(Window(Home).Property(SkinHelper.ListItem.IMDB.Top250))</visible>
			</control>
			<control type="image">
				<left>1080</left>
				<top>120</top>
				<width>3</width>
				<height>576</height>
				<texture>separator_v.png</texture>
				<visible>Container.Content(tvshows)</visible>
				<visible>!String.IsEmpty(Window(Home).Property(SkinHelper.ListItem.IMDB.Top250))</visible>
			</control>
			<control type="image">
				<left>1080</left>
				<top>120</top>
				<width>3</width>
				<height>576</height>
				<texture>separator_v.png</texture>
				<visible>Container.Content(movies)</visible>
			</control>
			<!--##############################################################################################  Plots  ################################################################################################################ -->		
			<control type="textbox">
				<!-- Plot tvshows -->
				<left>45</left>
				<top>480</top>
				<width>1390</width>
				<height>200</height>
				<align>justify</align>
				<font>Font_18A</font>
				<label>[COLOR=$INFO[Skin.String(colorheader)]]$LOCALIZE[31530]: [/COLOR]$INFO[ListItem.Plot]</label>
				<textcolor>FFFFFAF0</textcolor>
				<autoscroll delay="15000" time="5000" repeat="15000">!Skin.HasSetting(noinfoplotscroll)</autoscroll>
				<visible>Container.Content(tvshows) + !Skin.HasSetting(original_size)</visible>
				<visible>String.IsEmpty(Window(Home).Property(SkinHelper.ListItem.IMDB.Top250))</visible>
			</control>
			<control type="textbox">
				<!-- Plot tvshows -->
				<left>45</left>
				<top>480</top>
				<width>1390</width>
				<height>200</height>
				<align>justify</align>
				<font>Font_plot_big</font>
				<label>[COLOR=$INFO[Skin.String(colorheader)]]$LOCALIZE[31530]: [/COLOR]$INFO[ListItem.Plot]</label>
				<textcolor>FFFFFAF0</textcolor>
				<autoscroll delay="10000" time="4000" repeat="10000">!Skin.HasSetting(noinfoplotscroll)</autoscroll>
				<visible>Container.Content(tvshows) + Skin.HasSetting(original_size)</visible>
				<visible>String.IsEmpty(Window(Home).Property(SkinHelper.ListItem.IMDB.Top250))</visible>
			</control>

			<control type="textbox">
				<!-- Plot tvshows IMDb Top 250 -->
				<left>45</left>
				<top>480</top>
				<width>992</width>
				<height>200</height>
				<align>justify</align>
				<font>Font_18A</font>
				<label>[COLOR=$INFO[Skin.String(colorheader)]]$LOCALIZE[31530]: [/COLOR]$INFO[ListItem.Plot]</label>
				<textcolor>FFFFFAF0</textcolor>
				<autoscroll delay="15000" time="5000" repeat="15000">!Skin.HasSetting(noinfoplotscroll)</autoscroll>
				<visible>Container.Content(tvshows) + !Skin.HasSetting(original_size)</visible>
				<visible>!String.IsEmpty(Window(Home).Property(SkinHelper.ListItem.IMDB.Top250))</visible>
			</control>
			<control type="textbox">
				<!-- Plot tvshows IMDb Top 250 -->
				<left>45</left>
				<top>480</top>
				<width>992</width>
				<height>200</height>
				<align>justify</align>
				<font>Font_plot_big</font>
				<label>[COLOR=$INFO[Skin.String(colorheader)]]$LOCALIZE[31530]: [/COLOR]$INFO[ListItem.Plot]</label>
				<textcolor>FFFFFAF0</textcolor>
				<autoscroll delay="10000" time="4000" repeat="10000">!Skin.HasSetting(noinfoplotscroll)</autoscroll>
				<visible>Container.Content(tvshows) + Skin.HasSetting(original_size)</visible>
				<visible>!String.IsEmpty(Window(Home).Property(SkinHelper.ListItem.IMDB.Top250))</visible>
			</control>
			<!-- Plot music videos -->
			<control type="textbox">
				<left>45</left>
				<top>480</top>
				<width>992</width>
				<height>200</height>
				<align>justify</align>
				<font>Font_18A</font>
				<label>$INFO[ListItem.Plot]</label>
				<textcolor>FFFFFAF0</textcolor>
				<autoscroll delay="15000" time="5000" repeat="15000">!Skin.HasSetting(noinfoplotscroll)</autoscroll>
				<visible>Container.Content(musicvideos)+ !Skin.HasSetting(original_size)</visible>
			</control>
			<control type="textbox">
				<left>45</left>
				<top>480</top>
				<width>992</width>
				<height>200</height>
				<align>justify</align>
				<font>Font_plot_big</font>
				<label>$INFO[ListItem.Plot]</label>
				<textcolor>FFFFFAF0</textcolor>
				<autoscroll delay="10000" time="4000" repeat="10000">!Skin.HasSetting(noinfoplotscroll)</autoscroll>
				<visible>Container.Content(musicvideos) + Skin.HasSetting(original_size)</visible>
			</control>

			<!-- Plot movies -->
			<control type="textbox">
				<left>45</left>
				<top>480</top>
				<width>992</width>
				<height>200</height>
				<align>justify</align>
				<font>Font_18A</font>
				<label>[COLOR=$INFO[Skin.String(colorheader)]]$LOCALIZE[31530]: [/COLOR]$INFO[ListItem.Plot]</label>
				<textcolor>FFFFFAF0</textcolor>
				<autoscroll delay="15000" time="5000" repeat="15000">!Skin.HasSetting(noinfoplotscroll)</autoscroll>
				<visible>Container.Content(movies) + !Skin.HasSetting(original_size)</visible>
				<visible>Skin.HasSetting(detail_info)</visible>
			</control>
			<control type="textbox">
				<left>45</left>
				<top>480</top>
				<width>992</width>
				<height>200</height>
				<align>justify</align>
				<font>Font_plot_big</font>
				<label>[COLOR=$INFO[Skin.String(colorheader)]]$LOCALIZE[31530]: [/COLOR]$INFO[ListItem.Plot]</label>
				<textcolor>FFFFFAF0</textcolor>
				<autoscroll delay="10000" time="4000" repeat="10000">!Skin.HasSetting(noinfoplotscroll)</autoscroll>
				<visible>Container.Content(movies) + Skin.HasSetting(original_size)</visible>
				<visible>Skin.HasSetting(detail_info)</visible>
			</control>

			<!-- Plot episodes -->
			<control type="textbox">
				<left>45</left>
				<top>480</top>
				<width>990</width>
				<height>200</height>
				<align>justify</align>
				<font>Font_18A</font>
				<label>[COLOR=$INFO[Skin.String(colorheader)]]$LOCALIZE[31530]: [/COLOR]$INFO[ListItem.Plot]</label>
				<textcolor>FFFFFAF0</textcolor>
				<autoscroll delay="15000" time="5000" repeat="15000">!Skin.HasSetting(noinfoplotscroll)</autoscroll>
				<visible>Container.Content(episodes) + !Skin.HasSetting(original_size)</visible>
			</control>
			<control type="textbox">
				<left>45</left>
				<top>480</top>
				<width>990</width>
				<height>200</height>
				<align>justify</align>
				<font>Font_18A</font>
				<label>[COLOR=$INFO[Skin.String(colorheader)]]$LOCALIZE[31530]: [/COLOR]$INFO[ListItem.Plot]</label>
				<textcolor>FFFFFAF0</textcolor>
				<autoscroll delay="10000" time="4000" repeat="10000">!Skin.HasSetting(noinfoplotscroll)</autoscroll>
				<visible>Container.Content(episodes) + Skin.HasSetting(original_size)</visible>
			</control>

			<!-- Critics Consensus + imdb top250 -->
			<control type="group">
				<visible>!Skin.HasSetting(detail_info)</visible>		
				<control type="textbox">
					<left>45</left>
					<top>470</top>
					<width>700</width>
					<height>140</height>
					<align>justify</align>
					<font>Font_18A</font>
					<label>[COLOR=$INFO[Skin.String(colorheader)]]$LOCALIZE[32400]: [/COLOR]$INFO[Window(Home).Property(SkinHelper.ListItem.RottenTomatoes.Consensus)]</label>
					<textcolor>FFFFFAF0</textcolor>
					<autoscroll delay="15000" time="5000" repeat="15000">!Skin.HasSetting(noinfoplotscroll)</autoscroll>
					<visible>Container.Content(movies) + !Skin.HasSetting(original_size)</visible>
					<visible>!String.IsEmpty(Window(Home).Property(SkinHelper.ListItem.IMDB.Top250))</visible>
				</control>
				<control type="textbox">
					<left>45</left>
					<top>470</top>
					<width>700</width>
					<height>140</height>
					<align>justify</align>
					<font>Font_plot_big</font>
					<label>[COLOR=$INFO[Skin.String(colorheader)]]$LOCALIZE[32400]: [/COLOR]$INFO[Window(Home).Property(SkinHelper.ListItem.RottenTomatoes.Consensus)]</label>
					<textcolor>FFFFFAF0</textcolor>
					<autoscroll delay="10000" time="4000" repeat="10000">!Skin.HasSetting(noinfoplotscroll)</autoscroll>
					<visible>Container.Content(movies) + Skin.HasSetting(original_size)</visible>
					<visible>!String.IsEmpty(Window(Home).Property(SkinHelper.ListItem.IMDB.Top250))</visible>
				</control>
			</control>

			<!-- Critics Consensus -->
			<control type="group">
				<visible>!Skin.HasSetting(detail_info)</visible>		
				<control type="textbox">
					<left>45</left>
					<top>470</top>
					<width>992</width>
					<height>140</height>
					<align>justify</align>
					<font>Font_18A</font>
					<label>[COLOR=$INFO[Skin.String(colorheader)]]$LOCALIZE[32400]: [/COLOR]$INFO[Window(Home).Property(SkinHelper.ListItem.RottenTomatoes.Consensus)]</label>
					<textcolor>FFFFFAF0</textcolor>
					<autoscroll delay="15000" time="5000" repeat="15000">!Skin.HasSetting(noinfoplotscroll)</autoscroll>
					<visible>Container.Content(movies) + !Skin.HasSetting(original_size)</visible>
					<visible>String.IsEmpty(Window(Home).Property(SkinHelper.ListItem.IMDB.Top250))</visible>
				</control>
				<control type="textbox">
					<left>45</left>
					<top>470</top>
					<width>992</width>
					<height>140</height>
					<align>justify</align>
					<font>Font_plot_big</font>
					<label>[COLOR=$INFO[Skin.String(colorheader)]]$LOCALIZE[32400]: [/COLOR]$INFO[Window(Home).Property(SkinHelper.ListItem.RottenTomatoes.Consensus)]</label>
					<textcolor>FFFFFAF0</textcolor>
					<autoscroll delay="10000" time="4000" repeat="10000">!Skin.HasSetting(noinfoplotscroll)</autoscroll>
					<visible>Container.Content(movies) + Skin.HasSetting(original_size)</visible>
					<visible>String.IsEmpty(Window(Home).Property(SkinHelper.ListItem.IMDB.Top250))</visible>
				</control>
			</control>

			<!-- Awards -->
			<control type="group">
				<visible>!Skin.HasSetting(detail_info)</visible>		
				<control type="textbox">
					<left>45</left>
					<top>610</top>
					<width>992</width>
					<height>80</height>
					<align>justify</align>
					<font>Font_18A</font>
					<label>[COLOR=$INFO[Skin.String(colorheader)]]$LOCALIZE[32401]: [/COLOR]$INFO[Window(Home).Property(SkinHelper.ListItem.Awards)]</label>
					<textcolor>FFFFFAF0</textcolor>
					<autoscroll delay="15000" time="5000" repeat="15000">!Skin.HasSetting(noinfoplotscroll)</autoscroll>
					<visible>Container.Content(movies) + !Skin.HasSetting(original_size)</visible>
				</control>
				<control type="textbox">
					<left>45</left>
					<top>610</top>
					<width>992</width>
					<height>80</height>
					<align>justify</align>
					<font>Font_plot_big</font>
					<label>[COLOR=$INFO[Skin.String(colorheader)]]$LOCALIZE[32401]: [/COLOR]$INFO[Window(Home).Property(SkinHelper.ListItem.Awards)]</label>
					<textcolor>FFFFFAF0</textcolor>
					<autoscroll delay="10000" time="4000" repeat="10000">!Skin.HasSetting(noinfoplotscroll)</autoscroll>
					<visible>Container.Content(movies) + Skin.HasSetting(original_size)</visible>
				</control>
			</control>	

			<!--##############################################################################################  Rating  ############################################################################################################### -->		
			<control  type="group">
				<visible>!Skin.HasSetting(detail_info)</visible>
				<visible>Container.Content(movies)</visible>
				<animation effect="slide" start="0,450" end="0,0" time="500" tween="sine" easing="out">WindowOpen</animation>
				<animation effect="slide" start="0,450" end="0,0" time="500" tween="sine" easing="out">Visible</animation>
				<animation effect="slide" start="0,0" end="0,450" time="500" tween="sine" easing="in">Hidden</animation>
				<control type="label">
					<!-- RT Critic -->
<!--					<left>665</left>-->
					<left>685</left>
					<top>150</top>
					<height>217.5</height>
					<width>285</width>
					<aspectratio>keep</aspectratio>
					<font>Font_18A</font>
<!--					<label fallback="19055">[B]$INFO[Window(Home).Property(SkinHelper.ListItem.RottenTomatoes.Meter)]%[/B]</label>-->
					<label fallback="19055">[B]$INFO[Window(Home).Property(SkinHelper.ListItem.RottenTomatoes.Meter)]%[/B]</label>
					<visible>!Container.Content(episodes)</visible>
				</control>
				<control type="label">
					<!-- RT Critic Number	-->
<!--					<left>565</left>-->
					<left>585</left>
					<top>207</top>
					<height>217.5</height>
					<width>285</width>
					<aspectratio>keep</aspectratio>
					<font>Font_18A</font>
					<label fallback="19055">  $INFO[Window(Home).Property(SkinHelper.ListItem.RottenTomatoes.Reviews)] CRITICS</label>
					<visible>!Container.Content(episodes)</visible>
				</control>
				<control type="image">
					<!-- RTCritic <59%-->
					<description>Rotten logo 59% or less</description>
<!--					<left>574</left>-->
					<left>594</left>
					<top>216</top>
					<height>80</height>
					<aspectratio align="left">keep</aspectratio>
					<visible>!Integer.IsGreater(Window(Home).Property(SkinHelper.ListItem.RottenTomatoes.Meter), 59)</visible>
					<texture>flags/ratingimages/rotten.png</texture>
				</control>
				<control type="image">
					<!-- RTCritic <60-74%-->
					<description>Tomato logo Between 60-74% only</description>
<!--					<left>574</left>-->
					<left>594</left>
					<top>213</top>
					<height>80</height>
					<aspectratio align="left">keep</aspectratio>
					<visible>Integer.IsGreater(Window(Home).Property(SkinHelper.ListItem.RottenTomatoes.Meter), 59) + !Integer.IsGreater(Window(Home).Property(SkinHelper.ListItem.RottenTomatoes.Rating), 75)</visible>
					<texture>flags/ratingimages/fresh.png</texture>
				</control>
				<control type="image">
					<!-- RTCritic >75%-->
					<description>Certified Fresh logo 75%+ only</description>
<!--					<left>574</left>-->
					<left>594</left>
					<top>216</top>
					<height>80</height>
					<aspectratio align="left">keep</aspectratio>
					<visible>Integer.IsGreater(Window(Home).Property(SkinHelper.ListItem.RottenTomatoes.Meter), 75)</visible>
					<texture>flags/ratingimages/cf-lg.png</texture>
				</control>

				<control type="label">
					<!-- RT Audience -->
					<left>950</left>
					<top>150</top>
					<height>217.5</height>
					<width>285</width>
					<aspectratio align="center">keep</aspectratio>
					<font>Font_18A</font>
					<label fallback="19055">[B]$INFO[Window(Home).Property(SkinHelper.ListItem.RottenTomatoes.UserMeter)]%[/B]</label>
					<visible>!Container.Content(episodes)</visible>
				</control>
				<control type="label">
					<!-- RT Audience Number -->
					<left>834</left>
					<top>207</top>
					<height>217.5</height>
					<width>285</width>
					<aspectratio align="center">keep</aspectratio>
					<font>Font_18A</font>
					<label fallback="19055">  $INFO[Window(Home).Property(SkinHelper.ListItem.RottenTomatoes.UserReviews)] USERS</label>
					<visible>!Container.Content(episodes)</visible>
				</control>
				<control type="image">
					<description>Popcorn Logo</description>
					<left>868</left>
					<top>216</top>
					<height>80</height>
					<aspectratio align="left">keep</aspectratio>
					<visible>Integer.IsGreater(Window(Home).Property(SkinHelper.ListItem.RottenTomatoes.UserMeter), 59)</visible>
					<texture>flags/ratingimages/popcorn.png</texture>
				</control>
				<control type="image">
					<description>Popcorn - Rotten Logo</description>
					<left>854</left>
					<top>220</top>
					<height>75</height>
					<aspectratio align="left">keep</aspectratio>
					<visible>!Integer.IsGreater(Window(Home).Property(SkinHelper.ListItem.RottenTomatoes.UserMeter), 59)</visible>
					<texture>flags/ratingimages/spilt.png</texture>
				</control>

				<control type="label">
					<!-- IMDb Rating -->
<!--					<left>680</left>-->
					<left>700</left>
					<top>280</top>
					<height>217.5</height>
					<width>285</width>
					<aspectratio align="center">keep</aspectratio>
					<font>Font_18A</font>
					<label fallback="19055">[B]$INFO[Window(Home).Property(SkinHelper.ListItem.Rating.IMDB)][/B]</label>
				</control>
				<control type="label">
					<!-- IMDb Number -->
<!--					<left>540</left>-->
					<left>560</left>
					<top>337.5</top>
					<height>217.5</height>
					<width>285</width>
					<aspectratio align="center">keep</aspectratio>
					<font>Font_18A</font>
					<label fallback="19055">  $INFO[Window(Home).Property(SkinHelper.ListItem.Votes.IMDB)] USERS</label>
				</control>
				<control type="image">
					<!-- IMDb Logo-->
<!--					<left>562</left>-->
					<left>582</left>
					<top>361</top>
					<height>53</height>
					<aspectratio align="left">keep</aspectratio>
					<texture>flags/ratingimages/imdb.png</texture>
				</control>

				<control type="label">
					<!-- MetaCritic -->
					<left>950</left>
					<top>280</top>
					<height>217.5</height>
					<width>285</width>
					<aspectratio>keep</aspectratio>
					<font>Font_18A</font>
					<label fallback="19055">[B]$INFO[Window(Home).Property(SkinHelper.ListItem.MetaCritic.Rating)]%[/B]</label>
					<visible>!Container.Content(episodes)</visible>
				</control>
				<control type="label">
					<!-- MetaCritic Number -->
					<left>838</left>
					<top>337.5</top>
					<height>217.5</height>
					<width>285</width>
					<aspectratio align="center">keep</aspectratio>
					<font>Font_18A</font>
					<label fallback="19055">  METACRITICS$INFO[Window(Home).Property(SkinHelper.MetaCritic)]</label>
				</control>
				<control type="image">
					<!-- MetaCritic Logo-->
					<left>854</left>
					<top>348</top>
					<height>77</height>
					<aspectratio align="left">keep</aspectratio>
					<texture>flags/ratingimages/metacritic.png</texture>
				</control>
			</control>

			<!-- IMDb top 250 movies-->
			<control type="image">
				<!-- IMDb top 250 Logo-->
				<left>845</left>
				<top>488</top>
				<height>68</height>
				<aspectratio align="left">keep</aspectratio>
				<texture>flags/ratingimages/imdbtop250.png</texture>
				<visible>!String.IsEmpty(Window(Home).Property(SkinHelper.ListItem.IMDB.Top250))</visible>
				<visible>!Skin.HasSetting(detail_info)</visible>
				<animation effect="slide" start="0,450" end="0,0" time="500" tween="sine" easing="out">WindowOpen</animation>
				<animation effect="slide" start="0,450" end="0,0" time="500" tween="sine" easing="out">Visible</animation>
				<animation effect="slide" start="0,0" end="0,450" time="500" tween="sine" easing="in">Hidden</animation>
				<visible>Container.Content(movies)</visible>
			</control>
			<control type="label">
				<!-- IMDb top 250 number -->
				<left>924</left>
				<top>470</top>
				<height>100</height>
				<width>100</width>
				<aspectratio>keep</aspectratio>
				<align>center</align>
				<font>Font_18A</font>
				<label fallback="19055">[B]#$INFO[Window(Home).Property(SkinHelper.ListItem.IMDB.Top250)][/B]</label>
				<visible>!String.IsEmpty(Window(Home).Property(SkinHelper.ListItem.IMDB.Top250))</visible>
				<visible>!Skin.HasSetting(detail_info)</visible>
				<animation effect="slide" start="0,450" end="0,0" time="500" tween="sine" easing="out">WindowOpen</animation>
				<animation effect="slide" start="0,450" end="0,0" time="500" tween="sine" easing="out">Visible</animation>
				<animation effect="slide" start="0,0" end="0,450" time="500" tween="sine" easing="in">Hidden</animation>
				<visible>Container.Content(movies)</visible>
			</control>

			<!-- IMDb top 250 tvshows-->
			<control type="image">
				<!-- IMDb top 250 Logo-->
				<left>1132</left>
				<top>520</top>
				<height>130</height>
				<aspectratio align="left">keep</aspectratio>
				<texture>flags/ratingimages/imdbtop250.png</texture>
				<visible>!String.IsEmpty(Window(Home).Property(SkinHelper.ListItem.IMDB.Top250))</visible>
				<animation effect="slide" start="0,450" end="0,0" time="500" tween="sine" easing="out">WindowOpen</animation>
				<animation effect="slide" start="0,450" end="0,0" time="500" tween="sine" easing="out">Visible</animation>
				<animation effect="slide" start="0,0" end="0,450" time="500" tween="sine" easing="in">Hidden</animation>
				<visible>Container.Content(tvshows)</visible>
			</control>
			<control type="label">
				<!-- IMDb top 250 number -->
				<left>1320</left>
				<top>540</top>
				<height>100</height>
				<width>140</width>
				<aspectratio>keep</aspectratio>
				<align>center</align>
				<font>Font_top250</font>
				<label fallback="19055">#$INFO[Window(Home).Property(SkinHelper.ListItem.IMDB.Top250)]</label>
				<visible>!String.IsEmpty(Window(Home).Property(SkinHelper.ListItem.IMDB.Top250))</visible>
				<animation effect="slide" start="0,450" end="0,0" time="500" tween="sine" easing="out">WindowOpen</animation>
				<animation effect="slide" start="0,450" end="0,0" time="500" tween="sine" easing="out">Visible</animation>
				<animation effect="slide" start="0,0" end="0,450" time="500" tween="sine" easing="in">Hidden</animation>
				<visible>Container.Content(tvshows)</visible>
			</control>
			<!--##############################################################################################  Artwork  ############################################################################################################# -->
			<!-- TV Show Artwork -->
			<control type="image">
				<!-- Characterart -->
				<left>821</left>
				<top>209</top>
				<height>255</height>
				<width>258</width>
				<aspectratio>keep</aspectratio>
				<align>center</align>
				<aligny>center</aligny>
				<texture background="true">$INFO[ListItem.Art(characterart)]</texture>
				<visible>Container.Content(tvshows)</visible>
				<visible>!String.IsEmpty(ListItem.Art(characterart))</visible>
			</control>
			<control type="image">
				<!-- Logo -->
				<left>1132</left>
				<top>105</top>
				<height>218</height>
				<width>285</width>
				<aspectratio>keep</aspectratio>
				<texture background="true">$INFO[ListItem.Art(clearlogo)]</texture>
				<visible>!Container.Content(episodes) + !Container.Content(movies)</visible>
				<include>Animation_VisibleChange200</include>
				<!--				<animation type="WindowOpen" reversible="false">
					<effect type="slide" start="1425,-300" end="0" delay="800" time="4120" tween="quadratic" easing="out" />
					<effect type="rotate" start="0" end="-720" center="auto" delay="800" time="4120" tween="quadratic" easing="out" />
					<effect type="zoom" start="120" center="auto" end="100" delay="5120" time="140" tween="quadratic" easing="out" />
				</animation>-->
			</control>
			<control type="image">
				<!-- ClearArt -->
				<left>1132</left>
				<top>261</top>
				<height>248</height>
				<width>285</width>
				<aspectratio align="center">keep</aspectratio>
				<texture background="true">$INFO[ListItem.Art(clearart)]</texture>
				<visible>!Container.Content(episodes) + !Container.Content(movies)</visible>
				<include>Animation_VisibleChange200</include>
				<!--				<animation type="WindowOpen" reversible="false">
					<effect type="slide" start="-1440,-300" end="0" delay="800" time="4120" tween="quadratic" easing="out" />
					<effect type="rotate" start="0" end="720" center="auto" delay="800" time="4120" tween="quadratic" easing="out" />
					<effect type="zoom" start="120" center="auto" end="100" delay="5120" time="140" tween="quadratic" easing="out" />
				</animation>
-->
			</control>

			<!-- Movie Artwork -->
			<control type="image">
				<!-- Dialogue Middle Art -->
				<left>1132</left>
				<top>105</top>
				<height>218</height>
				<width>285</width>
				<aspectratio align="center">keep</aspectratio>
				<texture background="true">$VAR[value_dialoguemiddleart]</texture>
				<visible>!Container.Content(episodes) + !Container.Content(tvshows)</visible>
				<include>Animation_VisibleChange200</include>
				<!--				<animation type="WindowOpen" reversible="false">
					<effect type="slide" start="1425,-300" end="0" delay="800" time="4120" tween="quadratic" easing="out" />
					<effect type="rotate" start="0" end="-720" center="auto" delay="800" time="4120" tween="quadratic" easing="out" />
					<effect type="zoom" start="120" center="auto" end="100" delay="5120" time="140" tween="quadratic" easing="out" />
				</animation>
-->
			</control>
			<control type="image">
				<!-- Show Discart, Left -->
				<posx>1093</posx>
				<posy>313</posy>
				<height>372</height>
				<width>375</width>
				<aspectratio>keep</aspectratio>
				<texture background="true">$VAR[value_discartanimation]</texture>
				<visible>Skin.String(discanimation,leftspinning) + !Container.Content(episodes) + !Container.Content(tvshows)</visible>
				<include>Animation_VisibleChange200</include>
				<animation type="WindowOpen" reversible="false">
					<effect type="slide" start="-1500,0" end="0" delay="800" time="4120" tween="quadratic" easing="out" />
					<effect type="rotate" start="0" end="-720" center="auto" delay="800" time="4120" tween="quadratic" easing="out" />
					<effect type="zoom" start="104" center="auto" end="100" delay="5120" time="140" tween="quadratic" easing="out" />
				</animation>
				<animation effect="rotate" end="-360" center="auto" delay="4600" time="9000" loop="true" reversible="true" condition="System.IdleTime(2)">Conditional</animation>
			</control>
			<control type="image">
				<!-- Show Discart, Right -->
				<posx>1093</posx>
				<posy>313</posy>
				<height>372</height>
				<width>375</width>
				<aspectratio>keep</aspectratio>
				<texture background="true">$VAR[value_discartanimation]</texture>
				<visible>Skin.String(discanimation,rightspinning) + !Container.Content(episodes) + !Container.Content(tvshows)</visible>
				<include>Animation_VisibleChange200</include>
				<animation type="WindowOpen" reversible="false">
					<effect type="slide" start="235,0" end="0" delay="800" time="1200" tween="quadratic" easing="out"/>
				</animation>
				<animation effect="rotate" end="-360" center="auto" delay="3800" time="9000" loop="true" reversible="true" condition="System.IdleTime(2)">Conditional</animation>
			</control>
			<control type="image">
				<!-- Show Discart, Spinning -->
				<posx>1093</posx>
				<posy>313</posy>
				<height>372</height>
				<width>375</width>
				<aspectratio>keep</aspectratio>
				<texture background="true">$VAR[value_discartanimation]</texture>
				<visible>Skin.String(discanimation,spinning) + !Container.Content(episodes) + !Container.Content(tvshows)</visible>
				<include>Animation_VisibleChange200</include>
				<animation effect="rotate" end="-360" center="auto" delay="3800" time="18000" loop="true" reversible="true" condition="System.IdleTime(2)">Conditional</animation>
			</control>
			<control type="image">
				<!-- Show Discart, No Animation -->
				<posx>1093</posx>
				<posy>313</posy>
				<height>372</height>
				<width>375</width>
				<aspectratio>keep</aspectratio>
				<texture background="true">$VAR[value_discartanimation]</texture>
				<visible>Skin.String(discanimation,noanimation) + !Container.Content(episodes) + !Container.Content(tvshows)</visible>
				<include>Animation_VisibleChange200</include>
			</control>

			<control type="image">
				<!-- Thumb -->
				<left>1480</left>
				<top>123</top>
				<width>784</width>
				<height>573</height>
				<aspectratio align="left">keep</aspectratio>
				<texture background="true">$VAR[value_poster]</texture>
				<bordertexture border="-2">black.png</bordertexture>
				<animation effect="slide" end="-399,0" time="0" condition="Container.Content(episodes)">Conditional</animation>
				<visible>!Container.Content(musicvideos)</visible>
			</control>
			<control type="image">
				<left>1740</left>
				<top>110</top>
				<width>150</width>
				<height>150</height>
				<texture colordiffuse="$INFO[Skin.String(colorwatched)]">circle/$INFO[ListItem.PercentPlayed,,.png]</texture>
				<!--				<visible>Integer.IsGreater(ListItem.PercentPlayed,0) + Skin.HasSetting(progress_info)</visible>-->
				<visible>[Integer.IsGreater(ListItem.PercentPlayed,0) + Skin.HasSetting(progress_info)] + ![!Skin.HasSetting(nooverlays) + String.IsEqual(ListItem.Overlay,OverlayWatched.png)]</visible>
			</control>
			<control type="image">
				<left>1740</left>
				<top>110</top>
				<width>150</width>
				<height>150</height>
				<texture>$VAR[value_watchedstyle]</texture>
				<colordiffuse>$INFO[Skin.String(colorwatched)]</colordiffuse>
				<aspectratio align="center" aligny="top">keep</aspectratio>
				<visible>!Skin.HasSetting(nooverlays) + String.IsEqual(ListItem.Overlay,OverlayWatched.png)</visible>
			</control>

			<control type="image">
				<left>1479</left>
				<top>120</top>
				<width>3</width>
				<height>576</height>
				<texture>separator_v.png</texture>
				<animation effect="slide" end="-399,0" time="0" condition="Container.Content(episodes)">Conditional</animation>
				<visible>!Container.Content(musicvideos)</visible>
			</control>
			<control type="image">
				<left>0</left>
				<top>120</top>
				<height>3</height>
				<width>1920</width>
				<texture>separator.png</texture>
				<visible>!Container.Content(musicvideos)</visible>
			</control>

			<control type="image">
				<!-- Thumb Music Videos -->
				<left>1480</left>
				<top>123</top>
				<width>784</width>
				<height>573</height>
				<aspectratio align="left">keep</aspectratio>
				<texture background="true">$VAR[value_poster]</texture>
				<bordertexture border="-2">black.png</bordertexture>
				<animation effect="slide" end="-399,0" time="0" condition="Container.Content(musicvideos)">Conditional</animation>
				<visible>Container.Content(musicvideos)</visible>
			</control>
			<control type="image">
				<left>1479</left>
				<top>120</top>
				<width>3</width>
				<height>576</height>
				<texture>separator_v.png</texture>
				<animation effect="slide" end="-399,0" time="0" condition="Container.Content(musicvideos)">Conditional</animation>
				<visible>Container.Content(musicvideos)</visible>
			</control>
			<control type="image">
				<left>0</left>
				<top>120</top>
				<height>3</height>
				<width>1920</width>
				<texture>separator.png</texture>
				<visible>Container.Content(musicvideos)</visible>
			</control>
			<!--####################################################################################################################################################################################################################### -->
			<control type="image">
				<!-- Fundo do rodape -->
				<left>0</left>
				<top>975</top>
				<width>1920</width>
				<height>105</height>
				<texture>shadow_mask.png</texture>
				<colordiffuse>$INFO[Skin.String(colorfloor)]</colordiffuse>
			</control>
			<control type="image">
				<left>0</left>
				<top>741</top>
				<height>279</height>
				<width>1920</width>
				<texture>darkgrey.png</texture>
				<colordiffuse>$INFO[Skin.String(colortexture)]</colordiffuse>
				<include>Animation_DefaultGlass</include>
			</control>
			<control type="grouplist">
				<!-- Etiquetas -->
				<left>30</left>
				<top>1016</top>
				<orientation>horizontal</orientation>
				<itemgap>33</itemgap>
				<animation effect="slide" start="0,450" end="0,0" time="500" tween="sine" easing="out">WindowOpen</animation>
				<animation effect="slide" start="0,450" end="0,0" time="500" tween="sine" easing="out">Visible</animation>
				<animation effect="slide" start="0,0" end="0,450" time="500" tween="sine" easing="in">Hidden</animation>
				<visible>Control.HasFocus(149)</visible>
				<include>FlagsContent</include>
			</control>
			<control type="group">
				<!-- Nome do Elenco -->
				<left>0</left>
				<top>1028</top>
				<animation effect="slide" start="0,450" end="0,0" time="500" tween="sine" easing="out">WindowOpen</animation>
				<animation effect="slide" start="0,450" end="0,0" time="500" tween="sine" easing="out">Visible</animation>
				<animation effect="slide" start="0,0" end="0,450" time="500" tween="sine" easing="in">Hidden</animation>
				<visible>Control.HasFocus(50)</visible>
				<control type="label">
					<left>45</left>
					<top>0</top>
					<width>600</width>
					<height>40</height>
					<align>left</align>
					<aligny>center</aligny>
					<font>Font_plot</font>
					<label>31703</label>
					<textcolor>$INFO[Skin.String(colorflags)]</textcolor>
				</control>
				<control type="label">
					<left>472</left>
					<top>0</top>
					<width>975</width>
					<align>center</align>
					<aligny>center</aligny>
					<font>Font_list</font>
					<label>$INFO[Container(50).ListItem.Label]$INFO[Container(50).ListItem.Label2, $LOCALIZE[20347] ,]</label>
					<textcolor>$INFO[Skin.String(colorflags)]</textcolor>
					<scroll>true</scroll>
				</control>
			</control>
			<control type="image">
				<left>0</left>
				<top>1020</top>
				<height>64</height>
				<width>1920</width>
				<texture>gradient_small.png</texture>
			</control>
			<control type="image">
				<!-- Cast -->
				<left>0</left>
				<top>1018</top>
				<width>1928</width>
				<height>45</height>
				<texture flipy="true">shadow_h.png</texture>
				<colordiffuse>C3FFFFFF</colordiffuse>
			</control>
			<control type="image">
				<left>0</left>
				<top>741</top>
				<height>279</height>
				<width>1920</width>
				<texture>darkgrey.png</texture>
				<colordiffuse>$INFO[Skin.String(colortexture)]</colordiffuse>
				<include>Animation_DefaultGlass</include>
			</control>
			<control type="list" id="50">
				<viewtype label="List">List Info</viewtype>
				<left>45</left>
				<top>738</top>
				<width>1830</width>
				<height>330</height>
				<onup>149</onup>
				<ondown>Skin.Reset(coverzoom)</ondown>
				<ondown>SetFocus(160)</ondown>
				<ondown>Skin.SetBool(artistzoom)</ondown>
				<orientation>horizontal</orientation>
				<scrolltime>400</scrolltime>
				<focusposition>3</focusposition>
				<itemlayout height="255" width="272">
					<control type="image">
						<left>2</left>
						<top>8</top>
						<width>195</width>
						<height>270</height>
						<aligny>center</aligny>
						<align>center</align>
						<aspectratio>keep</aspectratio>
						<texture fallback="DefaultVideoPoster.png" background="true">$INFO[ListItem.Icon]</texture>
						<bordertexture border="-2">black.png</bordertexture>
						<colordiffuse>FF909090</colordiffuse>
					</control>
				</itemlayout>
				<focusedlayout height="255" width="272">
					<control type="image">
						<left>2</left>
						<top>8</top>
						<width>195</width>
						<height>270</height>
						<aligny>center</aligny>
						<align>center</align>
						<aspectratio>keep</aspectratio>
						<texture fallback="DefaultVideoPoster.png" background="true">$INFO[ListItem.Icon]</texture>
						<bordertexture border="-2">black.png</bordertexture>
						<colordiffuse>FF909090</colordiffuse>
						<include>Animation_Fade</include>
						<visible>!Control.HasFocus(50)</visible>
					</control>
					<control type="image">
						<left>2</left>
						<top>8</top>
						<width>195</width>
						<height>270</height>
						<aligny>center</aligny>
						<align>center</align>
						<aspectratio>keep</aspectratio>
						<texture fallback="DefaultVideoPoster.png" background="true">$INFO[ListItem.Icon]</texture>
						<bordertexture border="-2">grey.png</bordertexture>
						<include>Animation_Fade</include>
						<visible>Control.HasFocus(50)</visible>
					</control>
				</focusedlayout>
			</control>
			<!-- Menu bar -->
			<control type="group">	
				<left>0</left>
				<top>698</top>
				<control type="image">
					<left>0</left>
					<top>-45</top>
					<width>1928</width>
					<height>45</height>
					<texture>shadow_h.png</texture>
					<colordiffuse>C3FFFFFF</colordiffuse>
				</control>
				<control type="image">
					<left>0</left>
					<top>44</top>
					<width>1928</width>
					<height>45</height>
					<texture flipy="true">shadow_h.png</texture>
					<colordiffuse>C3FFFFFF</colordiffuse>
				</control>
				<control type="image">
					<left>0</left>
					<top>0</top>
					<width>1920</width>
					<height>45</height>
					<texture>darkgrey.png</texture>
					<colordiffuse>$INFO[Skin.String(colortexture)]</colordiffuse>
					<include>Animation_DefaultGlass2</include>
				</control>
				<control type="list" id="149">
					<left>0</left>
					<top>4</top>
					<width>1920</width>
					<height>38</height>
					<onup>Skin.Reset(artistzoom)</onup>
					<onup>Skin.SetBool(coverzoom)</onup>
					<onup>SetFocus(160)</onup>
					<ondown>50</ondown>
					<orientation>horizontal</orientation>
					<pagecontrol>-</pagecontrol>
					<scrolltime>300</scrolltime>
					<focusposition>3</focusposition>
					<itemlayout height="38" width="274">
						<control type="image">
							<left>0</left>
							<top>0</top>
							<width>1</width>
							<height>38</height>
							<texture>separator_v.png</texture>
						</control>
						<control type="label">
							<left>15</left>
							<top>1</top>
							<height>38</height>
							<width>243</width>
							<align>center</align>
							<aligny>center</aligny>
							<font>Font_button</font>
							<label>$INFO[ListItem.Label]</label>
							<textcolor>80FFFAF0</textcolor>
						</control>
					</itemlayout>
					<focusedlayout height="38" width="274">
						<control type="image">
							<left>0</left>
							<top>-2</top>
							<width>273</width>
							<height>40</height>
							<texture>grey.png</texture>
							<visible>Control.Hasfocus(149)</visible>
						</control>
						<control type="image">
							<left>0</left>
							<top>0</top>
							<width>1</width>
							<height>38</height>
							<texture>separator_v.png</texture>
						</control>
						<control type="label">
							<left>15</left>
							<top>1</top>
							<height>38</height>
							<width>243</width>
							<align>center</align>
							<aligny>center</aligny>
							<font>Font_button</font>
							<label>$INFO[ListItem.Label]</label>
							<textcolor>FF101010</textcolor>
							<visible>Control.Hasfocus(149)</visible>
						</control>
						<control type="label">
							<left>15</left>
							<top>1</top>
							<height>38</height>
							<width>243</width>
							<align>center</align>
							<aligny>center</aligny>
							<font>Font_button</font>
							<label>$INFO[ListItem.Label]</label>
							<textcolor>80FFFAF0</textcolor>
							<visible>!Control.Hasfocus(149)</visible>
						</control>
					</focusedlayout>
					<content>
						<!-- Resume -->
						<item id="2">	
							<label>13404</label>
							<onclick>SendClick(2003,9)</onclick>
						</item>
						<!-- Refresh -->
						<item id="1">	
							<label>31695</label>
							<onclick>SendClick(2003,6)</onclick>
							<visible>!Skin.HasSetting(kioskininfo)</visible>
						</item>
						<!-- info -->
						<item id="55">                            
							<label>info</label>
							<enabled>Skin.HasSetting(detail_info)</enabled>
							<onclick>Skin.ToggleSetting(detail_info)</onclick>
							<visible>Container.Content(movies)</visible>
						</item>
						<!-- Iniciar -->
						<item id="3">	
							<label>31700</label>
							<onclick>SendClick(2003,8)</onclick>
						</item>
						<!-- CinemaVision -->
						<item id="4">	
							<label>31066</label>
							<onclick>Dialog.Close(MovieInformation)</onclick>
							<onclick>RunScript(script.cinemavision,experience)</onclick>
							<visible>System.HasAddon(script.cinemavision) + !Skin.HasSetting(trailers) + [Container.Content(movies) | Container.Content(tvshows) | Container.Content(seasons) | Container.Content(episodes)]</visible>
						</item>
						<!-- Increase/Decrease Rating -->
						<item id="7">	
							<label>38023</label>
							<onclick>SendClick(2003,7)</onclick>
							<visible>!Skin.HasSetting(kioskininfo)</visible>
						</item>
						<!-- Extras -->
						<item id="23">	
							<label>31416</label>
							<onclick>RunScript(script.videoextras,display,"$INFO[ListItem.FilenameAndPath]")</onclick>
							<visible>System.HasAddon(script.videoextras) + [Container.Content(movies) | Container.Content(episodes) | Container.Content(TVShows)] + String.IsEmpty(Window(movieinformation).Property("HideVideoExtrasButton"))</visible>
						</item>
						<!-- Trailer Tela Cheia -->
						<item id="11">	
							<label>31701</label>
<!--							<onclick condition="!Skin.HasSetting(fullscreentrailer)">SetFocus(9930)</onclick>
							<onclick condition="!Skin.HasSetting(fullscreentrailer)">PlayMedia($INFO[ListItem.Trailer],1)</onclick>
							<onclick condition="Skin.HasSetting(fullscreentrailer)">SendClick(2003,11)</onclick>
							<visible>!String.IsEmpty(ListItem.Trailer)</visible>
-->							<onclick condition="System.HasAddon(plugin.video.youtube)">RunScript(script.skin.helper.service,action=searchyoutube,title=$INFO[ListItem.Title] Trailer,header=Search YouTube Trailers)</onclick>
							<onclick condition="!System.HasAddon(plugin.video.youtube)">ActivateWindow(Videos,plugin://plugin.video.youtube)</onclick>
							<visible>Container.Content(movies)</visible>
						</item>
						<!-- Escolher arte -->
						<item id="8">	
							<label>13511</label>
							<onclick>SendClick(2003,10)</onclick>
							<visible>!Skin.HasSetting(kioskininfo)</visible>
						</item>
						<!-- Escolher Fanart -->
						<item id="9">	
							<label>20413</label>
							<onclick>SendClick(2003,12)</onclick>
							<visible>![Container.Content(episodes) | Container.Content(seasons) | Skin.HasSetting(kioskininfo)]</visible>
						</item>
						<!-- TvTunes Obter tema Filmes -->
						<!--						<item id="21">	
							<label>31127</label>
							<onclick>RunScript(script.tvtunes,mode=solo)</onclick>
							<visible>Skin.HasSetting(ontvtunes) + System.HasAddon(script.tvtunes) + [Container.Content(movies) | Container.Content(tvshows)] + String.IsEmpty(Window(movieinformation).Property("TvTunes_HideVideoInfoButton"))</visible>
						</item>-->
						<!-- Editor de info -->
						<item id="20">	
							<label>31671</label>
							<onclick>RunScript(script.libraryeditor,DBID=$INFO[ListItem.DBID])</onclick>
							<visible>System.HasAddon(script.libraryeditor)</visible>
							<!--<visible>System.HasAddon(script.libraryeditor) + [Container.Content(Movies) | Container.Content(episodes)]</visible>-->
						</item>
						<!-- Filmes do Diretor -->
						<item id="13">	
							<label>31906</label>
							<onclick>SendClick(2003,13)</onclick>
							<visible>!String.IsEmpty(ListItem.Director)</visible>
						</item>
						<!-- Info do Director Info -->
						<item id="10">	
							<label>31883</label>
							<onclick>Dialog.Close(movieinformation)</onclick>
							<onclick>RunScript(script.extendedinfo,info=extendedactorinfo,name=$INFO[ListItem.Director])</onclick>
							<onclick>Skin.SetBool(coverzoom)</onclick>
							<visible>System.HasAddon(script.extendedinfo)</visible>
						</item>
						<!-- Info do Escritor -->
						<item id="31">	
							<label>31884</label>
							<onclick>Dialog.Close(movieinformation)</onclick>
							<onclick>RunScript(script.extendedinfo,info=extendedactorinfo,name=$INFO[ListItem.Writer])</onclick>
							<visible>System.HasAddon(script.extendedinfo)</visible>
						</item>
					</content>
				</control>
			</control>
			<control type="image">
				<left>0</left>
				<top>0</top>
				<width>1920</width>
				<height>1080</height>
				<texture>darkgrey.png</texture>
				<animation effect="fade" start="0" end="100" time="200">Visible</animation>
				<animation effect="fade" start="100" end="0" time="400">Hidden</animation>
				<visible>Control.HasFocus(160)</visible>
			</control>
			<control type="image">
				<left>0</left>
				<top>0</top>
				<width>1920</width>
				<height>1080</height>
				<texture>special://skin/backgrounds/extras/default.jpg</texture>
				<animation effect="fade" start="0" end="100" time="200">Visible</animation>
				<animation effect="fade" start="100" end="0" time="400">Hidden</animation>
				<visible>Control.HasFocus(160)</visible>
			</control>
			<control type="group">
				<left>-1920</left>
				<top>22</top>
				<animation effect="slide" start="0,0" end="1920,0" time="400" tween="cubic" easing="inout" condition="Control.HasFocus(160)">Conditional</animation>
				<animation effect="slide" start="0,0" end="0,-38" time="600" delay="1000" tween="cubic" easing="inout" condition="Control.HasFocus(160)">Conditional</animation>
				<control type="image">
					<left>600</left>
					<top>0</top>
					<width>720</width>
					<height>1050</height>
					<align>center</align>
					<texture>actor_border.png</texture>
					<animation effect="rotate" start="0,0" end="-2.0.0" center="auto" delay="1000" easing="out" tween="back" time="600" condition="Control.HasFocus(160)">Conditional</animation>
					<visible>Control.HasFocus(160) + [Skin.HasSetting(artistzoom) | Skin.HasSetting(actorzoom)]</visible>
				</control>
				<control type="image">
					<left>645</left>
					<top>48</top>
					<width>638</width>
					<height>960</height>
					<aspectratio>scale</aspectratio>
					<texture background="true">$INFO[Container(50).ListItem.Icon]</texture>
					<visible>Skin.HasSetting(artistzoom)</visible>
				</control>
				<control type="image">
					<left>-1860</left>
					<top>70</top>
					<width>1800</width>
					<height>960</height>
					<texture background="true">$VAR[value_poster]</texture>
					<aspectratio>keep</aspectratio>
					<fadetime>FanartCrossFadeTime</fadetime>
					<animation effect="slide" start="0,0" end="1920,0" time="400" tween="cubic" easing="inout" condition="Control.HasFocus(160)">Conditional</animation>
					<animation effect="slide" start="0,0" end="0,-38" time="600" delay="1000" tween="cubic" easing="inout" condition="Control.HasFocus(160)">Conditional</animation>
					<visible>Skin.HasSetting(coverzoom)</visible>
				</control>
				<control type="image">
					<left>600</left>
					<top>0</top>
					<width>720</width>
					<height>1050</height>
					<align>center</align>
					<texture>actor_border.png</texture>
					<visible>Skin.HasSetting(artistzoom)</visible>
				</control>
			</control>
			<control type="group">
				<visible>Control.HasFocus(160)</visible>
				<animation effect="slide" start="0,0" end="0,-120" time="600" delay="1000" tween="cubic" easing="inout" condition="Control.HasFocus(160)">Conditional</animation>
				<control type="image">
					<left>0</left>
					<top>1140</top>
					<height>60</height>
					<width>1920</width>
					<texture>darkgrey.png</texture>
					<colordiffuse>$INFO[Skin.String(colortexture)]</colordiffuse>
					<include>Animation_DefaultGlass2</include>
				</control>
				<control type="label">
					<left>0</left>
					<top>1140</top>
					<height>60</height>
					<width>1920</width>
					<align>center</align>
					<aligny>center</aligny>
					<label>$VAR[value_videoinfo_zoomlabel]</label>
					<font>Font_list</font>
					<textcolor>FFFFFAF0</textcolor>
					<scroll>true</scroll>
				</control>
				<control type="image">
					<left>0</left>
					<top>1140</top>
					<height>60</height>
					<width>1920</width>
					<texture>gradient_small.png</texture>
				</control>
			</control>
			<control type="button" id="160">
				<animation effect="slide" start="0,0" end="0,-120" time="600" delay="1000" tween="cubic" easing="inout" condition="Control.HasFocus(160) + System.HasAddon(script.extendedinfo) + Skin.HasSetting(artistzoom)">Conditional</animation>
				<top>1140</top>
				<width>450</width>
				<include>SettingsBottomButton</include>
				<label>$LOCALIZE[31798]</label>
				<onup condition="Skin.HasSetting(artistzoom)">SetFocus(50)</onup>
				<onup condition="Skin.HasSetting(coverzoom)">SetFocus(149)</onup>
				<ondown condition="Skin.HasSetting(artistzoom)">SetFocus(50)</ondown>
				<ondown condition="Skin.HasSetting(coverzoom)">SetFocus(149)</ondown>
				<onleft condition="Skin.HasSetting(artistzoom)">SetFocus(50)</onleft>
				<onleft condition="Skin.HasSetting(coverzoom)">SetFocus(149)</onleft>
				<onright condition="Skin.HasSetting(artistzoom)">SetFocus(50)</onright>
				<onright condition="Skin.HasSetting(coverzoom)">SetFocus(149)</onright>
				<onclick>Dialog.Close(movieinformation)</onclick>
				<onclick condition="Skin.HasSetting(artistzoom)">RunScript(script.extendedinfo,info=extendedactorinfo,name=$INFO[Container(50).ListItem.Label])</onclick>
			</control>
			<include>BGBlack</include>
			<include>TrailerWindow</include>
		</control>
	</controls>
</window>
