<?xml version="1.0" encoding="UTF-8"?>
<window>
	<defaultcontrol always="true">5</defaultcontrol>
	<controls>
        <include>GlobalOverlay</include>
		<control type="group">
            <include>Animation_SlideIn</include>
            <centerleft>50%</centerleft>
            <width>favdialogw</width>
            <bottom>80</bottom>
            <height>532</height>
            <include>Dialog_Background</include>
            <include content="Dialog_Top_IconHeader">
                <param name="label" value="$INFO[ListItem.Label]" />
                <param name="icon" value="special://skin/extras/icons/info.png" />
            </include>
            <control type="group">
                <left>bigpad</left>
                <bottom>bigpad</bottom>
                <width>432</width>
                <height>432</height>
                <include>Object_FlatBackground</include>
                <control type="image">
                    <aspectratio>keep</aspectratio>
                    <texture background="true" fallback="DefaultAddon.png">$INFO[ListItem.Icon]</texture>
                </control>
            </control>
            <include content="Dialog_FavouriteList">
                <param name="id" value="5" />
                <param name="moveid" value="noop" />
                <param name="left" value="472" />
                <param name="label2" value="true" />
            </include>

        </control>

	</controls>

</window>