<?xml version="1.0" encoding="UTF-8"?>
<window>
    <backgroundcolor>Background</backgroundcolor>
    <menucontrol>9000</menucontrol>
    <onload>SetFocus(50)</onload>
    <onload>SetFocus(6)</onload>
    <controls>

        <!-- Background -->
        <include>Furniture_Background</include>
        <include>Furniture_RSS</include>
        <include>Furniture_TopBar</include>

        <!-- Main group -->
        <control type="group">
            <left>sidepad</left>
            <right>sidepad</right>
            <!-- Left group -->
            <control type="group">
                <left>bigpad</left>
                <width>settingshalfw</width>
                <top>top</top>
                <include>Animation_Hub</include>

                <include content="Dialog_FileManager_List">
                    <param name="width" value="settingshalfw" />
                    <param name="labelwidth" value="settingshalfw" />
                    <param name="id" value="50" />
                    <param name="onleft" value="9000" />
                    <param name="onright" value="100" />
                    <param name="pathid" value="12" />
                    <param name="numitemsvisible" value="false" />
                </include>

            </control>

            <!-- Right group -->
            <control type="group">
                <right>bigpad</right>
                <width>settingshalfw</width>
                <top>top</top>
                <include>Animation_Common</include>

                <include content="Dialog_FileManager_List">
                    <param name="width" value="settingshalfw" />
                    <param name="labelwidth" value="settingshalfw" />
                    <param name="id" value="100" />
                    <param name="onleft" value="50" />
                    <param name="onright" value="9000" />
                    <param name="pathid" value="101" />
                    <param name="numitemsvisible" value="false" />
                </include>
            </control>

        </control>



        <!-- Menu -->
        <control type="group">
            <include condition="Skin.HasSetting(VerticalMenus)">GlobalOverlay</include>
            <include condition="Skin.HasSetting(VerticalMenus)">Dialog_Center</include>
            <visible allowhiddenfocus="true">ControlGroup(9000).HasFocus()</visible>
            <include>Animation_FadeIn</include>
            <include>Animation_FadeOut</include>
        </control>
        <control type="group">
            <visible allowhiddenfocus="true">ControlGroup(9000).HasFocus()</visible>
            <include condition="Skin.HasSetting(VerticalMenus)">Dialog_Center_Def</include>
            <include condition="!Skin.HasSetting(VerticalMenus)">Dialog_Top</include>
            <include condition="!Skin.HasSetting(VerticalMenus)">Dialog_Background</include>
            <include content="Dialog_Top_IconHeader">
                <param name="label" value="$LOCALIZE[31068]" />
                <param name="icon" value="special://skin/extras/icons/settings.png" />
            </include>
            <include content="Dialog_Center_Arrows" condition="Skin.HasSetting(VerticalMenus)">
                <param name="id" value="9000" />
            </include>
            <include content="Dialog_Top_Arrows" condition="!Skin.HasSetting(VerticalMenus)">
                <param name="id" value="9000" />
            </include>

            <control type="grouplist" id="9000">
                <include condition="Skin.HasSetting(VerticalMenus)">Dialog_Center_GroupList</include>
                <include condition="!Skin.HasSetting(VerticalMenus)">Dialog_Top_GroupList</include>
                <!-- Open -->
                <control type="button" id="6">
                    <include condition="Skin.HasSetting(VerticalMenus)">Defs_OptionButton2_Horz</include>
                    <include condition="!Skin.HasSetting(VerticalMenus)">Defs_OptionButton2</include>
                    <label>502</label>
                    <visible>Control.IsEnabled(6)</visible>
                </control>
                <!-- Save -->
                <control type="button" id="7">
                    <include condition="Skin.HasSetting(VerticalMenus)">Defs_OptionButton2_Horz</include>
                    <include condition="!Skin.HasSetting(VerticalMenus)">Defs_OptionButton2</include>
                    <label>190</label>
                    <visible>Control.IsEnabled(7)</visible>
                </control>
                <!-- Clear -->
                <control type="button" id="8">
                    <include condition="Skin.HasSetting(VerticalMenus)">Defs_OptionButton2_Horz</include>
                    <include condition="!Skin.HasSetting(VerticalMenus)">Defs_OptionButton2</include>
                    <label>192</label>
                    <visible>Control.IsEnabled(8)</visible>
                </control>
            </control>
        </control>


    </controls>

</window>
