<?xml version="1.0" encoding="UTF-8"?>
<window>
	<defaultcontrol>1000</defaultcontrol>
	<coordinates>

	<system>1</system>

	<posx>40</posx>

	<posy>800</posy>

	<origin y="200" x="70">false</origin>
    
	</coordinates>	

	<controls>
		<control type="image" id="999">
			<animation type="WindowOpen" reversible="false">

			<effect type="slide" easing="out" tween="quadratic" time="400" end="0,0" start="340,0"/>

			</animation>


			<animation type="WindowClose" reversible="false">

			<effect type="slide" easing="in" tween="quadratic" time="400" end="340,0" start="0,0"/>

			</animation>
			<description>background image</description>
			<posy>800</posy>
			<top>-40</top>
			
			<width>340</width>
			<height>500</height>
			<texture border="20">DialogBack.png</texture>
		</control>
		<control type="grouplist" id="996">

			<animation type="WindowOpen" reversible="false">

			<effect type="slide" easing="out" tween="quadratic" time="400" end="0,0" start="340,0"/>

			</animation>


			<animation type="WindowClose" reversible="false">

			<effect type="slide" easing="in" tween="quadratic" time="400" end="340,0" start="0,0"/>

			</animation>
			<description>grouplist for context buttons</description>
			<posy>850</posy>
            <posx>20</posx>
			<top>-15</top>
			<width>300</width>
            
			<height max="450">auto</height>
			<itemgap>2</itemgap>
					<control type="button" id="614">
					<left>-</left>
					<top>-</top>
					<width>300</width>
					<height>38</height>
					<font>fontContextMenu</font>
					<align>center</align>
					<textcolor>grey2</textcolor>
					<focusedcolor>white</focusedcolor>
					<label>Addon Settings</label>
					<onclick>Addon.OpenSettings($INFO[Container.PluginName])</onclick>
					<visible>!String.IsEmpty(Container.PluginName)</visible>
				</control>
		</control>
<!-- 		<control type="button">
			<description>Close Window button</description>
			<posx>1210</posx>
			<top>250</top>
			<width>64</width>
			<height>32</height>
			<label>-</label>
			<font>-</font>
			<onclick>PreviousMenu</onclick>
			<texturefocus>DialogCloseButton-focus.png</texturefocus>
			<texturenofocus>DialogCloseButton.png</texturenofocus>
			<onleft>2</onleft>
			<onright>2</onright>
			<onup>2</onup>
			<ondown>2</ondown>
			<visible>System.GetBool(input.enablemouse)</visible>
			<hitrect x="260" y="6" w="64" h="25" />
		</control> -->

		<control type="button" id="1000">
			<description>button template</description>
			<left>-</left>
			<top>-</top>
			<width>300</width>
			<height>38</height>
			<font>fontContextMenu</font>
			<align>center</align>
			<textcolor>grey2</textcolor>
			<focusedcolor>white</focusedcolor>
			<texturefocus border="5">button-focus.png</texturefocus>
		</control>
	</controls>
</window>
