<?xml version="1.0" encoding="UTF-8"?>
<window>
  <defaultcontrol always="true">50</defaultcontrol>
  <controls>
    <include>DefaultBackground</include>
    <include>Time</include>
    <include>View_50</include>
    <include>View_51_Panel</include>
    <include>View_52_BigList</include>
    <include>View_53_Icons</include>
    <include>View_54_LowList</include>
    <include>View_55_BigPanel</include>
    <include>View_56_Fanart</include>
    <control type="group" id="8999" description="Side menu 9000 group">
      <include>9000Commons</include>
      <include>9000NavCommons</include>
      <control type="grouplist" id="9000">
        <include>9000GrouplistParameters</include>
        <control type="label" id="9181">
          <textcolor>Highlight</textcolor>
          <align>left</align>
          <textoffsetx>10</textoffsetx>
          <include>9000ViewButtons</include>
          <label>$LOCALIZE[31026]</label>
        </control>
        <control type="radiobutton" id="7">
          <label>$LOCALIZE[25001]</label>
          <visible>Control.IsEnabled(7)</visible>
          <texturenofocus border="3">buttons/ButtonNF.png</texturenofocus>
          <include>9000SysButtons</include>
        </control>
        <control type="radiobutton" id="8">
          <label>$LOCALIZE[24999]</label>
          <visible>Control.IsEnabled(8)</visible>
          <texturenofocus border="3">buttons/ButtonNF.png</texturenofocus>
          <include>9000SysButtons</include>
        </control>
        <control type="button" id="9">
          <label>$LOCALIZE[24034]</label>
          <texturenofocus border="3">buttons/ButtonNF.png</texturenofocus>
          <include>9000SysButtons</include>
        </control>
        <control type="button" id="5">
          <label>$LOCALIZE[10004]</label>
          <texturenofocus border="3">buttons/ButtonNF.png</texturenofocus>
          <include>9000SysButtons</include>
        </control>

      </control>
    </control>
  </controls>
</window>