<?xml version="1.0" encoding="UTF-8"?>
<window>
  <defaultcontrol always="true">21</defaultcontrol>
  <coordinates>
    <origin x="0" y="0" />
  </coordinates>
  <controls>
    <control type="group">
      <posx>50</posx>
      <posy>-30</posy>
      <control type="image">
        <posx>600</posx>
        <posy>360</posy>
        <width>632</width>
        <height>596</height>
        <texture border="45">dialogs/TinyDialog.png</texture>
      </control>
      <control type="image">
        <posx>660</posx>
        <posy>471</posy>
        <width>512</width>
        <height>60</height>
        <texture border="8">img/WhiteRoundedT.png</texture>
      </control>
      <control type="label" id="1" description="Heading">
        <posx>620</posx>
        <posy>405</posy>
        <width>592</width>
        <textcolor>Highlight</textcolor>
        <align>center</align>
      </control>
      <control type="group">
        <posy>150</posy>
        <control type="label" id="4" description="Edit Text">
          <posx>660</posx>
          <posy>318</posy>
          <width>512</width>
          <height>60</height>
          <align>center</align>
          <textcolor>White2</textcolor>
          <font>Keyboard</font>
          <scroll>true</scroll>
        </control>
        <control type="group">
          <left>660</left>
          <top>402</top>
          <control type="grouplist">
            <description>2nd Row</description>
            <onleft>23</onleft>
            <onright>23</onright>
            <itemgap>14</itemgap>
            <orientation>horizontal</orientation>
            <control type="button" id="11">
              <description>1 button</description>
              <label>$LOCALIZE[12311]</label>
              <onup>20</onup>
              <ondown>14</ondown>
              <include>KeyboardButtons</include>
            </control>
            <control type="button" id="12">
              <description>2 button</description>
              <label>$LOCALIZE[12312]</label>
              <onup>10</onup>
              <ondown>15</ondown>
              <include>KeyboardButtons</include>
            </control>
            <control type="button" id="13">
              <description>3 button</description>
              <label>$LOCALIZE[12313]</label>
              <onup>22</onup>
              <ondown>16</ondown>
              <include>KeyboardButtons</include>
            </control>
          </control>
          <control type="grouplist">
            <description>2nd Row</description>
            <top>94</top>
            <onleft>23</onleft>
            <onright>23</onright>
            <itemgap>14</itemgap>
            <orientation>horizontal</orientation>
            <control type="button" id="14">
              <description>4 button</description>
              <label>$LOCALIZE[12314]</label>
              <onup>11</onup>
              <ondown>17</ondown>
              <include>KeyboardButtons</include>
            </control>
            <control type="button" id="15">
              <description>5 button</description>
              <label>$LOCALIZE[12315]</label>
              <onup>12</onup>
              <ondown>18</ondown>
              <include>KeyboardButtons</include>
            </control>
            <control type="button" id="16">
              <description>6 button</description>
              <label>$LOCALIZE[12316]</label>
              <onup>13</onup>
              <ondown>19</ondown>
              <include>KeyboardButtons</include>
            </control>
          </control>
          <control type="grouplist">
            <description>3rd Row</description>
            <top>188</top>
            <onleft>21</onleft>
            <onright>21</onright>
            <itemgap>14</itemgap>
            <orientation>horizontal</orientation>
            <control type="button" id="17">
              <description>7 button</description>
              <label>$LOCALIZE[12317]</label>
              <onup>14</onup>
              <ondown>20</ondown>
              <include>KeyboardButtons</include>
            </control>
            <control type="button" id="18">
              <description>8 button</description>
              <label>$LOCALIZE[12318]</label>
              <onup>15</onup>
              <ondown>10</ondown>
              <include>KeyboardButtons</include>
            </control>
            <control type="button" id="19">
              <description>9 button</description>
              <label>$LOCALIZE[12319]</label>
              <onup>16</onup>
              <ondown>22</ondown>
              <include>KeyboardButtons</include>
            </control>
          </control>
          <control type="grouplist">
            <description>4th Row</description>
            <top>282</top>
            <onleft>21</onleft>
            <onright>21</onright>
            <itemgap>14</itemgap>
            <orientation>horizontal</orientation>
            <control type="button" id="20">
              <description>previous button</description>
              <label>&lt;</label>
              <onup>17</onup>
              <ondown>11</ondown>
              <include>KeyboardButtons</include>
            </control>
            <control type="button" id="10">
              <description>0 button</description>
              <label>$LOCALIZE[12310]</label>
              <onup>18</onup>
              <ondown>12</ondown>
              <include>KeyboardButtons</include>
            </control>
            <control type="button" id="22">
              <description>next button</description>
              <label>&gt;</label>
              <onup>19</onup>
              <ondown>13</ondown>
              <include>KeyboardButtons</include>
            </control>
          </control>
          <control type="group" description="Column 2">
            <left>300</left>
            <control type="button" id="23">
              <description>BACKSPACE button</description>
              <width>212</width>
              <height>174</height>
              <label>$LOCALIZE[20181]</label>
              <onleft>13</onleft>
              <onright>11</onright>
              <onup>21</onup>
              <ondown>21</ondown>
              <font>ListDetails</font>
              <include>KeyboardButtons</include>
            </control>
            <control type="button" id="21" description="DONE button">
              <top>188</top>
              <width>212</width>
              <height>174</height>
              <label>[UPPERCASE]$LOCALIZE[20177][/UPPERCASE]</label>
              <onleft>19</onleft>
              <onright>17</onright>
              <onup>23</onup>
              <ondown>23</ondown>
              <textcolor>FF4fe805</textcolor>
              <font>ListDetails</font>
              <include>KeyboardButtons</include>
            </control>
          </control>
        </control>
      </control>
    </control>
  </controls>
</window>