<?xml version="1.0" encoding="UTF-8"?>
<window>
  <defaultcontrol always="true">101</defaultcontrol>
  <onload>Dialog.Close(fullscreeninfo)</onload>
  <onload condition="!VideoPlayer.Content(LiveTV)">SetFocus(602)</onload>
  <include>OSDFade</include>
  <controls>
    <control type="group">
      <visible>![Window.IsVisible(SliderDialog) | Window.IsVisible(OSDVideoSettings) | Window.IsVisible(OSDAudioSettings) | Window.IsVisible(OSDAudioDSPSettings) | Window.IsVisible(VideoBookmarks) | Window.IsVisible(PVROSDChannels) | Window.IsVisible(PVROSDGuide) | Window.IsVisible(playerprocessinfo) | Window.IsActive(osdcmssettings)]</visible>
      <control type="slider" id="87">
        <description>Seek Slider</description>
        <posx>-123</posx>
        <posy>-960</posy>
        <width>720</width>
        <height>18</height>
        <onup>noop</onup>
        <ondown>100</ondown>
        <action>seek</action>
        <texturesliderbar>OSD/seekslider.png</texturesliderbar>
        <textureslidernib>OSD/ScrollbarNibNF.png</textureslidernib>
        <textureslidernibfocus>OSD/ScrollbarNibFO.png</textureslidernibfocus>
        <visible>Player.SeekEnabled</visible>
      </control>
      <control type="grouplist" id="100">
        <top>920</top>
        <left>30</left>
        <height>64</height>
        <width>1305</width>
        <align>right</align>
        <orientation>horizontal</orientation>
        <animation effect="fade" time="150">VisibleChange</animation>
        <control type="button" id="655">
          <visible>VideoPlayer.IsStereoscopic</visible>
          <include content="OSDButtons">
            <param name="icon">OSD/OSDStereoscopicNF.png</param>
          </include>
          <onup>1200</onup>
          <ondown>101</ondown>
          <oninfo>Skin.ToggleSetting(OSDInfo)</oninfo>
        </control>
        <control type="radiobutton" id="656">
          <include content="OSDButtons">
            <param name="icon">OSD/OSDSubtitlesNF.png</param>
          </include>
          <onup>1110</onup>
          <ondown>101</ondown>
          <onclick>ShowSubtitles</onclick>
          <oninfo>Skin.ToggleSetting(OSDInfo)</oninfo>
        </control>
        <control type="radiobutton" id="606">
          <include content="OSDButtons">
            <param name="icon">OSD/OSDChannelsNF.png</param>
          </include>
          <onup>87</onup>
          <ondown>101</ondown>
          <onclick>ActivateWindow(PVROSDChannels)</onclick>
          <onclick>Dialog.Close(VideoOSD)</onclick>
          <visible>VideoPlayer.Content(LiveTV)</visible>
          <oninfo>Skin.ToggleSetting(OSDInfo)</oninfo>
        </control>
        <control type="radiobutton" id="607">
          <include content="OSDButtons">
            <param name="icon">OSD/OSDEpgNF.png</param>
          </include>
          <onup>87</onup>
          <ondown>101</ondown>
          <onclick>ActivateWindow(PVROSDGuide)</onclick>
          <onclick>Dialog.Close(VideoOSD)</onclick>
          <visible>VideoPlayer.Content(LiveTV)</visible>
          <oninfo>Skin.ToggleSetting(OSDInfo)</oninfo>
        </control>
        <control type="radiobutton" id="650">
          <include content="OSDButtons">
            <param name="icon">OSD/OSDTeletextNF.png</param>
          </include>
          <onup>87</onup>
          <ondown>101</ondown>
          <onclick>Dialog.Close(VideoOSD)</onclick>
          <onclick>ActivateWindow(Teletext)</onclick>
          <visible>VideoPlayer.Content(LiveTV)</visible>
          <oninfo>Skin.ToggleSetting(OSDInfo)</oninfo>
        </control>
        <control type="radiobutton" id="660">
          <include content="OSDButtons">
            <param name="icon">OSD/OSDBookmarksNF.png</param>
          </include>
          <onup>87</onup>
          <ondown>101</ondown>
          <onclick>ActivateWindow(VideoBookmarks)</onclick>
          <visible>!VideoPlayer.Content(LiveTV)</visible>
          <oninfo>Skin.ToggleSetting(OSDInfo)</oninfo>
        </control>
        <control type="radiobutton" id="701">
          <include content="OSDButtons">
            <param name="icon">OSD/OSDInfoNF.png</param>
          </include>
          <onup>87</onup>
          <ondown>101</ondown>
          <onclick>Skin.ToggleSetting(OSDInfo)</onclick>
          <oninfo>Skin.ToggleSetting(OSDInfo)</oninfo>
        </control>
        <control type="radiobutton" id="659">
          <include content="OSDButtons">
            <param name="icon">OSD/OSDOptionsNF.png</param>
          </include>
          <onup>1010</onup>
          <ondown>101</ondown>
          <oninfo>Skin.ToggleSetting(OSDInfo)</oninfo>
        </control>
      </control>
      <control type="grouplist" id="101">
        <top>984</top>
        <left>30</left>
        <height>98</height>
        <width>1305</width>
        <align>right</align>
        <onup>100</onup>
        <ondown>Close</ondown>
        <orientation>horizontal</orientation>
        <animation effect="fade" time="150">VisibleChange</animation>
        <control type="radiobutton" id="300">
          <include content="OSDButtons">
            <param name="icon">OSD/OSDChannelDownNF.png</param>
          </include>
          <onup>100</onup>
          <ondown>Close</ondown>
          <onclick>PlayerControl(Previous)</onclick>
          <visible>VideoPlayer.Content(LiveTV)</visible>
          <oninfo>Skin.ToggleSetting(OSDInfo)</oninfo>
        </control>
        <control type="radiobutton" id="301">
          <include content="OSDButtons">
            <param name="icon">OSD/OSDChannelUpNF.png</param>
          </include>
          <onup>100</onup>
          <ondown>Close</ondown>
          <onclick>PlayerControl(Next)</onclick>
          <visible>VideoPlayer.Content(LiveTV)</visible>
          <oninfo>Skin.ToggleSetting(OSDInfo)</oninfo>
        </control>
        <control type="radiobutton" id="600">
          <include content="OSDButtons">
            <param name="icon">OSD/OSDPreviousNF.png</param>
          </include>
          <onup>100</onup>
          <ondown>Close</ondown>
          <onclick>PlayerControl(Previous)</onclick>
          <visible>!VideoPlayer.Content(LiveTV)</visible>
          <oninfo>Skin.ToggleSetting(OSDInfo)</oninfo>
        </control>
        <control type="radiobutton" id="601">
          <include content="OSDButtons">
            <param name="icon">OSD/OSDRWNF.png</param>
          </include>
          <onup>100</onup>
          <ondown>Close</ondown>
          <enable>Player.SeekEnabled</enable>
          <onclick>PlayerControl(Rewind)</onclick>
          <oninfo>Skin.ToggleSetting(OSDInfo)</oninfo>
        </control>
        <control type="radiobutton" id="602">
          <textureradioonfocus colordiffuse="Black">OSD/OSDPlayNF.png</textureradioonfocus>
          <textureradioonnofocus>OSD/OSDPlayNF.png</textureradioonnofocus>
          <textureradioofffocus colordiffuse="Black">OSD/OSDPauseNF.png</textureradioofffocus>
          <textureradiooffnofocus>OSD/OSDPauseNF.png</textureradiooffnofocus>
          <texturefocus border="4" colordiffuse="Highlight">img/WhiteRoundedST2.png</texturefocus>
          <width>64</width>
          <height>64</height>
          <radiowidth>64</radiowidth>
          <radioheight>64</radioheight>
          <font></font>
          <texturenofocus></texturenofocus>
          <radioposx>0.1</radioposx>
          <radioposy>0</radioposy>
          <oninfo>Skin.ToggleSetting(OSDInfo)</oninfo>
          <selected>Player.Paused</selected>
          <onclick>PlayerControl(Play)</onclick>
          <visible>Player.PauseEnabled</visible>
        </control>
        <control type="radiobutton" id="603">
          <include content="OSDButtons">
            <param name="icon">OSD/OSDStopNF.png</param>
          </include>
          <onup>100</onup>
          <ondown>Close</ondown>
          <onclick>PlayerControl(Stop)</onclick>
          <oninfo>Skin.ToggleSetting(OSDInfo)</oninfo>
        </control>
        <control type="radiobutton" id="604">
          <include content="OSDButtons">
            <param name="icon">OSD/OSDFWNF.png</param>
          </include>
          <onup>100</onup>
          <ondown>Close</ondown>
          <enable>Player.SeekEnabled</enable>
          <onclick>PlayerControl(Forward)</onclick>
          <oninfo>Skin.ToggleSetting(OSDInfo)</oninfo>
        </control>
        <control type="radiobutton" id="605">
          <include content="OSDButtons">
            <param name="icon">OSD/OSDNextNF.png</param>
          </include>
          <onup>100</onup>
          <ondown>Close</ondown>
          <onclick>PlayerControl(Next)</onclick>
          <visible>!VideoPlayer.Content(LiveTV)</visible>
          <oninfo>Skin.ToggleSetting(OSDInfo)</oninfo>
        </control>
        <control type="togglebutton" id="661">
          <include content="OSDButtons">
            <param name="icon">OSD/OSDDvdNF.png</param>
          </include>
          <onup>100</onup>
          <ondown>Close</ondown>
          <onclick>PlayerControl(ShowVideoMenu)</onclick>
          <visible>!VideoPlayer.Content(LiveTV) + VideoPlayer.HasMenu</visible>
          <oninfo>Skin.ToggleSetting(OSDInfo)</oninfo>
        </control>
        <control type="radiobutton" id="700">
          <visible>Player.CanRecord</visible>
          <visible>VideoPlayer.Content(LiveTV)</visible>
          <include content="OSDButtons">
            <param name="icon">OSD/OSDRecordNF.png</param>
          </include>
          <onup>100</onup>
          <ondown>Close</ondown>
          <onclick>PlayerControl(Record)</onclick>
          <oninfo>Skin.ToggleSetting(OSDInfo)</oninfo>
        </control>
      </control>
      <control type="group" id="1000">
        <top>615</top>
        <left>830</left>
        <visible>Control.HasFocus(659) | ControlGroup(1000).HasFocus</visible>
        <control type="image" description="Dialog BG">
          <height>310</height>
          <width>535</width>
          <texture border="45">dialogs/TinyDialog.png</texture>
        </control>
        <control type="grouplist" id="1010">
          <left>30</left>
          <top>30</top>
          <width>470</width>
          <height>250</height>
          <onleft>659</onleft>
          <onright>659</onright>
          <onup>659</onup>
          <ondown>659</ondown>
          <orientation>vertical</orientation>
          <control type="button" id="1011">
            <width>470</width>
            <font>Details</font>
            <label>$LOCALIZE[13396]</label>
            <onclick>ActivateWindow(osdaudiosettings)</onclick>
            <texturenofocus border="3">buttons/ButtonNF.png</texturenofocus>
          </control>
          <control type="button" id="1012">
            <width>470</width>
            <font>Details</font>
            <label>$LOCALIZE[13395]</label>
            <onclick>ActivateWindow(osdvideosettings)</onclick>
            <texturenofocus border="3">buttons/ButtonNF.png</texturenofocus>
          </control>
          <control type="button" id="1015">
            <width>470</width>
            <font>Details</font>
            <label>$LOCALIZE[36560]</label>
            <onclick>ActivateWindow(osdcmssettings)</onclick>
            <texturenofocus border="3">buttons/ButtonNF.png</texturenofocus>
            <visible>System.HasCMS</visible>
          </control>
          <control type="button" id="1013">
            <width>470</width>
            <font>Details</font>
            <label>$LOCALIZE[15020]</label>
            <onclick>ActivateWindow(AudioDSPManager)</onclick>
            <texturenofocus border="3">buttons/ButtonNF.png</texturenofocus>
            <visible>ADSP.HasModes</visible>
          </control>
          <control type="button" id="1014">
            <width>470</width>
            <font>Details</font>
            <label>$LOCALIZE[31133]</label>
            <label2>$INFO[VideoPlayer.AudioLanguage,[COLOR=Hghlight],[/COLOR]]</label2>
            <onclick>AudioNextLanguage</onclick>
            <texturenofocus border="3">buttons/ButtonNF.png</texturenofocus>
          </control>
        </control>
      </control>
      <control type="group" id="1100">
        <top>615</top>
        <left>830</left>
        <visible>Control.HasFocus(656) | ControlGroup(1100).HasFocus</visible>
        <control type="image" description="Dialog BG">
          <height>310</height>
          <width>535</width>
          <texture border="45">dialogs/TinyDialog.png</texture>
        </control>
        <control type="grouplist" id="1110">
          <left>30</left>
          <top>30</top>
          <width>470</width>
          <height>250</height>
          <onleft>656</onleft>
          <onright>656</onright>
          <onup>656</onup>
          <ondown>656</ondown>
          <orientation>vertical</orientation>
          <control type="button" id="1111">
            <description>Download with Subtitles script</description>
            <width>470</width>
            <label>$LOCALIZE[33003]</label>
            <onclick>Close</onclick>
            <onclick>Dialog.Close(VideoOSD)</onclick>
            <onclick>ActivateWindow(SubtitleSearch)</onclick>
            <enable>!VideoPlayer.Content(LiveTV)</enable>
            <font>Details</font>
            <texturenofocus border="3">buttons/ButtonNF.png</texturenofocus>
          </control>
          <control type="button" id="1112">
            <width>470</width>
            <label>$LOCALIZE[22006]</label>
            <onclick>SubtitleDelay</onclick>
            <enable>VideoPlayer.HasSubtitles + VideoPlayer.SubtitlesEnabled</enable>
            <font>Details</font>
            <texturenofocus border="3">buttons/ButtonNF.png</texturenofocus>
          </control>
          <control type="button" id="1113">
            <width>470</width>
            <label>$LOCALIZE[31051]</label>
            <label2>$INFO[VideoPlayer.SubtitlesLanguage,[COLOR=Selected],[/COLOR]]</label2>
            <onclick>CycleSubtitle</onclick>
            <enable>VideoPlayer.HasSubtitles + VideoPlayer.SubtitlesEnabled</enable>
            <font>Details</font>
            <texturenofocus border="3">buttons/ButtonNF.png</texturenofocus>
          </control>
          <control type="radiobutton" id="1114">
            <width>470</width>
            <label>$LOCALIZE[449]</label>
            <radioposx>380</radioposx>
            <onclick>ShowSubtitles</onclick>
            <selected>VideoPlayer.SubtitlesEnabled + VideoPlayer.HasSubtitles</selected>
            <enable>VideoPlayer.HasSubtitles</enable>
            <font>Details</font>
          </control>
        </control>
      </control>
      <control type="group" id="1200">
        <top>615</top>
        <left>830</left>
        <visible>Control.HasFocus(655) | ControlGroup(1200).HasFocus</visible>
        <control type="image" description="Dialog BG">
          <height>310</height>
          <width>535</width>
          <texture border="45">dialogs/TinyDialog.png</texture>
        </control>
        <control type="grouplist" id="1210">
          <left>30</left>
          <top>30</top>
          <width>470</width>
          <height>250</height>
          <onleft>655</onleft>
          <onright>655</onright>
          <onup>655</onup>
          <ondown>655</ondown>
          <orientation>vertical</orientation>
          <control type="radiobutton" id="1211">
            <width>470</width>
            <radioposx>380</radioposx>
            <label>$LOCALIZE[24022]</label>
            <onclick>ToggleStereoMode</onclick>
            <selected>Integer.IsGreater(System.StereoscopicMode,0)</selected>
            <font>Details</font>
          </control>
          <control type="button" id="1212">
            <width>470</width>
            <label>$LOCALIZE[31135]</label>
            <label2>$INFO[VideoPlayer.StereoscopicMode]</label2>
            <onclick>StereoMode</onclick>
            <font>Details</font>
            <texturenofocus border="3">buttons/ButtonNF.png</texturenofocus>
          </control>
          <control type="radiobutton" id="1213">
            <width>470</width>
            <radioposx>380</radioposx>
            <label>$LOCALIZE[31136]</label>
            <onclick>StereoModeToMono</onclick>
            <selected>Integer.IsEqual(System.StereoscopicMode,9)</selected>
            <font>Details</font>
          </control>
        </control>
      </control>
    </control>
  </controls>
</window>
