<?xml version="1.0" encoding="UTF-8"?>
<includes>
  <include name="View_50">
    <control type="group">
      <include content="BackgroundOverlay">
        <param name="parentid" value="50"/>
        <param name="overlaytop" value="300"/>
        <param name="overlayheight" value="1620"/>
      </include>
      <visible>Control.IsVisible(50)</visible>
      <include>ContentFade</include>
      <control type="list" id="50">
        <viewtype label="$LOCALIZE[535]">list</viewtype>
        <posx>1250</posx>
        <posy>351</posy>
        <width>640</width>
        <height>700</height>
        <pagecontrol>60</pagecontrol>
        <onleft>9000</onleft>
        <onright>60</onright>
        <onup>50</onup>
        <ondown>50</ondown>
        <preloaditems>4</preloaditems>
        <visible>!Skin.HasSetting(hide.listview)</visible>
        <include>View_50_List</include>
        <visible>Container.content(addons) | Container.Content(albums) | Container.Content(artists) | Container.Content(episodes) | Container.Content(movies) | Container.Content(musicvideos) | Container.Content(seasons) | Container.Content(sets) | Container.Content(tvshows)</visible>
      </control>
      <control type="list" id="50">
        <viewtype label="$LOCALIZE[535]">list</viewtype>
        <posx>555</posx>
        <posy>351</posy>
        <width>1365</width>
        <height>700</height>
        <pagecontrol>60</pagecontrol>
        <onleft>9000</onleft>
        <onright>60</onright>
        <onup>50</onup>
        <ondown>50</ondown>
        <preloaditems>4</preloaditems>
        <visible>!Skin.HasSetting(hide.listview)</visible>
        <include content="View_50_List">
          <param name="width">1335</param>
        </include>
        <visible>![Container.content(addons) | Container.Content(albums) | Container.Content(artists) | Container.Content(episodes) | Container.Content(movies) | Container.Content(musicvideos) | Container.Content(seasons) | Container.Content(sets) | Container.Content(tvshows)]</visible>
      </control>
      <control type="scrollbar" id="60">
        <animation effect="slide" start="0,0" end="-8,0" time="150">Focus</animation>
        <animation effect="slide" start="-8,0" end="0,0" time="300">UnFocus</animation>
        <posx>20r</posx>
        <posy>351</posy>
        <width>36</width>
        <height>700</height>
        <texturesliderbackground></texturesliderbackground>
        <texturesliderbar></texturesliderbar>
        <texturesliderbarfocus></texturesliderbarfocus>
        <textureslidernib border="18">OSD/ScrollbarNibNF.png</textureslidernib>
        <textureslidernibfocus border="18">OSD/ScrollbarNibFO.png</textureslidernibfocus>
        <showonepage>false</showonepage>
        <orientation>vertical</orientation>
        <onleft>50</onleft>
        <onright>9000</onright>
      </control>
      <include content="PanelTemplate">
        <param name="top">355</param>
        <param name="left">555</param>
        <param name="height">410</param>
        <param name="width">650</param>
        <param name="heading">$VAR[panelheading]</param>
        <param name="subheading">$VAR[panelsubheading]</param>
        <param name="plot">$VAR[Plots]</param>
        <param name="footer">$VAR[panelfooter]</param>
        <param name="visibility">Container.content(addons) | Container.Content(episodes) | Container.Content(movies) | Container.Content(musicvideos) | Container.Content(seasons) | Container.Content(sets) | Container.Content(tvshows)</param>
      </include>
      <include content="PanelTemplate">
        <param name="top">355</param>
        <param name="left">555</param>
        <param name="height">410</param>
        <param name="width">650</param>
        <param name="heading">$VAR[panelheading]</param>
        <param name="subheading">$VAR[panelsubheading]</param>
        <param name="plot">$VAR[Plots]</param>
        <param name="subcontent_label">$INFO[ListItem.Label]$INFO[ListItem.Year,  (,)]</param>
        <param name="subcontent_path">$INFO[ListItem.FolderPath]</param>
        <param name="subcontent_visible">String.IsEmpty(ListItem.Property(Artist_Description))</param>
        <param name="subcontent_image_visible">false</param>
        <param name="footer">$VAR[panelfooter]</param>
        <param name="visibility">Container.Content(artists)</param>
      </include>
      <include content="PanelTemplate">
        <param name="top">355</param>
        <param name="left">555</param>
        <param name="height">410</param>
        <param name="width">650</param>
        <param name="heading">$VAR[panelheading]</param>
        <param name="subheading">$VAR[panelsubheading]</param>
        <param name="plot">$VAR[Plots]</param>
        <param name="subcontent_label">$INFO[ListItem.TrackNumber,,. ]$INFO[ListItem.Label]$INFO[ListItem.Duration,  (,)]</param>
        <param name="subcontent_path">$INFO[ListItem.FolderPath]</param>
        <param name="subcontent_sortby" value="track" />
        <param name="subcontent_sortorder" value="ascending" />
        <param name="subcontent_visible">String.IsEmpty(ListItem.Property(Album_Description))</param>
        <param name="subcontent_image_visible">false</param>
        <param name="footer">$VAR[panelfooter]</param>
        <param name="visibility">Container.Content(albums)</param>
      </include>
      <control type="group" description="50 MediaInfo">
        <posx>30</posx>
        <posy>351</posy>
        <width>490</width>
        <control type="label">
          <height>45</height>
          <align>center</align>
          <label>$VAR[listmediaheader]</label>
          <textcolor>Highlight</textcolor>
        </control>
        <include content="ShadowedImage">
          <param name="width">490</param>
          <param name="height">700</param>
          <param name="texture">$VAR[ThumbType]</param>
        </include>
        <control type="label">
          <top>650</top>
          <height>45</height>
          <align>center</align>
          <label>$VAR[listmediafooter]</label>
          <textcolor>Highlight</textcolor>
        </control>
      </control>
    </control>
  </include>
</includes>
