<?xml version="1.0" encoding="UTF-8"?>
<window type="dialog">
    <include>OpenClose</include>
    <controls>
        <control type="group">
            <posx>622</posx>
            <posy>338</posy>
            <control type="image">
                <posx>0</posx>
                <posy>0</posy>
                <width>675</width>
                <height>225</height>
                <texture border="21">img/DialogNew.png</texture>
                <colordiffuse>Overlay</colordiffuse>
            </control>
            <control type="label" id="1">
                <description>header label</description>
                <posx>30</posx>
                <posy>15</posy>
                <width>615</width>
                <font>size26B</font>
                <label>31031</label>
                <align>center</align>
            </control>
            <control type="label" id="401">
                <description>Song Number Label</description>
                <posx>30</posx>
                <posy>68</posy>
                <width>615</width>
                <align>center</align>
            </control>
            <control type="label" id="402">
                <description>Song Name Label</description>
                <posx>30</posx>
                <posy>128</posy>
                <width>615</width>
                <align>center</align>
                <textcolor>Silver</textcolor>
                <scroll>true</scroll>
            </control>
        </control>
    </controls>
</window>