<?xml version="1.0" encoding="UTF-8"?>
<window>
    <defaultcontrol always="true">11</defaultcontrol>
    <controls>
        <control type="group">
            <include>OpenClose</include>
            <control type="image">
                <centerleft>50%</centerleft>
                <centertop>50%</centertop>
                <width>688</width>
                <height>268</height>
                <texture>texture/dialog.png</texture>
                <bordertexture border="22">texture/dialog_border.png</bordertexture>
                <bordersize>22</bordersize>
            </control>
            <control type="label" id="10" description="Heading">
                <centerleft>960</centerleft>
                <centertop>471</centertop>
                <width>990</width>
                <align>center</align>
                <font>size24B</font>
                <textcolor>HL</textcolor>
            </control>
            <control type="slider" id="11" description="Slider">
                <centerleft>960</centerleft>
                <centertop>549</centertop>
                <width>300</width>
                <height>33</height>
                <onup>noop</onup>
                <ondown>noop</ondown>
                <onleft>11</onleft>
                <onright>11</onright>
            </control>
            <control type="label" id="12" description="Slider value">
                <centerleft>960</centerleft>
                <centertop>609</centertop>
                <width>690</width>
                <align>center</align>
                <font>size22</font>
            </control>
        </control>
    </controls>
</window>