<?xml version="1.0" encoding="UTF-8"?>
<includes>
    <include name="View_55" description="All Video Views">
        <control type="group" description="Banner wall">
            <visible>Control.IsVisible(55)</visible>
            <control type="group" description="Frame Sliders">
                <control type="image">
                    <posx>102</posx>
                    <posy>207</posy>
                    <width>825</width>
                    <height>198</height>
                    <texture border="36">texture/frame_cover.png</texture>
                    <bordersize>-9</bordersize>
                    <aspectratio>stretch</aspectratio>
                    <animation condition="Container.Column(0)" effect="slide" start="0,0" end="0,0" time="200" reversible="true">Conditional</animation>
                    <animation condition="Container.Column(1)" effect="slide" start="0,0" end="900,0" time="200" reversible="true">Conditional</animation>
                    <animation condition="Container.Row(0)" effect="slide" start="0,0" end="0,0" time="200" reversible="true">Conditional</animation>
                    <animation condition="Container.Row(1)" effect="slide" start="0,0" end="0,225" time="200" reversible="true">Conditional</animation>
                    <animation condition="Container.Row(2)" effect="slide" start="0,0" end="0,450" time="200" reversible="true">Conditional</animation>
                    <animation condition="Container.Row(3)" effect="slide" start="0,0" end="0,675" time="200" reversible="true">Conditional</animation>
                    <animation condition="Container.Row(4)" effect="slide" start="0,0" end="0,900" time="200" reversible="true">Conditional</animation>
                </control>
            </control>
            <control type="group" description="Container and frame">
                <control type="panel" id="55" description="Panel">
                    <visible>container.content(tvshows) + !IsEmpty(Container.FolderPath)</visible>
                    <viewtype label="539">Wide Icons grid</viewtype>
                    <posx>66</posx>
                    <posy>210</posy>
                    <width>1800</width>
                    <height>898</height>
                    <orientation>vertical</orientation>
                    <onup>55</onup>
                    <ondown>55</ondown>
                    <pagecontrol>60</pagecontrol>
                    <onleft condition="!Skin.HasSetting(ViewOptions_Hide)">9000</onleft>
                    <onright condition="!Skin.HasSetting(ViewOptions_Hide)">9000</onright>
                    <preloaditems>4</preloaditems>
                    <scrolltime>400</scrolltime>
                    <itemlayout height="225" width="900">
                        <control type="image">
                            <posx>63</posx>
                            <posy>24</posy>
                            <width>771</width>
                            <height>144</height>
                            <texture border="12">img/ThumbBorder.png</texture>
                            <bordersize>-9</bordersize>
                        </control>
                        <control type="image">
                            <posx>63</posx>
                            <posy>24</posy>
                            <width>771</width>
                            <height>144</height>
                            <texture background="true">$VAR[Banner]</texture>
                            <aspectratio>keep</aspectratio>
                        </control>
                        <control type="image">
                            <visible>IntegerGreaterThan(ListItem.Property(UnwatchedEpisodes),0)</visible>
                            <top>9</top>
                            <right>33</right>
                            <height>51</height>
                            <width>51</width>
                            <aspectratio>keep</aspectratio>
                            <texture>overlay/unwatchedcount.png</texture>
                        </control>
                        <control type="label" description="Label2">
                            <visible>IntegerGreaterThan(ListItem.Property(UnwatchedEpisodes),0)</visible>
                            <top>12</top>
                            <right>36</right>
                            <height>45</height>
                            <width>45</width>
                            <font>size17</font>
                            <align>center</align>
                            <textcolor>HL</textcolor>
                            <label>[B]$INFO[ListItem.Property(UnwatchedEpisodes)][/B]</label>
                        </control>
                    </itemlayout>
                    <focusedlayout height="225" width="900">
                        <control type="image">
                            <posx>63</posx>
                            <posy>24</posy>
                            <width>771</width>
                            <height>144</height>
                            <texture border="12">img/ThumbBorder.png</texture>
                            <bordersize>-9</bordersize>
                        </control>
                        <control type="image">
                            <posx>63</posx>
                            <posy>24</posy>
                            <width>771</width>
                            <height>144</height>
                            <texture background="true">$VAR[Banner]</texture>
                            <aspectratio>keep</aspectratio>
                        </control>
                        <control type="label">
                            <animation effect="fade" start="0" end="100" time="300" delay="200">Focus</animation>
                            <posx>75</posx>
                            <posy>180</posy>
                            <width>750</width>
                            <height>45</height>
                            <font>size18</font>
                            <textcolor>White2</textcolor>
                            <shadowcolor>Black</shadowcolor>
                            <align>center</align>
                            <label>[B]$INFO[ListItem.Label][/B]</label>
                        </control>
                        <control type="image">
                            <visible>IntegerGreaterThan(ListItem.Property(UnwatchedEpisodes),0)</visible>
                            <top>9</top>
                            <right>33</right>
                            <height>51</height>
                            <width>51</width>
                            <aspectratio>keep</aspectratio>
                            <texture>overlay/unwatchedcount.png</texture>
                        </control>
                        <control type="label" description="Label2">
                            <visible>IntegerGreaterThan(ListItem.Property(UnwatchedEpisodes),0)</visible>
                            <top>12</top>
                            <right>36</right>
                            <height>45</height>
                            <width>45</width>
                            <font>size17</font>
                            <align>center</align>
                            <textcolor>HL</textcolor>
                            <label>[B]$INFO[ListItem.Property(UnwatchedEpisodes)][/B]</label>
                        </control>
                    </focusedlayout>
                    <itemlayout height="225" width="900">
                        <control type="image">
                            <posx>63</posx>
                            <posy>24</posy>
                            <width>771</width>
                            <height>144</height>
                            <texture fallback="DefaultFolder.png" background="true">$INFO[ListItem.Thumb]</texture>
                            <bordertexture border="3">img/ThumbBorder3.png</bordertexture>
                            <bordersize>1</bordersize>
                            <aspectratio>keep</aspectratio>
                        </control>
                    </itemlayout>
                    <focusedlayout height="225" width="900">
                        <control type="image">
                            <posx>63</posx>
                            <posy>24</posy>
                            <width>771</width>
                            <height>144</height>
                            <texture fallback="DefaultFolder.png" background="true">$INFO[ListItem.Thumb]</texture>
                            <bordertexture border="3">img/ThumbBorder3.png</bordertexture>
                            <bordersize>1</bordersize>
                            <aspectratio>keep</aspectratio>
                        </control>
                        <control type="label">
                            <animation effect="fade" start="0" end="100" time="300" delay="200">Focus</animation>
                            <posx>450</posx>
                            <posy>180</posy>
                            <width>750</width>
                            <height>45</height>
                            <font>size18</font>
                            <textcolor>White2</textcolor>
                            <shadowcolor>Black</shadowcolor>
                            <align>center</align>
                            <label>[B]$INFO[ListItem.Label][/B]</label>
                        </control>
                    </focusedlayout>
                </control>
            </control>
            <control type="image" description="Line Split">
                <posx>129</posx>
                <posy>164</posy>
                <width>1674</width>
                <height>1</height>
                <texture>img/LineL.png</texture>
                <aspectratio>stretch</aspectratio>
            </control>
            <control type="grouplist" description="Media Header">
                <posx>129</posx>
                <posy>54</posy>
                <width>930</width>
                <height>75</height>
                <align>left</align>
                <aligny>bottom</aligny>
                <orientation>horizontal</orientation>
                <control type="label" id="7777" description="Heading">
                    <width min="60" max="930">auto</width>
                    <height>75</height>
                    <font>size28</font>
                    <textcolor>White2</textcolor>
                    <label>$VAR[GlobalHeadings]</label>
                </control>
                <control type="label" description="Number of files">
                    <visible>!IsEmpty(Control.GetLabel(7777))</visible>
                    <width min="60" max="120">auto</width>
                    <height>81</height>
                    <font>size17</font>
                    <textcolor>Grey</textcolor>
                    <label>$INFO[Container.NumItems, (,)]</label>
                </control>
            </control>
            <control type="label" description="Media details">
                <posx>129</posx>
                <posy>117</posy>
                <width>1350</width>
                <textcolor>HL</textcolor>
                <include>Genre51Commons</include>
                <label>$INFO[ListItem.Label] [COLOR=White]$VAR[TopLabel][/COLOR]</label>
            </control>
            <control type="image" description="Rating">
                <visible>!IsEmpty(ListItem.RatingAndVotes)</visible>
                <posx>240r</posx>
                <posy>117</posy>
                <include>10Rating</include>
                <colordiffuse>HL</colordiffuse>
            </control>
        </control>
    </include>
</includes>