<?xml version="1.0" encoding="utf-8"?>
<window type="dialog" id="142">
	<controls>
		<control type="group">
			<animation effect="slide" end="0,0" start="0,-540" time="200" tween="quadratic" easing="out">WindowOpen</animation>
			<animation effect="slide" start="0,0" end="0,-540" time="200" tween="quadratic" easing="out">WindowClose</animation>
			<control type="image">
				<width>100%</width>
				<height>122</height>
				<texture border="1,1,1,40">topbar_black.png</texture>
			</control>
			<control type="grouplist">
				<top>2</top>
				<width>100%</width>
				<height>64</height>
				<align>center</align>
				<orientation>horizontal</orientation>
				<control type="image">
					<top>-</top>
					<left>5</left>
					<width>64</width>
					<height>64</height>
					<texture>cpu.png</texture>
				</control>
				<control type="button">
					<description>Cpu Usage</description>
					<align>left</align>
					<width>120</width>
					<height>64</height>
					<label>$INFO[System.CoreUsage(total)]%</label>
					<font>font15_bold</font>
					<textcolor>white</textcolor>
				</control>
				<control type="image">
					<top>-</top>
					<left>5</left>
					<width>64</width>
					<height>64</height>
					<colordiffuse>white</colordiffuse>
					<texture>ram.png</texture>
				</control>
				<control type="button">
					<description>Used Memory</description>
					<align>left</align>
					<width>auto</width>
					<height>64</height>
					<label>$INFO[System.Memory(used)]</label>
					<font>font15_bold</font>
					<textcolor>white</textcolor>
				</control>
				<control type="image">
					<top>-</top>
					<left>5</left>
					<width>64</width>
					<height>64</height>
					<colordiffuse>white</colordiffuse>
					<texture>hardwaredecode.png</texture>
				</control>
				<control type="button">
					<description>Hardware Decoder</description>
					<align>left</align>
					<width>auto</width>
					<height>64</height>
					<label>$VAR[VideoHWDecoderVar]</label>
					<font>font15_bold</font>
					<textcolor>white</textcolor>
				</control>
				<control type="image">
					<top>-</top>
					<left>5</left>
					<width>64</width>
					<height>64</height>
					<colordiffuse>white</colordiffuse>
					<texture>videoformat.png</texture>
				</control>
				<control type="button">
					<description>Video Format</description>
					<align>left</align>
					<width>auto</width>
					<height>64</height>
					<label>$INFO[Player.Process(videodecoder)]</label>
					<font>font15_bold</font>
					<textcolor>white</textcolor>
				</control>>
				<control type="image">
					<top>-</top>
					<left>5</left>
					<width>64</width>
					<height>64</height>
					<colordiffuse>white</colordiffuse>
					<texture>deinterlace.png</texture>
				</control>
				<control type="button">
					<description>Video Deinterlace</description>
					<align>left</align>
					<width>auto</width>
					<height>64</height>
					<label>$INFO[Player.Process(deintmethod)]</label>
					<font>font15_bold</font>
					<textcolor>white</textcolor>
				</control>
				<control type="image">
					<top>-</top>
					<left>5</left>
					<width>64</width>
					<height>64</height>
					<colordiffuse>white</colordiffuse>
					<texture>resolution.png</texture>
				</control>
				<control type="button">
					<description>Video Format</description>
					<align>left</align>
					<width>auto</width>
					<height>64</height>
					<label>$INFO[VideoPlayer.VideoResolution]$INFO[Player.Process(videofps),$COMMA , FPS]</label>
					<font>font15_bold</font>
					<textcolor>white</textcolor>
				</control>
				<control type="image">
					<top>-</top>
					<left>5</left>
					<width>64</width>
					<height>64</height>
					<colordiffuse>white</colordiffuse>
					<texture>audioformat.png</texture>
				</control>
				<control type="button">
					<description>Audio Format</description>
					<align>left</align>
					<width>auto</width>
					<height>64</height>
					<label>$INFO[Player.Process(audiodecoder)]</label>
					<font>font15_bold</font>
					<textcolor>white</textcolor>
				</control>
				<control type="image">
					<top>-</top>
					<left>5</left>
					<width>64</width>
					<height>64</height>
					<colordiffuse>white</colordiffuse>
					<texture>audiochannels.png</texture>
				</control>
				<control type="button">
					<description>Audio Channels</description>
					<align>left</align>
					<width>auto</width>
					<height>64</height>
					<label>$INFO[Player.Process(audiochannels)]</label>
					<font>font15_bold</font>
					<textcolor>white</textcolor>
				</control>
			</control>
		</control>
	</controls>
</window>