<?xml version="1.0" encoding="utf-8"?>
<window>
	
	<onload>SetFocus(64)</onload>
	<onload condition="[VideoPlayer.Content(movies) | VideoPlayer.Content(episodes)]">SetFocus(5000)</onload>
	<!-- this switches back to "You are watching ..." -->
	<onunload condition="VideoPlayer.Content(livetv) + !Skin.HasSetting(ToggleLiveTVNext)">Skin.ToggleSetting(ToggleLiveTVNext)</onunload>
	<controls>
	
		<control type="button" id="64">
			<include>HiddenObject</include>
			<onclick condition="VideoPlayer.Content(livetv)">Skin.ToggleSetting(TogglePlotLiveTV)</onclick>
			<onup condition="VideoPlayer.Content(livetv)">Skin.ToggleSetting(Enable.LiveTVFullPlot)</onup>
			<!-- this switches back to NOW -->
			<!-- Skin.HasSetting(ToggleLiveTVNext)  = Now -->
			<!-- !Skin.HasSetting(ToggleLiveTVNext) = Next -->
			<onclick condition="VideoPlayer.Content(livetv) + !Skin.HasSetting(ToggleLiveTVNext)">Skin.ToggleSetting(ToggleLiveTVNext)</onclick>
			<!-- onleft and onright are toggling between NOW and NEXT -->
			<onright condition="VideoPlayer.Content(livetv)">Skin.ToggleSetting(ToggleLiveTVNext)</onright>
			<onleft condition="VideoPlayer.Content(livetv)">Skin.ToggleSetting(ToggleLiveTVNext)</onleft>
		</control>
<!-- MEDIA FLAGS bei keiner Info -->

		<control type="group">
			<animation effect="slide" start="0,800" end="0,0" time="940" tween="Back" easing="Out">WindowOpen</animation>
				<animation effect="slide" end="0,900" start="0,0" time="440" tween="Back" easing="InOut">WindowClose</animation>
			<visible>!Window.IsActive(videoosd) + !VideoPlayer.Content(episodes) + !VideoPlayer.Content(movies) + !VideoPlayer.Content(LiveTV)</visible>
			<control type="image">
				<top>900</top>
				<height>122</height>
				<width>1920</width>
				<texture border="1,70,1,1" flipy="true">topbar_black.png</texture>
			</control>
			<control type="grouplist">
				<top>940</top>
				<width>100%</width>
				<height>122</height>
				<align>center</align>
				<orientation>horizontal</orientation>
				<control type="image">
					<width>320</width>
					<height>88</height>
					<include>MediaFlagVars</include>
					<texture background="true">$INFO[Player.Art(thumb)]</texture>
					<visible>VideoPlayer.Content(livetv)</visible>
				</control>
				<control type="image">
					<colordiffuse>$VAR[StudioFlagColorVar]</colordiffuse>
					<width>260</width>
					<include>MediaFlagVars</include>
					<bordersize>2</bordersize>
					<texture fallback="flags/studios/default-studio.png">$VAR[StudioFlagPathVar]$INFO[VideoPlayer.Studio,,.png]</texture>
				</control>
				<control type="image">
					<width>320</width>
					<colordiffuse>white</colordiffuse>
					<include>MediaFlagVars</include>
					<texture fallback="flags/mpaa/NR.png">$VAR[VideoRatingFlagVar]</texture>
					<visible>!VideoPlayer.Content(livetv)</visible>
				</control>
				<control type="image">
					<width>320</width>
					<colordiffuse>white</colordiffuse>
					<include>MediaFlagVars</include>
					<texture>$INFO[VideoPlayer.VideoResolution,flags/resolution/,.png]</texture>
				</control>
				<control type="image">
					<width>320</width>
					<colordiffuse>white</colordiffuse>
					<include>MediaFlagVars</include>
					<texture>$INFO[VideoPlayer.AudioCodec,flags/audio/,.png]</texture>
				</control>
				<control type="image">
					<width>320</width>
					<colordiffuse>white</colordiffuse>
					<include>MediaFlagVars</include>
					<texture>$INFO[VideoPlayer.AudioChannels,flags/channels/,.png]</texture>
					<visible>VideoPlayer.Content(livetv)</visible>
				</control>
				<control type="image">
					<width>320</width>
					<colordiffuse>white</colordiffuse>
					<include>MediaFlagVars</include>
					<texture>$VAR[VideoSourceFlagVar,flags/video/,.png]</texture>
				</control>
				<control type="image">
					<width>320</width>
					<colordiffuse>white</colordiffuse>
					<include>MediaFlagVars</include>
					<texture>$INFO[VideoPlayer.VideoAspect,flags/aspectratio2/,.png]</texture>
				</control>
				
				
			</control>
		</control>
			
<!-- Animation für alles -->
		
		<control type="group">
			<visible>VideoPlayer.Content(movies) | VideoPlayer.Content(episodes)</visible>
			<animation effect="zoom" start="250" end="100" center="CenterWidth,CenterHeight" time="300" tween="cubic" easing="Out">WindowOpen</animation>
			<animation effect="slide" end="0,900" start="0,0" time="440" tween="Back" easing="InOut">WindowClose</animation>

		
			
<!-- BACKGROUND PIC -->			
						<control type="group">
							<control type="image">
								<left>77</left>
								<top>300</top>
								<width>1752</width>
								<height>720</height>
								<texture border="40">listpanel_back.png</texture>
							</control>
							
							<control type="image">
								<left>1270</left>
								<top>335</top>
								<width>525</width>
								<height>648</height>
								<texture>blue.png</texture>
							</control>
						</control>
<!-- POSTER -->			
			
			<control type="group">
					<top>800</top>
					<left>1270</left>
					<width>525</width>
					<height>95</height>
					<aspectratio align="left">keep</aspectratio>
				<control type="image">
					<visible>VideoPlayer.Content(movies)</visible>
					<texture>$INFO[Player.Art(banner)]</texture>
					<fadetime>400</fadetime>
				</control>
				<control type="image">
					<visible>VideoPlayer.Content(episodes)</visible>
					<texture background="true">$INFO[Player.Art(tvshow.banner)]</texture>
					<fadetime>400</fadetime>
				</control>
			</control>
			
<!-- VIDEO PLAYER TITLE

				
			<control type="image">
				<right>0</right>
				<top>76</top>
				<width>1920</width>
				<height>254</height>
				<aspectratio aligny="bottom" align="center">keep</aspectratio>
				<texture background="true">$VAR[PlayerArtworkVar]</texture>
				<animation effect="fade" start="0" end="400" time="800">WindowOpen</animation>
				<animation effect="fade" end="0" start="400" time="800">WindowClose</animation>
			</control>    -->
				
<!-- TV SHOW INFOS -->
				
				<control type="grouplist">
					<top>343</top>
					<left>1272</left>
					<width>525</width>
					<height>440</height>
 				   	<itemgap>16</itemgap>
					<control type="button">
						<align>center</align>
						<label align="center">[COLOR white][B]$LOCALIZE[20364]:[/B][/COLOR][CR][COLOR white]$INFO[VideoPlayer.TvShowTitle] [/COLOR][CR]</label>
						<width>525</width>
						<visible>!String.IsEmpty(VideoPlayer.TvShowTitle)</visible>
					</control>
					<control type="button">
						<align>center</align>
						<scroll>true</scroll>
						<label>[COLOR white][B]$LOCALIZE[20339]:[/B][/COLOR][CR][COLOR white]$INFO[VideoPlayer.Director] [/COLOR][CR]</label>
						<width>525</width>
						<visible>!String.IsEmpty(VideoPlayer.Director)</visible>
					</control>
					<control type="button">
						<align>center</align>
						<scroll>true</scroll>
						<label>[COLOR white][B]$LOCALIZE[20417]:[/B][/COLOR][CR][COLOR white]$INFO[VideoPlayer.Writer] [/COLOR][CR]</label>
						<width>525</width>
						<visible>!String.IsEmpty(VideoPlayer.Writer)</visible>
					</control>
					<control type="button">
						<align>center</align>
						<scroll>true</scroll>
						<label>[COLOR white][B]$LOCALIZE[345]:[/B][/COLOR][CR][COLOR white]$INFO[VideoPlayer.Year] [/COLOR][CR]</label>
						<width>525</width>
						<visible>!String.IsEmpty(VideoPlayer.Year)</visible>
					</control>
					<control type="button">
						<align>center</align>
						<scroll>true</scroll>
						<label>[COLOR white][B]$LOCALIZE[515]:[/B][/COLOR][CR][COLOR white]$INFO[VideoPlayer.Genre] [/COLOR][CR]</label>
						<width>525</width>
						<visible>!String.IsEmpty(VideoPlayer.Genre)</visible>
					</control>
					<control type="button">
						<align>center</align>
						<scroll>true</scroll>
						<label>[COLOR white][B]$LOCALIZE[20352]:[/B][/COLOR][CR][COLOR white]$INFO[VideoPlayer.Season,$LOCALIZE[20373] ,], $INFO[VideoPlayer.Episode,$LOCALIZE[20452] , , ] [/COLOR][CR]</label>
						<width>525</width>
						<visible>!String.IsEmpty(VideoPlayer.Episode)</visible>
					</control>
					<control type="button">
						<align>center</align>
						<scroll>true</scroll>
						<label>[COLOR white][B]$LOCALIZE[563]:[/B][/COLOR][CR][COLOR white]$INFO[VideoPlayer.RatingAndVotes] [/COLOR][CR]</label>
						<width>525</width>
						<visible>!String.IsEmpty(VideoPlayer.RatingAndVotes)</visible>
					</control>
					<control type="button">
						<align>center</align>
						<scroll>true</scroll>
						<label>[COLOR white][B]$LOCALIZE[20416]:[/B][/COLOR][CR][COLOR white]$INFO[VideoPlayer.Premiered] [/COLOR][CR]</label>
						<width>525</width>
						<visible>!String.IsEmpty(VideoPlayer.Premiered)</visible>
					</control>
				</control>
		
			
<!-- VIDEO FLAGS bei Info -->			
			
			<control type="grouplist">
				
				<left>1275</left>
				<align>center</align>
				<top>895</top>
				<width>525</width>
				<height>85</height>
				<aspectratio>keep</aspectratio>
				<orientation>horizontal</orientation>
				<control type="image">
					<colordiffuse>white</colordiffuse>
					<width>75</width>
					<include>MediaFlagVars</include>
					<bordersize>2</bordersize>
					<texture fallback="flags/studios/default-studio.png">$VAR[StudioFlagPathVar]$INFO[VideoPlayer.Studio,,.png]</texture>
				</control>
				<control type="image">
					<width>75</width>
					<colordiffuse>white</colordiffuse>
					<include>MediaFlagVars</include>
					<texture fallback="flags/mpaa/NR.png">$VAR[VideoRatingFlagVar]</texture>
				</control>
				<control type="image">
					<width>75</width>
					<colordiffuse>white</colordiffuse>
					<include>MediaFlagVars</include>
					<texture>$INFO[VideoPlayer.VideoResolution,flags/resolution/,.png]</texture>
				</control>
				<control type="image">
					<width>75</width>
					<colordiffuse>white</colordiffuse>
					<include>MediaFlagVars</include>
					<texture>$INFO[VideoPlayer.AudioCodec,flags/audio/,.png]</texture>
				</control>
				<control type="image">
					<width>75</width>
					<colordiffuse>white</colordiffuse>
					<include>MediaFlagVars</include>
					<texture>$INFO[VideoPlayer.AudioChannels,flags/channels/,.png]</texture>
				</control>
				<control type="image">
					<width>75</width>
					<colordiffuse>white</colordiffuse>
					<include>MediaFlagVars</include>
					<texture>$VAR[VideoSourceFlagVar,flags/video/,.png]</texture>
				</control>
				<control type="image">
					<width>75</width>
					<colordiffuse>white</colordiffuse>
					<include>MediaFlagVars</include>
					<texture>$INFO[VideoPlayer.VideoAspect,flags/aspectratio/,.png]</texture>
				</control>
			</control>
			
<!-- CAST und PLOT -->			
			
			<control type="textbox" id="170">
				<label>[COLOR white]$INFO[VideoPlayer.CastAndRole][/COLOR]</label>
				<left>115</left>
				<top>365</top>
				<width>1100</width>
				<height>525</height>
				<font>font15_textbox</font>
				<color>white</color>
				<pagecontrol>62</pagecontrol>
				<include>SettingsFadeAnimation</include>
				<include>ShowCaseInfoPanelButtonsValues</include>
				<visible>Control.HasFocus(66)</visible>
				<autoscroll time="3000" delay="4000" repeat="5000">Skin.HasSetting(Enable.AutoScroll) + !Control.HasFocus(64)</autoscroll>
			</control>
			<control type="textbox" id="171">
				<label>[COLOR white]$INFO[VideoPlayer.Plot][/COLOR]</label>
				<left>115</left>
				<top>365</top>
				<width>1100</width>
				<height>525</height>
				<font>font15_textbox</font>
				<pagecontrol>63</pagecontrol>
				<include>SettingsFadeAnimation</include>
				<include>ShowCaseInfoPanelButtonsValues</include>
				<visible>!Control.HasFocus(66)</visible>
				<autoscroll time="3000" delay="4000" repeat="5000">Skin.HasSetting(Enable.AutoScroll) + !Control.HasFocus(64)</autoscroll>
			</control>
			<control type="scrollbar" id="62">
				<left>95</left>
				<top>335</top>
				<width>14</width>
				<height>648</height>
				<texturesliderbackground />
				<texturesliderbar border="1">scrollbar/texturesliderbar2.png</texturesliderbar>
				<texturesliderbarfocus border="1">scrollbar/texturesliderbar2.png</texturesliderbarfocus>
				<showonepage>false</showonepage>
				<visible>Control.HasFocus(66)</visible>
				<orientation>vertical</orientation>
			</control>
			<control type="scrollbar" id="63">
				<left>95</left>
				<top>335</top>
				<width>14</width>
				<height>648</height>
				<texturesliderbackground />
				<texturesliderbar border="1">scrollbar/texturesliderbar2.png</texturesliderbar>
				<texturesliderbarfocus border="1">scrollbar/texturesliderbar2.png</texturesliderbarfocus>
				<showonepage>false</showonepage>
				<orientation>vertical</orientation>
				<visible>Control.HasFocus(65)</visible>
			</control>
			
<!-- Buttons -->
			<control type="image">
				<left>108</left>
				<bottom>96</bottom>
				<width>1161</width>
				<height>109</height>
				<texture border="1,70,1,5" flipy="true">topbar_black.png</texture>
			</control>
			<control type="grouplist" id="5000">
				<left>108</left>
				<top>923</top>
				<width>1165</width>
				<height>60</height>
				<orientation>horizontal</orientation>
				<control type="button" id="65">
					<width>580</width>
					<label>[COLOR themecolor]$LOCALIZE[207][/COLOR]</label>
					<align>center</align>
					<texture>listselect_fo.png</texture>
					<onup>PageUp(63)</onup>
					<ondown>PageDown(63)</ondown>
					<onclick>noop</onclick>
				</control>
				<control type="button" id="66">
					<width>580</width>
					<label>[COLOR themecolor]$LOCALIZE[206][/COLOR]</label>
					<align>center</align>
					<onup>PageUp(62)</onup>
					<ondown>PageDown(62)</ondown>
					<onclick>noop</onclick>
				</control>
			</control>
		</control>
		
		
<!-- LiveTV Plot -->
		<control type="group" id="9006">
			<top>190</top>
			
			<visible>VideoPlayer.Content(LiveTV) + !Window.IsActive(notification) + !Control.IsVisible(9001) + !Control.IsVisible(9002) + !Skin.HasSetting(TogglePlotLiveTV)</visible>			
			<!-- Small PlotInfo BG -->
			<control type="image">
				<left>336</left>
				<width>1248</width>
				<height>300</height>
				<texture border="60">listpanel_back.png</texture>
				<animation effect="slide" start="0,800" end="0,0" time="940" tween="Back" easing="Out">WindowOpen</animation>
				<animation effect="slide" end="0,900" start="0,0" time="440" tween="Back" easing="InOut">WindowClose</animation>
				<animation effect="fade" end="90" condition="true">Conditional</animation>
				<visible>!String.IsEmpty(VideoPlayer.PlotOutline) + !String.IsEqual(VideoPlayer.PlotOutline,N/A) + !Skin.HasSetting(Enable.LiveTVFullPlot)</visible>
			</control>
			<!-- Big PlotInfo BG -->
			<control type="image">
				<left>336</left>
				<width>1248</width>
				<height>720</height>
				<texture border="60">listpanel_back.png</texture>
				<animation effect="slide" start="0,800" end="0,0" time="940" tween="Back" easing="Out">WindowOpen</animation>
				<animation effect="slide" end="0,900" start="0,0" time="440" tween="Back" easing="InOut">WindowClose</animation>
				<visible>String.IsEmpty(VideoPlayer.PlotOutline) | String.IsEqual(VideoPlayer.PlotOutline,N/A) | Skin.HasSetting(Enable.LiveTVFullPlot)</visible>
			</control>
			<!-- NOW playing in channel -->
			<control type="image">
			<animation effect="fade" time="300" delay="200">WindowOpen</animation>
			<animation effect="fade" time="300">WindowClose</animation>
				<left>0</left>
				<top>122</top>
				<width>1920</width>
				<height>200</height>
				<align>center</align>
				<texture>$VAR[PVRClearArtVar]</texture>
				<aspectratio>keep</aspectratio>
				<fadetime>300</fadetime>
				<animation effect="fade" time="300">Visible</animation>
				<animation effect="fade" time="300">Hidden</animation>
				<include>VisibleFadeAnimation</include>
			</control>
			<control type="grouplist">
				<top>50</top>
				<left>370</left>
				<height>640</height>
				<width>1180</width>
				<animation effect="slide" start="0,800" end="0,0" time="940" tween="Back" easing="Out">WindowOpen</animation>
				<animation effect="slide" end="0,900" start="0,0" time="440" tween="Back" easing="InOut">WindowClose</animation>
				<animation effect="fade" time="1200" delay="200">WindowOpen</animation>
				<animation effect="fade" time="1200" delay="200">WindowClose</animation>
				<itemgap>10</itemgap>
				<usecontrolcoords>true</usecontrolcoords>
				<orientation>vertical</orientation>
				<visible>Skin.HasSetting(ToggleLiveTVNext)</visible>
				<control type="label">
					<height>30</height>
					<label>$INFO[VideoPlayer.ChannelName]</label>
					<font>font16</font>
					<textcolor>themecolor</textcolor>
				</control>
				<control type="label">
					<width>auto</width>
					<height>50</height>
					<label>[B]$INFO[VideoPlayer.Title][/B]</label>
					<font>font48</font>
					<textcolor>themecolor</textcolor>
					<scroll>true</scroll>
				</control>
				<control type="label">
					<width>auto</width>
					<height>35</height>
					<label>[B]($INFO[VideoPlayer.PlotOutline])[/B]</label>
					<font>font14</font>
					<textcolor>themecolor</textcolor>
					<scroll>true</scroll>
					<visible>Skin.HasSetting(Enable.LiveTVFullPlot) + !IsEmpty(VideoPlayer.PlotOutline) + !String.IsEqual(VideoPlayer.PlotOutline,N/A)</visible>
				</control>
				<control type="image">
					<width>1183</width>
					<height>2</height>
					<texture>new_pvr/osd_line_white.png</texture>
					<colordiffuse>themecolor</colordiffuse>
				</control>
				<control type="label">
					<width>1000</width>
					<height>30</height>
					<label>$INFO[VideoPlayer.Genre,$LOCALIZE[515]: ]</label>
					<font>font13</font>
					<textcolor>themecolor</textcolor>
				</control>
				<control type="textbox">
					<width>1183</width>
					<height>174</height>
					<label>$INFO[VideoPlayer.PlotOutline]</label>
					<font>font15_textbox</font>
					<textcolor>white</textcolor>
					<autoscroll delay="6000" time="3000" repeat="6000">true</autoscroll>
					<visible>!IsEmpty(VideoPlayer.PlotOutline) + !String.IsEqual(VideoPlayer.PlotOutline,N/A) + !Skin.HasSetting(Enable.LiveTVFullPlot)</visible>
				</control>
				<control type="textbox">
					<width>1183</width>
					<height>774</height>
					<label>$INFO[VideoPlayer.Plot]</label>
					<font>font15_textbox</font>
					<textcolor>white</textcolor>
					<autoscroll delay="6000" time="3000" repeat="6000">true</autoscroll>
					<visible>Skin.HasSetting(Enable.LiveTVFullPlot)</visible>
				</control>
				<!-- Plot only one line -->
				<control type="textbox">
					<width>1183</width>
					<height>50</height>
					<label>$INFO[VideoPlayer.Plot]</label>
					<font>font15_textbox</font>
					<textcolor>white</textcolor>
					<autoscroll delay="6000" time="3000" repeat="6000">true</autoscroll>
					<visible>[IsEmpty(VideoPlayer.PlotOutline) | String.IsEqual(VideoPlayer.PlotOutline,N/A)] + !Skin.HasSetting(Enable.LiveTVFullPlot)</visible>
				</control>
			</control>
			<!-- NEXT playing on channel -->
			<control type="grouplist">
				<animation effect="slide" start="0,800" end="0,0" time="940" tween="Back" easing="Out">WindowOpen</animation>
				<animation effect="slide" end="0,900" start="0,0" time="440" tween="Back" easing="InOut">WindowClose</animation>
				<animation effect="fade" time="1200" delay="200">WindowOpen</animation>
				<animation effect="fade" time="1200" delay="200">WindowClose</animation>
				<top>50</top>
				<left>368</left>
				<height>650</height>
				<width>1183</width>
				<itemgap>10</itemgap>
				<usecontrolcoords>true</usecontrolcoords>
				<orientation>vertical</orientation>
				<visible>!Skin.HasSetting(ToggleLiveTVNext)</visible>
				<control type="label">
					<height>30</height>
					<label>$INFO[VideoPlayer.ChannelName]</label>
					<font>font16</font>
					<textcolor>themecolor</textcolor>
				</control>
				<control type="grouplist">
					<width>1138</width>
					<height>50</height>
					<itemgap>50</itemgap>
					<orientation>horizontal</orientation>
					<control type="label">
						<width>auto</width>
						<height>50</height>
						<label>[B][COLOR themecolor]$LOCALIZE[19031]:[/COLOR] [COLOR themecolor]$INFO[VideoPlayer.NextTitle][/COLOR][/B]</label>
						<font>font48</font>
						<scroll>true</scroll>
					</control>
					<control type="label">
						<width>auto</width>
						<height>60</height>
						<label>[COLOR themecolor]$LOCALIZE[180]:[/COLOR] [COLOR themecolor]$INFO[VideoPlayer.NextDuration][/COLOR]</label>
						<font>font15</font>
						<scroll>true</scroll>
					</control>
				</control>
				<control type="label">
					<width>auto</width>
					<height>35</height>
					<label>[B][COLOR themecolor]($INFO[VideoPlayer.NextPlotOutline])[/COLOR][/B]</label>
					<font>font14</font>
					<scroll>true</scroll>
					<visible>Skin.HasSetting(Enable.LiveTVFullPlot) + !IsEmpty(VideoPlayer.NextPlotOutline) + !String.IsEqual(VideoPlayer.PlotOutline,N/A)</visible>
				</control>
				<control type="image">
					<width>1138</width>
					<height>2</height>
					<texture>new_pvr/osd_line_white.png</texture>
					<colordiffuse>themecolor</colordiffuse>
				</control>
				<control type="label">
					<width>1000</width>
					<height>30</height>
					<label>[COLOR themecolor]$INFO[VideoPlayer.NextGenre,$LOCALIZE[515]: ][/COLOR]</label>
					<font>font13</font>
					<textcolor>themecolor</textcolor>
				</control>
				<control type="textbox">
					<width>1138</width>
					<height>174</height>
					<label>$INFO[VideoPlayer.NextPlotOutline]</label>
					<font>font15_textbox</font>
					<textcolor>white</textcolor>
					<autoscroll delay="6000" time="3000" repeat="6000">true</autoscroll>
					<visible>!IsEmpty(VideoPlayer.NextPlotOutline) + !String.IsEqual(VideoPlayer.NextPlotOutline,N/A) + !Skin.HasSetting(Enable.LiveTVFullPlot)</visible>
				</control>
				<control type="textbox">
					<width>1138</width>
					<label>$INFO[VideoPlayer.NextPlot]</label>
					<height>774</height>
					<font>font15_textbox</font>
					<textcolor>white</textcolor>
					<autoscroll delay="6000" time="3000" repeat="6000">true</autoscroll>
					<visible>Skin.HasSetting(Enable.LiveTVFullPlot)</visible>
				</control>
				<!-- NextPlot only one line -->
				<control type="textbox">
					<width>1138</width>
					<height>50</height>
					<label>$INFO[VideoPlayer.NextPlot]</label>
					<font>font15_textbox</font>
					<textcolor>white</textcolor>
					<autoscroll delay="6000" time="3000" repeat="6000">true</autoscroll>
					<visible>[IsEmpty(VideoPlayer.NextPlotOutline) | String.IsEqual(VideoPlayer.NextPlotOutline,N/A)] + !Skin.HasSetting(Enable.LiveTVFullPlot)</visible>
				</control>
			</control>
		</control>
	</controls>
</window>
