<?xml version="1.0" encoding="UTF-8"?>
<window>
	<defaultcontrol always="true">602</defaultcontrol>
	<coordinates>
		<system>1</system>
		<left>0</left>
		<top>0</top>
	</coordinates>
	<controls>
		<control type="group">
			<animation effect="slide" end="0,-238" time="240" tween="quadratic" condition="Window.IsVisible(selectdialog) | Window.IsVisible(script-cu-lrclyrics-main.xml)">Conditional</animation>
			<animation effect="slide" start="0,-238" end="0,0" time="240" tween="quadratic">WindowOpen</animation>
			<animation effect="slide" end="0,-238" start="0,0" time="240" tween="quadratic">WindowClose</animation>
			<control type="image">
				<width>100%</width>
				<top>0</top>
				<height>131</height>
				<texture>topbar_black.png</texture>
			</control>
			<control type="grouplist" id="202">
				<top>0</top>
				<left>35</left>
				<height>70</height>
				<width>100%</width>
				<align>center</align>
				<scrolltime tween="sine">200</scrolltime>
				<orientation>horizontal</orientation>
				<onup>706</onup>
				<ondown>802</ondown>
				<onleft>202</onleft>
				<onright>202</onright>
				<control type="button" id="802">
					<texturefocus>osd/buttons_white/OSDChannelUPFO.png</texturefocus>
					<texturenofocus>osd/buttons_white/OSDChannelUPNF.png</texturenofocus>
					<label />
					<width>60</width>
					<height>60</height>
					<font />
					<onclick>SetRating</onclick>
				</control>
				<control type="button" id="700">
					<texturefocus>osd/buttons_white/OSDPlaylistFO.png</texturefocus>
					<texturenofocus>osd/buttons_white/OSDPlaylistNF.png</texturenofocus>
					<label />
					<width>60</width>
					<height>60</height>
					<font />
					<onclick>Close</onclick>
					<onclick>ActivateWindow(MusicPlaylist)</onclick>
				</control>
				<control type="button" id="500">
					<texturefocus>osd/buttons_white/OSDVizFO.png</texturefocus>
					<texturenofocus>osd/buttons_white/OSDVizNF.png</texturenofocus>
					<label />
					<width>60</width>
					<height>60</height>
					<font />
				</control>
				<control type="button" id="702">
					<texturefocus>osd/buttons_white/OSDSettingsFO.png</texturefocus>
					<texturenofocus>osd/buttons_white/OSDSettingsNF.png</texturenofocus>
					<label />
					<width>60</width>
					<height>60</height>
					<font />
					<onclick>Addon.Default.OpenSettings(xbmc.player.musicviz)</onclick>
					<visible>Visualisation.Enabled</visible>
				</control>
				<control type="button" id="705">
					<texturefocus>osd/buttons_white/OSDVideoFO.png</texturefocus>
					<texturenofocus>osd/buttons_white/OSDVideoNF.png</texturenofocus>
					<width>60</width>
					<height>60</height>
					<font />
					<onclick>ActivateWindow(visualisationpresetlist)</onclick>
					<visible>Visualisation.HasPresets</visible>
				</control>
				<control type="button" id="600">
					<texturefocus>osd/buttons_white/OSDPrevTrackFO.png</texturefocus>
					<texturenofocus>osd/buttons_white/OSDPrevTrackNF.png</texturenofocus>
					<label />
					<width>60</width>
					<height>60</height>
					<font />
					<onclick>PlayerControl(Previous)</onclick>
				</control>
				<control type="button" id="601">
					<texturefocus>osd/buttons_white/OSDRewindFO.png</texturefocus>
					<texturenofocus>osd/buttons_white/OSDRewindNF.png</texturenofocus>
					<label />
					<width>60</width>
					<height>60</height>
					<font />
					<onclick>PlayerControl(Rewind)</onclick>
				</control>
				<control type="togglebutton" id="602">
					<texturefocus>osd/buttons_white/OSDPauseFO.png</texturefocus>
					<texturenofocus>osd/buttons_white/OSDPauseNF.png</texturenofocus>
					<alttexturefocus>osd/buttons_white/OSDPlayFO.png</alttexturefocus>
					<alttexturenofocus>osd/buttons_white/OSDPlayNF.png</alttexturenofocus>
					<label />
					<altlabel>208</altlabel>
					<width>60</width>
					<height>60</height>
					<font />
					<usealttexture>Player.Paused | Player.Forwarding | Player.Rewinding</usealttexture>
					<onclick>PlayerControl(Play)</onclick>
				</control>
				<control type="button" id="603">
					<texturefocus>osd/buttons_white/OSDStopFO.png</texturefocus>
					<texturenofocus>osd/buttons_white/OSDStopNF.png</texturenofocus>
					<label />
					<width>60</width>
					<height>60</height>
					<font />
					<onclick>PlayerControl(Stop)</onclick>
				</control>
				<control type="button" id="604">
					<texturefocus>osd/buttons_white/OSDForwardFO.png</texturefocus>
					<texturenofocus>osd/buttons_white/OSDForwardNF.png</texturenofocus>
					<label />
					<width>60</width>
					<height>60</height>
					<font />
					<onclick>PlayerControl(Forward)</onclick>
				</control>
				<control type="button" id="605">
					<texturefocus>osd/buttons_white/OSDNextTrackFO.png</texturefocus>
					<texturenofocus>osd/buttons_white/OSDNextTrackNF.png</texturenofocus>
					<label />
					<width>60</width>
					<height>60</height>
					<font />
					<onclick>PlayerControl(Next)</onclick>
				</control>
				<control type="button" id="703">
					<texturefocus>osd/buttons_white/OSDLyricsFO.png</texturefocus>
					<texturenofocus>osd/buttons_white/OSDLyricsNF.png</texturenofocus>
					<label />
					<width>60</width>
					<height>60</height>
					<font />
					<onclick>Close</onclick>
					<onclick>RunScript(script.cu.lrclyrics)</onclick>
				</control>
				<control type="togglebutton" id="704">
					<texturefocus>osd/buttons_white/OSDRandomOffFO.png</texturefocus>
					<texturenofocus>osd/buttons_white/OSDRandomOffNF.png</texturenofocus>
					<alttexturefocus>osd/buttons_white/OSDRandomOnFO.png</alttexturefocus>
					<alttexturenofocus>osd/buttons_white/OSDRandomOnNF.png</alttexturenofocus>
					<label />
					<width>60</width>
					<height>60</height>
					<font />
					<usealttexture>Playlist.IsRandom</usealttexture>
					<onclick>PlayerControl(Random)</onclick>
				</control>
				<control type="button" id="707">
					<width>0.1</width>
					<height>0.1</height>
					<texturefocus />
					<texturenofocus />
					<label>$LOCALIZE[486]$INFO[Playlist.Repeat, : ]</label>
					<font />
					<onclick>PlayerControl(Repeat)</onclick>
				</control>
				<control type="image" id="708">
					<texture>$VAR[MusicOSDRepeatButtonVar]</texture>
					<width>60</width>
					<height>60</height>
				</control>
				<control type="button" id="706">
					<texturefocus>osd/buttons_white/OSDSkinFO.png</texturefocus>
					<texturenofocus>osd/buttons_white/OSDSkinNF.png</texturenofocus>
					<label />
					<width>60</width>
					<height>60</height>
					<font />
					<onclick>Dialog.Close(musicosd)</onclick>
					<onclick>ActivateWindow(1120)</onclick>
					<onclick>SetProperty(MusicOSD.Settings,True,home)</onclick>
				</control>
			</control>
		</control>
	</controls>
</window>
