<?xml version="1.0" encoding="UTF-8"?>
<window>
  <defaultcontrol>10</defaultcontrol>
  <include>DialogOpenClose</include>
  <controls>
    <include>DimBG</include>
    <control type="group">
      <posx>326</posx>
      <posy>294</posy>
      <width>1270</width>
      <height>492</height>
      <control type="image">
        <description>background image</description>
        <posy>-30</posy>
        <width>1270</width>
        <height>522</height>
        <texture border="0,0,0,442">dialogs/AddSourceBG.png</texture>
      </control>
      <control type="label" description="Upper Path Name Label">
        <posx>30</posx>
        <posy>3</posy>
        <width>1010</width>
        <height>40</height>
        <textcolor>Highlight</textcolor>
        <label>$LOCALIZE[1021]</label>
      </control>
      <control type="list" id="10" description="Path list">
        <posx>60</posx>
        <posy>84</posy>
        <width>908</width>
        <height>246</height>
        <onup>12</onup>
        <ondown>12</ondown>
        <onleft>noop</onleft>
        <onright>11</onright>
        <scrolltime>0</scrolltime>
        <itemlayout height="62">
          <control type="label">
            <posx>8</posx>
            <width>908</width>
            <height>48</height>
            <font>font12</font>
            <align>left</align>
            <label>$INFO[ListItem.Label]</label>
          </control>
        </itemlayout>
        <focusedlayout height="62">
          <control type="label">
            <posx>8</posx>
            <width>908</width>
            <height>48</height>
            <font>font12</font>
            <label>$INFO[ListItem.Label]</label>
          </control>
        </focusedlayout>
      </control>
      <control type="image" description="Upper frame">
        <visible>Control.HasFocus(10)</visible>
        <include>VisibleFadeEffect</include>
        <posx>27</posx>
        <posy>69</posy>
        <width>980</width>
        <height>261</height>
        <texture border="50">dialogs/AddSourceTopFrame.png</texture>
      </control>
      <control type="label" description="Enter Name Label">
        <posx>30</posx>
        <posy>333</posy>
        <width>1010</width>
        <height>40</height>
        <label>$LOCALIZE[1022]</label>
      </control>
      <control type="edit" id="12" description="Path Buttons">
        <posx>27</posx>
        <posy>386</posy>
        <width>980</width>
        <height>66</height>
        <align>center</align>
        <aligny>center</aligny>
        <label></label>
        <onup>10</onup>
        <onleft>18</onleft>
        <onright>18</onright>
        <ondown>10</ondown>
      </control>
      <control type="grouplist" id="9000">
        <posx>1024</posx>
        <posy>75</posy>
        <onleft>10</onleft>
        <onright>10</onright>
        <width>230</width>
        <height>360</height>
        <control type="button" id="11">
          <description>Button: Browse</description>
          <height>60</height>
          <label>$LOCALIZE[1024]</label>
          <align>left</align>
          <textoffsetx>30</textoffsetx>
          <texturenofocus border="3">buttons/ButtonNF.png</texturenofocus>
        </control>
        <control type="button" id="13">
          <description>Button: Add</description>
          <height>60</height>
          <label>$LOCALIZE[15019]</label>
          <align>left</align>
          <textoffsetx>30</textoffsetx>
          <texturenofocus border="3">buttons/ButtonNF.png</texturenofocus>
        </control>
        <control type="button" id="14">
          <description>Button: Remove</description>
          <height>60</height>
          <label>$LOCALIZE[1210]</label>
          <align>left</align>
          <textoffsetx>30</textoffsetx>
          <texturenofocus border="3">buttons/ButtonNF.png</texturenofocus>
        </control>
        <control type="button" id="18">
          <description>Button: OK</description>
          <height>60</height>
          <label>$LOCALIZE[186]</label>
          <align>left</align>
          <textoffsetx>30</textoffsetx>
          <texturenofocus border="3">buttons/ButtonNF.png</texturenofocus>
        </control>
      </control>
    </control>
  </controls>
</window>