<?xml version="1.0" encoding="UTF-8"?>
<includes>
  <!--

	  CUSTOM WINDOWS LIST
		_1114 Custom_Quit * define Quit menu
    _1118 Custom_FullscreenMusic * go straight to visualisation when playing music
    _1119 CustomAddons * browse addons united under the same roof

   -->
  <include file="Includes_Variables.xml" />
  <include file="defaults.xml" />
  <include file="Includes_Plexbmc.xml" />
  <include file="Includes_Plexbmc_Jarvis.xml" />
  <include file="Includes_Horizontal_Home.xml" />
  <include file="Includes_Vertical_Home.xml" />
  <include file="Includes_Shelf_Contents_Jarvis.xml" />
  <include file="Includes_Shelf_Contents.xml" />
  <include file="Includes_Media.xml" />
  <include file="View_50_List.xml" />
  <include file="View_51_Panel.xml" />
  <include file="View_52_BigList.xml" />
  <include file="View_53_Icons.xml" />
  <include file="View_54_LowList.xml" />
  <include file="View_55_BigPanel.xml" />
  <include file="View_56_Fanart.xml" />
  <include file="View_PVR.xml" />
  <include name="ContentFade">
    <animation effect="fade" start="0" end="100" time="500" delay="0">WindowOpen</animation>
    <animation effect="fade" start="100" end="0" time="200" delay="0">WindowClose</animation>
    <animation effect="fade" start="0" end="100" time="500" delay="0">Visible</animation>
    <animation effect="fade" start="100" end="0" time="200" delay="0">Hidden</animation>
  </include>
  <include name="VignetteFade">
    <animation effect="fade" start="0" end="100" time="500" delay="0" condition="Window.Previous(home)">Conditional</animation>
    <animation effect="fade" start="100" end="0" time="200" delay="0" condition="Window.Next(home)">Conditional</animation>
  </include>
  <include name="VisibleFadeEffect">
    <animation effect="fade" time="200">Visible</animation>
    <animation effect="fade" time="200">Hidden</animation>
  </include>
  <include name="VisibleFadeEffectDelay">
    <animation effect="fade" time="300" delay="100">Visible</animation>
    <animation effect="fade" time="0">Hidden</animation>
  </include>
  <include name="VisibleFadeEffectDelayShelf">
    <animation effect="fade" time="100">Visible</animation>
    <animation effect="fade" time="50">Hidden</animation>
  </include>
  <include name="OSDFade">
    <animation effect="fade" start="0" end="100" time="100">WindowOpen</animation>
    <animation effect="fade" start="100" end="0" time="50">WindowClose</animation>
  </include>
  <include name="OpenClose">
    <animation effect="fade" time="250">WindowOpen</animation>
    <animation effect="fade" time="250">WindowClose</animation>
  </include>
  <include name="DialogOpenClose">
    <animation type="WindowOpen">
      <effect type="fade" start="0" end="100" time="240" />
      <effect type="zoom" tween="cubic" easing="out" start="30" end="100" center="960,540" time="240" />
    </animation>
    <animation type="WindowClose">
      <effect type="fade" start="100" end="0" time="140" />
      <effect type="zoom" tween="cubic" easing="in" start="100" end="30" center="960,540" time="140" />
    </animation>
  </include>
  <include name="WeatherAni0">
    <animation type="WindowOpen">
      <effect type="fade" start="80" end="100" time="200" />
    </animation>
    <animation type="WindowClose">
      <effect type="fade" start="100" end="0" time="100" />
    </animation>
    <animation effect="slide" start="0,0" end="0,-450" time="200" condition="Skin.HasSetting(Weather8DayForecast)">Conditional</animation>
  </include>
  <include name="WeatherAni1">
    <animation type="WindowOpen">
      <effect type="fade" start="80" end="100" time="200" delay="150" />
    </animation>
    <animation type="WindowClose">
      <effect type="fade" start="100" end="0" time="100" delay="150" />
    </animation>
    <animation effect="slide" start="0,0" end="0,-450" time="200" condition="Skin.HasSetting(Weather8DayForecast)">Conditional</animation>
  </include>
  <include name="WeatherAni2">
    <animation type="WindowOpen">
      <effect type="fade" start="80" end="100" time="200" delay="300" />
    </animation>
    <animation type="WindowClose">
      <effect type="fade" start="100" end="0" time="100" delay="300" />
    </animation>
    <animation effect="slide" start="0,0" end="0,-450" time="200" condition="Skin.HasSetting(Weather8DayForecast)">Conditional</animation>
  </include>
  <include name="WeatherAni3">
    <animation type="WindowOpen">
      <effect type="fade" start="80" end="100" time="200" delay="450" />
    </animation>
    <animation type="WindowClose">
      <effect type="fade" start="100" end="0" time="100" delay="450" />
    </animation>
    <animation effect="slide" start="0,0" end="0,-450" time="200" condition="Skin.HasSetting(Weather8DayForecast)">Conditional</animation>
  </include>
  <include name="WeatherAni4">
    <animation type="WindowOpen">
      <effect type="fade" start="80" end="100" time="200" delay="600" />
    </animation>
    <animation type="WindowClose">
      <effect type="fade" start="100" end="0" time="100" delay="600" />
    </animation>
  </include>
  <include name="WeatherAni5">
    <animation type="WindowOpen">
      <effect type="fade" start="80" end="100" time="200" delay="750" />
    </animation>
    <animation type="WindowClose">
      <effect type="fade" start="100" end="0" time="100" delay="750" />
    </animation>
  </include>
  <include name="WeatherAni6">
    <animation type="WindowOpen">
      <effect type="fade" start="80" end="100" time="200" delay="900" />
    </animation>
    <animation type="WindowClose">
      <effect type="fade" start="100" end="0" time="100" delay="900" />
    </animation>
  </include>
  <include name="WeatherAni7">
    <animation type="WindowOpen">
      <effect type="fade" start="80" end="100" time="200" delay="1050" />
    </animation>
    <animation type="WindowClose">
      <effect type="fade" start="100" end="0" time="100" delay="1050" />
    </animation>
  </include>
  <include name="WeatherAni8">
    <animation type="WindowOpen">
      <effect type="fade" start="80" end="100" time="200" delay="1200" />
    </animation>
    <animation type="WindowClose">
      <effect type="fade" start="100" end="0" time="100" delay="1200" />
    </animation>
  </include>
  <include name="Icon_Fade">
    <fadetime>200</fadetime>
    <animation effect="fade" time="200">Visible</animation>
    <animation effect="fade" time="100">Hidden</animation>
  </include>
  <include name="HiddenButton">
    <left>-3000</left>
    <top>-3000</top>
    <width>1</width>
    <height>1</height>
    <texturefocus></texturefocus>
    <texturenofocus></texturenofocus>
    <label></label>
    <font></font>
  </include>
  <include name="DimBG">
    <control type="image">
      <width>1920</width>
      <height>1080</height>
      <texture>img/BlackDotT.png</texture>
    </control>
  </include>
  <include name="Dimensions_Fullscreen">
    <width>1920</width>
    <height>1080</height>
  </include>

  <include name="ShadowedImage">
    <param name="top">0</param>
    <param name="left">0</param>
    <param name="width"/>
    <param name="height"/>
    <param name="shadowoffset">8</param>
    <param name="shadowcolor">HeavyShadow</param>
    <param name="texture">$INFO[ListItem.Icon]</param>
    <param name="aspect">keep</param>
    <param name="align">center</param>
    <param name="aligny">center</param>
    <definition>
      <control type="group">
        <top>$PARAM[top]</top>
        <left>$PARAM[left]</left>
        <control type="image" description="Icon Shadow">
          <top>$PARAM[shadowoffset]</top>
          <left>$PARAM[shadowoffset]</left>
          <width>$PARAM[width]</width>
          <height>$PARAM[height]</height>
          <texture colordiffuse="$PARAM[shadowcolor]">$PARAM[texture]</texture>
          <aspectratio align="$PARAM[align]" aligny="$PARAM[aligny]">$PARAM[aspect]</aspectratio>
        </control>
        <control type="image" description="Icon">
          <width>$PARAM[width]</width>
          <height>$PARAM[height]</height>
          <texture>$PARAM[texture]</texture>
          <aspectratio align="$PARAM[align]" aligny="$PARAM[aligny]">$PARAM[aspect]</aspectratio>
        </control>
      </control>
    </definition>
  </include>

  <include name="BackgroundOverlay">
    <param name="overlaywidth">1920</param>
    <param name="overlayheight">1120</param>
    <param name="overlaytop">-40</param>
    <param name="overlayleft">0</param>
    <param name="parentid"/>
    <definition>
      <control type="image" description="background overlay">
        <visible>Control.IsVisible($PARAM[parentid])</visible>
        <include>VignetteFade</include>
        <left>$PARAM[overlayleft]</left>
        <top>$PARAM[overlaytop]</top>
        <width>$PARAM[overlaywidth]</width>
        <height>$PARAM[overlayheight]</height>
        <texture border="0,30,0,0">OSD/FS_OSDBackground.png</texture> 
        <colordiffuse>dfcebe9e</colordiffuse> 
      </control>
    </definition>
  </include>

  <include name="Panel_Size">
    <posx>36</posx>
    <posy>54</posy>
    <width>1849</width>
    <height>1010</height>
  </include>

  <include name="Time">
    <control type="group">
      <width>1920</width>
      <control type="group">
        <visible>Window.Is(home) | [!Window.Is(home) + !Skin.HasSetting(Hide.TopBar.Sub)]</visible>
        <control type="image">
          <include>VisibleFadeEffect</include>
          <width>1920</width>
          <height>48</height>
          <texture>common/TopStripe.png</texture>
        </control>
        <control type="label">
          <visible>!Player.HasMedia</visible>
          <include>VisibleFadeEffect</include>
          <posx>30</posx>
          <width>1200</width>
          <height>35</height>
          <font>Details</font>
          <label>$VAR[GlobalHeadings]</label>
        </control>
        <control type="rss" description="RSS Feed">
          <visible>Window.Is(home) + system.getbool(lookandfeel.enablerssfeeds) + !Player.HasMedia</visible>
          <posx>30</posx>
          <width>1200</width>
          <height>35</height>
          <font>Details</font>
          <urlset>1</urlset>
          <shadowcolor>ShadowDark</shadowcolor>
          <titlecolor>White2</titlecolor>
          <headlinecolor>White2</headlinecolor>
          <textcolor>Grey</textcolor>
        </control>
        <control type="group">
          <visible>Player.HasMedia</visible>
          <include>VisibleFadeEffect</include>
          <control type="image" description="Speaker">
            <posx>12</posx>
            <posy>-6</posy>
            <width>40</width>
            <height>51</height>
            <aspectratio>keep</aspectratio>
            <texture>$VAR[TopBarMediaIcon]</texture>
            <colordiffuse>Highlight</colordiffuse>
          </control>
          <control type="label">
            <include>VisibleFadeEffect</include>
            <posx>60</posx>
            <width>1200</width>
            <height>35</height>
            <font>Details</font>
            <label>$VAR[TopBarMedia]</label>
          </control>
        </control>
        <control type="grouplist">
          <left>1100</left>
          <top>-3</top>
          <height>40</height>
          <itemgap>10</itemgap>
          <orientation>horizontal</orientation>
          <align>right</align>
          <width>800</width>
          <usecontrolcoords>true</usecontrolcoords>
          <control type="image">
            <visible>!Skin.HasSetting(Hide.RecordingTitleBar) + [Pvr.IsRecordingTV | Pvr.IsRecordingRadio]</visible>
            <top>6</top>
            <width>45</width>
            <height>32</height>
            <aspectratio aligny="center">keep</aspectratio>
            <texture>img/PVR-IsRecording.png</texture>
          </control>
          <control type="image">
            <visible>!Skin.HasSetting(Hide.WeatherTitleBar) + !String.IsEmpty(Weather.Plugin)</visible>
            <visible>!String.IsEqual(Weather.Location,$LOCALIZE[503])</visible>
            <top>3</top>
            <width>45</width>
            <height>38</height>
            <aspectratio aligny="center">keep</aspectratio>
            <texture>$VAR[WeatherIconPath]$INFO[Window(Weather).Property(Current.FanartCode),,.png]</texture>
          </control>
          <control type="label">
            <visible>!Skin.HasSetting(Hide.WeatherTitleBar) + !String.IsEmpty(Weather.Plugin)</visible>
            <visible>!String.IsEqual(Weather.Location,$LOCALIZE[503])</visible>
            <width>auto</width>
            <align>right</align>
            <aligny>center</aligny>
            <font>Details</font>
            <textcolor>White</textcolor>
            <shadowcolor>ShadowDark</shadowcolor>
            <label>$INFO[Weather.Temperature,,[COLOR=Highlight]  • [/COLOR]]</label>
            <height>40</height>
          </control>
          <control type="label">
            <width>auto</width>
            <align>right</align>
            <aligny>center</aligny>
            <font>Details</font>
            <textcolor>White</textcolor>
            <shadowcolor>ShadowDark</shadowcolor>
            <label>$VAR[TimeLabel]</label>
            <height>40</height>
          </control>
          <control type="togglebutton">
            <visible>Skin.HasSetting(ShowMasterLockTitle) + System.HasLocks</visible>
            <top>7</top>
            <width>30</width>
            <height>30</height>
            <texturefocus>NoMasterNF.png</texturefocus>
            <texturenofocus>NoMasterNF.png</texturenofocus>
            <alttexturefocus colordiffuse="Highlight">MasterNF.png</alttexturefocus>
            <alttexturenofocus colordiffuse="Highlight">MasterNF.png</alttexturenofocus>
            <usealttexture>System.IsMaster</usealttexture>
            <onclick>mastermode</onclick>
            <aligny>center</aligny>
          </control>
        </control>
      </control>
    </control>
  </include>
  
  <include name="DefaultBackground">
    <control type="multiimage">
      <visible>![Player.HasVideo + Skin.HasSetting(Show_Player)]</visible>
      <include>Dimensions_Fullscreen</include>
      <timeperimage>12000</timeperimage>
      <fadetime>400</fadetime>
      <imagepath background="true">$VAR[SubBackground]</imagepath>
      <randomize>true</randomize>
      <aspectratio>scale</aspectratio>
    </control>
    <control type="visualisation">
      <visible>Player.HasAudio + Skin.HasSetting(Show_Player)</visible>
      <include>Dimensions_Fullscreen</include>
    </control>
    <control type="videowindow">
      <visible>Player.HasVideo + Skin.HasSetting(Show_Player)</visible>
      <include>Dimensions_Fullscreen</include>
    </control>
  </include>

  <include name="SeekbarLabels">
    <posx>40</posx>
    <height>40</height>
    <width>1840</width>
    <align>center</align>
    <font>Details</font>
    <shadowcolor>Black</shadowcolor>
    <animation effect="fade" time="50">VisibleChange</animation>
  </include>

  <include name="9000ViewButtons">
    <height>54</height>
    <width>484</width>
    <font>Details</font>
    <textoffsetx>30</textoffsetx>
    <disabledcolor>Grey</disabledcolor>
  </include>
  <include name="9000SysButtons">
    <height>54</height>
    <width>484</width>
    <font>Details</font>
    <radioposx>390</radioposx>
    <textoffsetx>30</textoffsetx>
    <disabledcolor>Grey</disabledcolor>
    <texturenofocus border="3">buttons/ButtonNF.png</texturenofocus>
  </include>
  <include name="9000Commons" description="Regular BG">
    <visible allowhiddenfocus="true">ControlGroup(8999).HasFocus()</visible>
    <animation type="Visible">
      <effect type="fade" start="0" end="100" time="250" />
      <effect type="slide" tween="circle" easing="out" start="0,0" end="500,0" time="350" />
    </animation>
    <animation type="Hidden">
      <effect type="fade" start="100" end="0" time="250" delay="0" />
      <effect type="slide" start="500,0" end="0,0" time="250" />
    </animation>
    <control type="image">
      <posx>-500</posx>
      <width>510</width>
      <height>1080</height>
      <texture border="0,0,30,0">common/ViewMenu.png</texture>
    </control>
  </include>

  <include name="9000NavCommons" description="Regular BG">
      <control type="button" id="3">
      <description>Viewtype Toggle</description>
      <left>-3000</left>
      <top>-3000</top>
      <width>1</width>
      <height>1</height>
      <texturefocus></texturefocus>
      <texturenofocus></texturenofocus>
      <label></label>
      <font></font>
    </control>
    <control type="button" id="4">
      <description>Order Toggle</description>
      <left>-3000</left>
      <top>-3000</top>
      <width>1</width>
      <height>1</height>
      <texturefocus></texturefocus>
      <texturenofocus></texturenofocus>
      <label></label>
      <font></font>
    </control>
    <control type="group" description="ViewsPopOut">
      <visible>ControlGroup(9600).HasFocus()</visible>
      <include>VisibleFadeEffect</include>
      <control type="image">
        <posy>92</posy>
        <width>300</width>
        <height>154</height>
        <texture border="45">dialogs/TinyDialog.png</texture>
        <visible>Integer.IsEqual(Container(9600).NumItems,2)</visible>
      </control>
      <control type="image">
        <posy>92</posy>
        <width>300</width>
        <height>208</height>
        <texture border="45">dialogs/TinyDialog.png</texture>
        <visible>Integer.IsEqual(Container(9600).NumItems,3)</visible>
      </control>
      <control type="image">
        <posy>92</posy>
        <width>300</width>
        <height>262</height>
        <texture border="45">dialogs/TinyDialog.png</texture>
        <visible>Integer.IsEqual(Container(9600).NumItems,4)</visible>
      </control>
      <control type="image">
        <posy>92</posy>
        <width>300</width>
        <height>316</height>
        <texture border="45">dialogs/TinyDialog.png</texture>
        <visible>Integer.IsEqual(Container(9600).NumItems,5)</visible>
      </control>
      <control type="image">
        <posy>92</posy>
        <width>300</width>
        <height>370</height>
        <texture border="45">dialogs/TinyDialog.png</texture>
        <visible>Integer.IsEqual(Container(9600).NumItems,6)</visible>
      </control>
      <control type="image">
        <posy>92</posy>
        <width>300</width>
        <height>424</height>
        <texture border="45">dialogs/TinyDialog.png</texture>
        <visible>Integer.IsEqual(Container(9600).NumItems,7)</visible>
      </control>
      <control type="grouplist" id="9600">
        <posx>26</posx>
        <posy>116</posy>
        <width>248</width>
        <height>400</height>
        <onleft>9000</onleft>
        <onright>50</onright>
        <onup>9600</onup>
        <ondown>9600</ondown>
        <onback>9000</onback>
        <scrolltime>200</scrolltime>
        <orientation>vertical</orientation>
        <control type="button" id="9650">
          <description>Set View 50</description>
          <include>9000SysButtons</include>
          <label>$LOCALIZE[535]</label>
          <onclick>Container.SetViewMode(50)</onclick>
          <visible>!Skin.HasSetting(hide.listview)</visible>
        </control>
        <control type="button" id="9651">
          <description>Set View 51</description>
          <include>9000SysButtons</include>
          <label>$LOCALIZE[31963]</label>
          <onclick>Container.SetViewMode(51)</onclick>
          <visible>!Skin.HasSetting(hide.panelview)</visible>
        </control>
        <control type="button" id="9652">
          <description>Set View 52</description>
          <include>9000SysButtons</include>
          <label>$LOCALIZE[31999]</label>
          <onclick>Container.SetViewMode(52)</onclick>
          <visible>!Skin.HasSetting(hide.biglistview)</visible>
        </control>
        <control type="button" id="9653">
          <description>Set View 53</description>
          <include>9000SysButtons</include>
          <label>$LOCALIZE[536]</label>
          <onclick>Container.SetViewMode(53)</onclick>
          <visible>!Skin.HasSetting(hide.iconsview)</visible>
        </control>
        <control type="button" id="9654">
          <description>Set View 54</description>
          <include>9000SysButtons</include>
          <label>$LOCALIZE[31962]</label>
          <onclick>Container.SetViewMode(54)</onclick>
          <visible>!Skin.HasSetting(hide.lowlistview)</visible>
        </control>
        <control type="button" id="9655">
          <description>Set View 55</description>
          <include>9000SysButtons</include>
          <label>$LOCALIZE[31958]</label>
          <onclick>Container.SetViewMode(55)</onclick>
          <visible>!Skin.HasSetting(hide.bigpanelview)</visible>
        </control>
        <control type="button" id="9656">
          <description>Set View 56</description>
          <include>9000SysButtons</include>
          <label>$LOCALIZE[20445]</label>
          <onclick>Container.SetViewMode(56)</onclick>
          <visible>!Skin.HasSetting(hide.fanartview)</visible>
        </control>
      </control>
    </control>
  </include>

<include name="StandardViewSwitches">
  <param name="viewid"/>
  <definition>
    <control type="radiobutton" id="9$PARAM[viewid]1" description="View Banners">
      <visible>Control.IsVisible($PARAM[viewid]) + Container.Content(TvShows)</visible>
      <font>ListDetails</font>
      <include>9000SysButtons</include>
      <onclick>Skin.ToggleSetting($PARAM[viewid]_UseBanners)</onclick>
      <selected>Skin.HasSetting($PARAM[viewid]_UseBanners)</selected>
      <label>- $LOCALIZE[31992]</label>
    </control>
    <control type="radiobutton" id="9$PARAM[viewid]2" description="View TV Show Small icons">
      <visible>Control.IsVisible($PARAM[viewid]) + Container.Content(TvShows)</visible>
      <font>ListDetails</font>
      <include>9000SysButtons</include>
      <onclick>Skin.ToggleSetting($PARAM[viewid]_TvShows_SmallIcons)</onclick>
      <selected>Skin.HasSetting($PARAM[viewid]_TvShows_SmallIcons)</selected>
      <textoffsetx>16</textoffsetx>
      <label>- $LOCALIZE[1438]</label>
    </control>
    <control type="radiobutton" id="9$PARAM[viewid]3" description="View Seasons Small icons">
      <visible>Control.IsVisible($PARAM[viewid]) + Container.Content(Seasons)</visible>
      <font>ListDetails</font>
      <include>9000SysButtons</include>
      <onclick>Skin.ToggleSetting($PARAM[viewid]_Seasons_SmallIcons)</onclick>
      <selected>Skin.HasSetting($PARAM[viewid]_Seasons_SmallIcons)</selected>
      <textoffsetx>16</textoffsetx>
      <label>- $LOCALIZE[1438]</label>
    </control>    
    <control type="radiobutton" id="9$PARAM[viewid]4" description="View Episodes Small icons">
      <visible>Control.IsVisible($PARAM[viewid]) + Container.Content(Episodes)</visible>
      <font>ListDetails</font>
      <include>9000SysButtons</include>
      <onclick>Skin.ToggleSetting($PARAM[viewid]_Episodes_SmallIcons)</onclick>
      <selected>Skin.HasSetting($PARAM[viewid]_Episodes_SmallIcons)</selected>
      <textoffsetx>16</textoffsetx>
      <label>- $LOCALIZE[1438]</label>
    </control>    
    <control type="radiobutton" id="9$PARAM[viewid]5" description="View Movies Small icons">
      <visible>Control.IsVisible($PARAM[viewid]) + Container.Content(Movies)</visible>
      <font>ListDetails</font>
      <include>9000SysButtons</include>
      <onclick>Skin.ToggleSetting($PARAM[viewid]_Movies_SmallIcons)</onclick>
      <selected>Skin.HasSetting($PARAM[viewid]_Movies_SmallIcons)</selected>
      <textoffsetx>16</textoffsetx>
      <label>- $LOCALIZE[1438]</label>
    </control>    
    <control type="radiobutton" id="9$PARAM[viewid]6" description="View $PARAM[viewid] Small icons">
      <visible>Control.IsVisible($PARAM[viewid]) + [Container.Content(albums) | Container.Content(artists) | Container.Content(songs)]</visible>
      <font>ListDetails</font>
      <include>9000SysButtons</include>
      <onclick>Skin.ToggleSetting($PARAM[viewid]_Music_SmallIcons)</onclick>
      <selected>Skin.HasSetting($PARAM[viewid]_Music_SmallIcons)</selected>
      <textoffsetx>16</textoffsetx>
      <label>- $LOCALIZE[1438]</label>
    </control>    
    <control type="radiobutton" id="9$PARAM[viewid]7" description="View $PARAM[viewid] Small icons">
      <visible>Control.IsVisible($PARAM[viewid]) + Container.Content(Images)</visible>
      <font>ListDetails</font>
      <include>9000SysButtons</include>
      <onclick>Skin.ToggleSetting($PARAM[viewid]_Images_SmallIcons)</onclick>
      <selected>Skin.HasSetting($PARAM[viewid]_Images_SmallIcons)</selected>
      <textoffsetx>16</textoffsetx>
      <label>- $LOCALIZE[1438]</label>
    </control>    
    <control type="radiobutton" id="9$PARAM[viewid]8" description="View 53 Small icons">
      <visible>Control.IsVisible($PARAM[viewid]) + Container.Content(Addons)</visible>
      <font>ListDetails</font>
      <include>9000SysButtons</include>
      <onclick>Skin.ToggleSetting($PARAM[viewid]_Addons_SmallIcons)</onclick>
      <selected>Skin.HasSetting($PARAM[viewid]_Addons_SmallIcons)</selected>
      <textoffsetx>16</textoffsetx>
      <label>- $LOCALIZE[1438]</label>
    </control>
    <control type="radiobutton" id="9$PARAM[viewid]9" description="View 53 Small icons">
      <visible>Control.IsVisible($PARAM[viewid]) + ![container.content(episodes) | container.content(addons) | container.content(artists) | container.content(albums) | container.content(songs) | Container.Content(images) | Container.Content(musicvideos) | container.content(movies) | container.content(TVshows) | container.content(seasons)]</visible>
      <font>ListDetails</font>
      <include>9000SysButtons</include>
      <onclick>Skin.ToggleSetting($PARAM[viewid]_SmallIcons)</onclick>
      <selected>Skin.HasSetting($PARAM[viewid]_SmallIcons)</selected>
      <textoffsetx>16</textoffsetx>
      <label>- $LOCALIZE[1438]</label>
    </control> 
  </definition>
</include>

  <include name="9000GrouplistParameters">
    <posx>-491</posx>
    <posy>60</posy>
    <width>500</width>
    <height>1120</height>
    <onleft>9001</onleft>
    <onright>50</onright>
    <onup>9000</onup>
    <ondown>9000</ondown>
    <onback>50</onback>
    <scrolltime>200</scrolltime>
    <orientation>vertical</orientation>
    <animation effect="fade" time="200" start="100" end="20" reversible="true" condition="!ControlGroup(9000).HasFocus()">Conditional</animation>
    <control type="label" id="9140">
      <textcolor>Highlight</textcolor>
      <textoffsetx>10</textoffsetx>
      <align>left</align>
      <include>9000ViewButtons</include>
      <label>$LOCALIZE[582]</label>
    </control>
    <control type="button" id="6051">
      <include>9000SysButtons</include>
      <label>$LOCALIZE[31023]</label>
      <label2>$INFO[Container.Viewmode]</label2>
      <enable>Integer.IsGreater(Container(9600).NumItems,1)</enable>
      <onclick>Control.SetFocus(9600)</onclick>
    </control>

    <include content="StandardViewSwitches">
      <param name="viewid">53</param>
    </include>

    <include content="StandardViewSwitches">
      <param name="viewid">55</param>
    </include>

    <include content="StandardViewSwitches">
      <param name="viewid">51</param>
    </include>

    <control type="radiobutton" id="9163" description="View 57 Enable info for EPISODES">
      <visible>Control.IsVisible(56)+ container.content(episodes)</visible>
      <font>ListDetails</font>
      <include>9000SysButtons</include>
      <onclick>Skin.ToggleSetting(56_Episodes_Info)</onclick>
      <selected>Skin.HasSetting(56_Episodes_Info)</selected>
      <label>- $LOCALIZE[31968]</label>
    </control>
    <control type="radiobutton" id="9162" description="View 57 Enable gallery for EPISODES">
      <visible>Control.IsVisible(56) + container.content(episodes)</visible>
      <font>ListDetails</font>
      <include>9000SysButtons</include>
      <onclick>Skin.ToggleSetting(56_Episodes_Gallery)</onclick>
      <selected>Skin.HasSetting(56_Episodes_Gallery)</selected>
      <label>- $LOCALIZE[31970]</label>
    </control>

    <control type="radiobutton" id="9166" description="View 58 Enable Info for MUSIC">
      <visible>Control.IsVisible(56) + [container.content(albums) | container.content(artists)]</visible>
      <font>ListDetails</font>
      <include>9000SysButtons</include>
      <onclick>Skin.ToggleSetting(56_Music_Info)</onclick>
      <selected>Skin.HasSetting(56_Music_Info)</selected>
      <label>- $LOCALIZE[31968]</label>
    </control>
    <control type="radiobutton" id="9165" description="View 58 Enable gallery for MUSIC">
      <visible>Control.IsVisible(56) + [container.content(albums) | container.content(artists)]</visible>
      <font>ListDetails</font>
      <include>9000SysButtons</include>
      <onclick>Skin.ToggleSetting(56_Music_Gallery)</onclick>
      <selected>Skin.HasSetting(56_Music_Gallery)</selected>
      <label>- $LOCALIZE[31970]</label>
    </control>

    <control type="radiobutton" id="9169" description="View 59 Enable Info for POSTERS">
      <visible>Control.IsVisible(56) + [container.content(MusicVideos) | container.content(movies) | container.content(tvshows) | container.content(seasons)]</visible>
      <font>ListDetails</font>
      <include>9000SysButtons</include>
      <onclick>Skin.ToggleSetting(56_Posters_Info)</onclick>
      <selected>Skin.HasSetting(56_Posters_Info)</selected>
      <label>- $LOCALIZE[31968]</label>
    </control>
    <control type="radiobutton" id="9168" description="View 59 Enable gallery for POSTERS">
      <visible>Control.IsVisible(56) + [container.content(MusicVideos) | container.content(movies) | container.content(tvshows) | container.content(seasons)]</visible>
      <font>ListDetails</font>
      <include>9000SysButtons</include>
      <onclick>Skin.ToggleSetting(56_Posters_Gallery)</onclick>
      <selected>Skin.HasSetting(56_Posters_Gallery)</selected>
      <label>- $LOCALIZE[31970]</label>
    </control>

    <control type="button" id="6053">
      <include>9000SysButtons</include>
      <label>$LOCALIZE[31024]</label>
      <label2>$INFO[Container.SortMethod]</label2>
      <visible>Control.IsEnabled(3)</visible>
      <onclick>SendClick(3)</onclick>
    </control>
    <control type="button" id="6052">
      <include>9000SysButtons</include>
      <label>$LOCALIZE[31027]</label>
      <label2>$INFO[Container.SortOrder]</label2>
      <visible>Control.IsEnabled(4)</visible>
      <onclick>SendClick(4)</onclick>
    </control>
    <control type="edit" id="19">
      <visible>Container.CanFilter + !Container.CanFilterAdvanced</visible>
      <visible>!Container.Content()</visible>
      <textwidth>395</textwidth>
      <include>9000SysButtons</include>
      <label>$LOCALIZE[137]</label>
      <texturenofocus border="3">buttons/ButtonNF.png</texturenofocus>
    </control>
    <control type="radiobutton" id="199">
      <visible>Container.CanFilterAdvanced</visible>
      <include>9000SysButtons</include>
      <label>$LOCALIZE[587]</label>
      <selected>Container.Filtered</selected>
      <onclick>right</onclick>
      <onclick>Filter</onclick>
    </control>
  </include>

  <include name="KeyboardButtons">
    <align>center</align>
    <aligny>center</aligny>
    <textoffsetx>0</textoffsetx>
    <width>80</width>
    <height>80</height>
    <font>Keyboard</font>
    <focusedcolor>Black</focusedcolor>
    <shadowcolor></shadowcolor>
    <textoffsety>-3</textoffsety>
    <texturefocus border="4" colordiffuse="Highlight">img/WhiteRoundedST2.png</texturefocus>
    <texturenofocus border="4">img/WhiteRoundedT.png</texturenofocus>
    <alttexturefocus border="4" colordiffuse="Highlight">img/WhiteRoundedST2.png</alttexturefocus>
    <alttexturenofocus border="4">img/WhiteRoundedT.png</alttexturenofocus>
  </include>

  <include name="OSDButtons">
    <textureradioonfocus colordiffuse="Black">$PARAM[icon]</textureradioonfocus>
    <textureradioonnofocus>$PARAM[icon]</textureradioonnofocus>
    <textureradioofffocus colordiffuse="Black">$PARAM[icon]</textureradioofffocus>
    <textureradiooffnofocus>$PARAM[icon]</textureradiooffnofocus>
    <textureradioondisabled colordiffuse="Disabled">$PARAM[icon]</textureradioondisabled>
    <textureradiooffdisabled colordiffuse="Disabled">$PARAM[icon]</textureradiooffdisabled>
    <texturefocus border="4" colordiffuse="Highlight">img/WhiteRoundedST2.png</texturefocus>
    <width>64</width>
    <height>64</height>
    <radiowidth>64</radiowidth>
    <radioheight>64</radioheight>
    <font></font>
    <texturenofocus></texturenofocus>
    <radioposx>0.1</radioposx>
    <radioposy>0</radioposy>
    <oninfo>Skin.ToggleSetting(OSDInfo)</oninfo>
  </include>

  <include name="List_9009_Commons" description="Video Info metadata container">
    <posy>35</posy>
    <left>640</left>
    <width>540</width>
    <height>430</height>
    <ondown>9000</ondown>
    <onup>9000</onup>
    <onleft>9000</onleft>
    <onright>9000</onright>
    <pagecontrol></pagecontrol>
    <itemlayout height="47" width="530">
      <control type="label">
        <height>45</height>
        <font>Details</font>
        <align>left</align>
        <aligny>center</aligny>
        <textcolor>Grey2</textcolor>
        <selectedcolor>selected</selectedcolor>
        <label>$INFO[ListItem.Label,[COLOR=Highlight],[/COLOR] ]$INFO[ListItem.Label2]</label>
        <textoffsetx>8</textoffsetx>
        <scroll>false</scroll>
      </control>
    </itemlayout>
    <focusedlayout height="47" width="530">
      <control type="image">
        <texture colordiffuse="Highlight">img/WhiteRoundedST2.png</texture>
      </control>
      <control type="label">
        <height>45</height>
        <font>Details</font>
        <align>left</align>
        <aligny>center</aligny>
        <textcolor>Black</textcolor>
        <selectedcolor>Black</selectedcolor>
        <shadowcolor></shadowcolor>
        <textoffsetx>8</textoffsetx>
        <label>$INFO[ListItem.Label,, ]$INFO[ListItem.Label2]</label>
      </control>
    </focusedlayout>
  </include>

  <include name="Library_Count">
    <control type="group" description="Library stats">
      <animation effect="slide" tween="cubic" easing="inout" start="0,0" end="0,120" time="240" condition="![[[Container(300).HasFocus(13) | Container(300).HasFocus(14)] + Library.HasContent(MusicVideos)] | Container(300).HasFocus(4) | Container(300).HasFocus(5) | [Container(300).HasFocus(6) + Library.HasContent(music)]]">Conditional</animation>
      <control type="image">
        <posx>630r</posx>
        <posy>990</posy>
        <width>630</width>
        <height>90</height>
        <texture border="100,0,0,0">common/TimePanel.png</texture>
      </control>
      <control type="label">
        <posx>20r</posx>
        <posy>1033</posy>
        <height>50</height>
        <width>490</width>
        <font>ListDetails</font>
        <align>right</align>
        <label>$VAR[LibraryStats]</label>
        <shadowcolor>ShadowDark</shadowcolor>
      </control>
    </control>
  </include>

  <include name="BG.Defaults">
    <width>1920</width>
    <height>1080</height>
    <timeperimage>9000</timeperimage>
    <randomize>true</randomize>
    <fadetime>400</fadetime>
    <aspectratio>scale</aspectratio>
  </include>

  <include name="Home.Main.Menu.Custom.Item">
    <param name="item"/>
    <param name="customid"/>
    <definition>
      <item id="$PARAM[itemid]" description="Custom1">
        <visible>!String.IsEmpty(Skin.String(CustomHome.$PARAM[customid].Path))</visible>
        <visible>!System.HasAddon(script.skinshortcuts) | !Skin.HasSetting(Enable.SkinShortcuts)</visible>
        <label>$INFO[Skin.String(CustomHome.$PARAM[customid].Label)]</label>
        <thumb fallback="special://skin/backgrounds/Default.jpg">$INFO[Skin.String(CustomHome.$PARAM[customid].Background)]</thumb>
        <onclick>$INFO[Skin.String(CustomHome.$PARAM[customid].Path)]</onclick>
      </item>
      <item id="$PARAM[itemid]" description="Custom1">
        <visible>!String.IsEmpty(Skin.String(CustomHome2.$PARAM[customid].Path))</visible>
        <visible>System.HasAddon(script.skinshortcuts) + Skin.HasSetting(Enable.SkinShortcuts)</visible>
        <label>$INFO[Skin.String(CustomHome2.$PARAM[customid].Label)]</label>
        <thumb fallback="special://skin/backgrounds/Default.jpg">$INFO[Skin.String(CustomHome2.$PARAM[customid].Background)]</thumb>
        <onclick>$INFO[Skin.String(CustomHome2.$PARAM[customid].Path)]</onclick>
      </item>
    </definition>
  </include>

  <include name="Home.Main.Menu.Items">
    <include condition="Skin.HasSetting(plexbmc)">Plexbmc.Home.Main.Menu.Items</include>
    <include content="Home.Main.Menu.Custom.Item">
      <param name="itemid">21</param>
      <param name="customid">1</param>
    </include>
    <item id="1" description="Pictures">
      <visible>!Skin.HasSetting(plexbmc)</visible>
      <visible>!Skin.HasSetting(Pictures.Hide)</visible>
      <label>$LOCALIZE[1]</label>
      <thumb>$VAR[Pictures.Art]</thumb>
      <onclick>ActivateWindow(Pictures,root)</onclick>
    </item>
    <include content="Home.Main.Menu.Custom.Item">
      <param name="itemid">22</param>
      <param name="customid">2</param>
    </include>
    <item id="2" description="Addons">
      <visible>!Skin.HasSetting(Addons.Hide)</visible>
      <label>$LOCALIZE[24001]</label>
      <thumb>$VAR[Addons.Art]</thumb>
      <onclick>ActivateWindow(1119)</onclick>
    </item>
    <include content="Home.Main.Menu.Custom.Item">
      <param name="itemid">23</param>
      <param name="customid">3</param>
    </include>
    <item id="3" description="Videos">
      <visible>!Skin.HasSetting(plexbmc)</visible>
      <visible>!Skin.HasSetting(Videos.Hide)</visible>
      <label>$LOCALIZE[3]</label>
      <thumb>$VAR[Videos.Art]</thumb>
      <onclick>ActivateWindow(Videos,root)</onclick>
    </item>
    <include content="Home.Main.Menu.Custom.Item">
      <param name="itemid">24</param>
      <param name="customid">4</param>
    </include>
    <item id="4" description="Movies">
      <visible>!Skin.HasSetting(plexbmc)</visible>
      <visible>!Skin.HasSetting(Movies.Hide)</visible>
      <label>$LOCALIZE[20342]</label>
      <thumb>$VAR[Movies.Art]</thumb>
      <onclick>$VAR[MovieEntryPoint]</onclick>
    </item>
    <include content="Home.Main.Menu.Custom.Item">
      <param name="itemid">25</param>
      <param name="customid">5</param>
    </include>
    <item id="5" description="TVShows">
      <visible>!Skin.HasSetting(plexbmc)</visible>
      <visible>!Skin.HasSetting(TVShows.Hide)</visible>
      <label>$LOCALIZE[20343]</label>
      <thumb>$VAR[TVShows.Art]</thumb>
      <onclick>$VAR[TVShowEntryPoint]</onclick>
    </item>
    <include content="Home.Main.Menu.Custom.Item">
      <param name="itemid">26</param>
      <param name="customid">6</param>
    </include>
    <item id="6" description="Music">
      <visible>!Skin.HasSetting(plexbmc)</visible>
      <visible>!Skin.HasSetting(Music.Hide)</visible>
      <label>$LOCALIZE[2]</label>
      <thumb>$VAR[Music.Art]</thumb>
      <onclick>$VAR[MusicEntryPoint]</onclick>
    </item>
    <include content="Home.Main.Menu.Custom.Item">
      <param name="itemid">27</param>
      <param name="customid">7</param>
    </include>
    <item id="14" description="MusicVideos">
      <visible>!Skin.HasSetting(plexbmc)</visible>
      <visible>!Skin.HasSetting(MusicVideos.Hide)</visible>
      <label>$LOCALIZE[20389]</label>
      <thumb>$VAR[MusicVideos.Art]</thumb>
      <onclick>ActivateWindow(Videos,MusicVideoTitles,return)</onclick>
    </item>
    <include content="Home.Main.Menu.Custom.Item">
      <param name="itemid">28</param>
      <param name="customid">8</param>
    </include>
    <item id="12" description="Live TV">
      <visible>PVR.HasTVChannels</visible>
      <label>$LOCALIZE[31500]</label>
      <thumb>$VAR[Pvr.Art]</thumb>
      <onclick>$VAR[TVEntryPoint]</onclick>
    </item>
    <item id="13" description="Live Radio">
      <visible>PVR.HasRadioChannels</visible>
      <label>$LOCALIZE[31509]</label>
      <thumb>$VAR[Radio.Art]</thumb>
      <onclick>$VAR[RadioEntryPoint]</onclick>
    </item>
    <item id="7" description="Favorites">
      <visible>!Skin.HasSetting(Favourites.Hide)</visible>
      <label>$LOCALIZE[1036]</label>
      <thumb>$VAR[Favourites.Art]</thumb>
      <onclick>ActivateWindow(Favourites)</onclick>
    </item>
    <include content="Home.Main.Menu.Custom.Item">
      <param name="itemid">29</param>
      <param name="customid">9</param>
    </include>
    <item id="8" description="DVD">
      <visible>System.HasMediaDVD + !Skin.HasSetting(DVD.Hide)</visible>
      <label>$LOCALIZE[427]</label>
      <thumb>$VAR[DVD.Art]</thumb>
      <onclick condition="System.HasMediaDvd">PlayDVD()</onclick>
      <onclick condition="!System.HasMediaDvd">Notification($LOCALIZE[164],$LOCALIZE[219],5,DefaultIconWarning.png)</onclick>
    </item>
    <item id="100" description="Search">
      <visible>System.HasAddon(script.globalsearch) + Skin.HasSetting(Enable.GlobalSearch)</visible>
      <label>$LOCALIZE[137]</label>
      <thumb>$VAR[Settings.Art]</thumb>
      <onclick>RunScript(script.globalsearch)</onclick>
    </item>
    <item id="15" description="Weather">
      <visible>!Skin.HasSetting(Weather.Hide)</visible>
      <label>$LOCALIZE[8]</label>
      <thumb>$VAR[Weather.Art]</thumb>
      <onclick>ActivateWindow(Weather)</onclick>
    </item>
    <item id="10" description="Settings">
      <visible>!Skin.HasSetting(SettingsLocation.Quit)</visible>
      <label>$LOCALIZE[5]</label>
      <thumb>$VAR[Settings.Art]</thumb>
      <onclick>ActivateWindow(Settings)</onclick>
    </item>
    <item id="11" description="Quit">
      <visible>!Skin.HasSetting(Quit.Hide) | [Skin.HasSetting(Quit.Hide) + Skin.HasSetting(SettingsLocation.Quit)]</visible>
      <label fallback="13009">$VAR[QuitLabel2]</label>
      <thumb>$VAR[Quit.Art]</thumb>
      <onclick>$VAR[QuitAction]</onclick>
    </item>
  </include>

  <include name="Home.Submenu.Items">
    <item id="1" description="DVD eject">
      <visible>Container(300).HasFocus(8)</visible>
      <label>$LOCALIZE[13391]</label>
      <onclick>EjectTray()</onclick>
    </item>
    <item id="2" description="Program apps">
      <visible>Container(300).HasFocus(2)</visible>
      <label>$LOCALIZE[0]</label>
      <onclick condition="!System.Platform.Android">ActivateWindow(programs,addons://sources/executable/,return)</onclick>
      <onclick condition="System.Platform.Android">ActivateWindow(programs,androidapp://sources/apps/,return)</onclick>
    </item>
    <item id="3" description="Video apps">
      <visible>Container(300).HasFocus(2)</visible>
      <label>$LOCALIZE[157]</label>
      <onclick>ActivateWindow(Videos,Addons,return)</onclick>
    </item>
    <item id="4" description="Music apps">
      <visible>Container(300).HasFocus(2)</visible>
      <label>$LOCALIZE[2]</label>
      <onclick>ActivateWindow(Music,Addons,return)</onclick>
    </item>
    <item id="5" description="Picture apps">
      <visible>Container(300).HasFocus(2)</visible>
      <label>$LOCALIZE[1]</label>
      <onclick>ActivateWindow(Pictures,Addons,return)</onclick>
    </item>
    <item id="6" description="Add-on Browser">
      <visible>Container(300).HasFocus(2)</visible>
      <label>$LOCALIZE[10040]</label>
      <onclick>ActivateWindow(AddonBrowser,root)</onclick>
    </item>
    <item id="8" description="RecentlyAddedEpisodes">
      <visible>Container(300).HasFocus(5) + Library.HasContent(TVShows)</visible>
      <label>$LOCALIZE[31020]</label>
      <onclick>ActivateWindow(Videos,RecentlyAddedEpisodes,return)</onclick>
    </item>
    <item id="7" description="TVShow InProgress">
      <visible>Container(300).HasFocus(5) + Library.HasContent(TVShows)</visible>
      <label>$LOCALIZE[575]</label>
      <onclick>ActivateWindow(Videos,InProgressTvShows,return)</onclick>
    </item>
    <item id="36" description="TVShowGenres">
      <visible>Container(300).HasFocus(5) + Library.HasContent(TVShows)</visible>
      <label>$LOCALIZE[135]</label>
      <onclick>ActivateWindow(Videos,TvShowGenres,return)</onclick>
    </item>
    <item id="13" description="RecentlyAddedMovies">
      <visible>Container(300).HasFocus(4) + Library.HasContent(Movies)</visible>
      <label>$LOCALIZE[31020]</label>
      <onclick>ActivateWindow(Videos,RecentlyAddedMovies,return)</onclick>
    </item>
    <item id="34" description="Movies InProgress">
      <visible>Container(300).HasFocus(4) + Library.HasContent(Movies)</visible>
      <label>$LOCALIZE[575]</label>
      <onclick>ActivateWindow(Videos,special://skin/xsp/movies_inprogress.xsp,return)</onclick>
    </item>
    <item id="35" description="Movie Genres">
      <visible>Container(300).HasFocus(4) + Library.HasContent(Movies)</visible>
      <label>$LOCALIZE[135]</label>
      <onclick>ActivateWindow(Videos,MovieGenres,return)</onclick>
    </item>
    <item id="12" description="Movie Sets">
      <visible>Container(300).HasFocus(4) + Library.HasContent(MovieSets)</visible>
      <label>$LOCALIZE[20434]</label>
      <onclick>ActivateWindow(Videos,MovieSets,return)</onclick>
    </item>
    <item id="14" description="Movie Tags">
      <visible>Container(300).HasFocus(4) + Library.HasContent(Movies)</visible>
      <label>$LOCALIZE[20459]</label>
      <onclick>ActivateWindow(Videos,MovieTags,return)</onclick>
    </item>
    <item id="24" description="Recently added music videos">
      <visible>Container(300).HasFocus(14) + Library.HasContent(MusicVideos)</visible>
      <label>$LOCALIZE[31020]</label>
      <onclick>ActivateWindow(Videos,recentlyaddedmusicvideos,return)</onclick>
    </item>
    <item id="28" description="MusicVideo albums">
      <visible>Container(300).HasFocus(14) + Library.HasContent(MusicVideos)</visible>
      <label>$LOCALIZE[132]</label>
      <onclick>ActivateWindow(Videos,MusicVideoAlbums,return)</onclick>
    </item>
    <item id="29" description="MusicVideo artists">
      <visible>Container(300).HasFocus(14) + Library.HasContent(MusicVideos)</visible>
      <label>$LOCALIZE[133]</label>
      <onclick>ActivateWindow(Videos,MusicVideoArtists,return)</onclick>
    </item>
    <item id="30" description="Recent MusicVideo">
      <visible>Container(300).HasFocus(14) + Library.HasContent(MusicVideos)</visible>
      <label>$LOCALIZE[31020]</label>
      <onclick>ActivateWindow(Videos,RecentlyAddedMusicVideos,return)</onclick>
    </item>
    <item id="31" description="MusicVideo genres">
      <visible>Container(300).HasFocus(14) + Library.HasContent(MusicVideos)</visible>
      <label>$LOCALIZE[135]</label>
      <onclick>ActivateWindow(Videos,MusicVideoGenres,return)</onclick>
    </item>
    <item id="21" description="Music Albums">
      <visible>Container(300).HasFocus(6) + Library.HasContent(Music)</visible>
      <label>$LOCALIZE[132]</label>
      <onclick>ActivateWindow(Music,Albums)</onclick>
    </item>
    <item id="22" description="Music Artists">
      <visible>Container(300).HasFocus(6) + Library.HasContent(Music)</visible>
      <label>$LOCALIZE[133]</label>
      <onclick>ActivateWindow(Music,Artists)</onclick>
    </item>
    <item id="24" description="Recently added albums">
      <visible>Container(300).HasFocus(6) + Library.HasContent(Music)</visible>
      <label>$LOCALIZE[31020]</label>
      <onclick>ActivateWindow(Music,recentlyaddedalbums,return)</onclick>
    </item>    
    <item id="25" description="Recently played albums">
      <visible>Container(300).HasFocus(6) + Library.HasContent(Music)</visible>
      <label>$LOCALIZE[31021]</label>
      <onclick>ActivateWindow(Music,recentlyplayedalbums,return)</onclick>
    </item>
    <item id="23" description="Top 100">
      <visible>Container(300).HasFocus(6) + Library.HasContent(Music)</visible>
      <label>$LOCALIZE[271]</label>
      <onclick>ActivateWindow(Music,top100,return)</onclick>
    </item>
    <item id="100" description="TV/Radio Channels">
      <visible>Container(300).HasFocus(12) | Container(300).HasFocus(13)</visible>
      <label>$LOCALIZE[19019]</label>
      <onclick condition="Container(300).HasFocus(12)">ActivateWindow(TVChannels)</onclick>      
      <onclick condition="Container(300).HasFocus(13)">ActivateWindow(RadioChannels)</onclick>
    </item>
    <item id="101" description="TV/Radio Timeline">
      <visible>Container(300).HasFocus(12) | Container(300).HasFocus(13)</visible>
      <label>$LOCALIZE[22020]</label>
      <onclick condition="Container(300).HasFocus(12)">ActivateWindow(TVGuide)</onclick>      
      <onclick condition="Container(300).HasFocus(13)">ActivateWindow(RadioGuide)</onclick>
    </item>
    <item id="102" description="TV/Radio Recordings">
      <visible>Container(300).HasFocus(12) | Container(300).HasFocus(13)</visible>
      <label>$LOCALIZE[19163]</label>
      <onclick condition="Container(300).HasFocus(12)">ActivateWindow(TVRecordings)</onclick>      
      <onclick condition="Container(300).HasFocus(13)">ActivateWindow(RadioRecordings)</onclick>
    </item>
    <item id="103" description="TV/Radio Timer Rules">
      <visible>Container(300).HasFocus(12) | Container(300).HasFocus(13)</visible>
      <label>$LOCALIZE[19138]</label>
      <onclick condition="Container(300).HasFocus(12)">ActivateWindow(TVTimerRules)</onclick>      
      <onclick condition="Container(300).HasFocus(13)">ActivateWindow(RadioTimerRules)</onclick>
    </item>    
    <item id="104" description="TV/Radio Timers">
      <visible>Container(300).HasFocus(12) | Container(300).HasFocus(13)</visible>
      <label>$LOCALIZE[19040]</label>
      <onclick condition="Container(300).HasFocus(12)">ActivateWindow(TVTimers)</onclick>      
      <onclick condition="Container(300).HasFocus(13)">ActivateWindow(RadioTimers)</onclick>
    </item>
    <item id="105" description="TV/Radio Search">
      <visible>Container(300).HasFocus(12) | Container(300).HasFocus(13)</visible>
      <label>$LOCALIZE[137]</label>
      <onclick condition="Container(300).HasFocus(12)">ActivateWindow(TVSearch)</onclick>      
      <onclick condition="Container(300).HasFocus(13)">ActivateWindow(RadioSearch)</onclick>
    </item>
    <item id="6" description="Playlists">
      <visible>Container(300).HasFocus(3) | Container(300).HasFocus(4) | Container(300).HasFocus(5) | Container(300).HasFocus(6) | Container(300).HasFocus(14)</visible>
      <label>$LOCALIZE[136]</label>
      <onclick condition="!Container(300).HasFocus(6)">ActivateWindow(Videos,playlists,return)</onclick>
      <onclick condition="Container(300).HasFocus(6)">ActivateWindow(Music,playlists,return)</onclick>
    </item>
    <item id="10" description="Search">
      <visible>[Container(300).HasFocus(3) + Library.HasContent(Video)] | [Container(300).HasFocus(4) + Library.HasContent(Movies)] | [Container(300).HasFocus(5)  + Library.HasContent(TVShows)] | [Container(300).HasFocus(14) + Library.HasContent(MusicVideos)] | [Container(300).HasFocus(6) + Library.HasContent(Music)]</visible>
      <label>$LOCALIZE[137]</label>
      <onclick condition="!Container(300).HasFocus(6) + ![System.HasAddon(script.globalsearch) + Skin.HasSetting(Enable.GlobalSearch)]">ActivateWindow(Videos,root)</onclick>
      <onclick condition="Container(300).HasFocus(6) + ![System.HasAddon(script.globalsearch) + Skin.HasSetting(Enable.GlobalSearch)]">ActivateWindow(Music,root)</onclick>
      <onclick condition="![System.HasAddon(script.globalsearch) + Skin.HasSetting(Enable.GlobalSearch)]">SendClick(8)</onclick>
      <onclick condition="Container(300).HasFocus(4) + System.HasAddon(script.globalsearch) + Skin.HasSetting(Enable.GlobalSearch)">RunScript(script.globalsearch,movies=true)</onclick>
      <onclick condition="Container(300).HasFocus(5) + System.HasAddon(script.globalsearch) + Skin.HasSetting(Enable.GlobalSearch)">RunScript(script.globalsearch,tvshows=true&amp;episodes=true)</onclick>
      <onclick condition="Container(300).HasFocus(6) + System.HasAddon(script.globalsearch) + Skin.HasSetting(Enable.GlobalSearch)">RunScript(script.globalsearch,artists=true&amp;albums=true&amp;songs=true)</onclick>
      <onclick condition="Container(300).HasFocus(14) + System.HasAddon(script.globalsearch) + Skin.HasSetting(Enable.GlobalSearch)">RunScript(script.globalsearch,artists=musicvideos)</onclick>
    </item>
    <item id="9" description="Browse">
      <visible>[Container(300).HasFocus(3) + Library.HasContent(Video)] | [Container(300).HasFocus(4) + Library.HasContent(Movies)] | [Container(300).HasFocus(5)  + Library.HasContent(TVShows)] | [Container(300).HasFocus(14) + Library.HasContent(MusicVideos)] | [Container(300).HasFocus(6) + Library.HasContent(Music)]</visible>
      <label>$LOCALIZE[1024]</label>
      <onclick condition="Container(300).HasFocus(3)">ActivateWindow(Videos,root)</onclick>
      <onclick condition="Container(300).HasFocus(4)">ActivateWindow(Videos,Movies)</onclick>
      <onclick condition="Container(300).HasFocus(5)">ActivateWindow(Videos,TVShows)</onclick>
      <onclick condition="Container(300).HasFocus(6)">ActivateWindow(Music,root)</onclick>
      <onclick condition="Container(300).HasFocus(14)">ActivateWindow(Videos,MusicVideos)</onclick>
    </item>
    <item id="25" description="Files">
      <visible>Container(300).HasFocus(3) | Container(300).HasFocus(4) | Container(300).HasFocus(5) | Container(300).HasFocus(6) | Container(300).HasFocus(14)</visible>
      <label>$LOCALIZE[744]</label>
      <onclick condition="!Container(300).HasFocus(6)">ActivateWindow(Videos,Files,return)</onclick>
      <onclick condition="Container(300).HasFocus(6)">ActivateWindow(Music,Files,return)</onclick>
    </item>
    <item id="27" description="Master mode button">
      <visible>Container(300).HasFocus(4) | Container(300).HasFocus(5) | Container(300).HasFocus(6) | Container(300).HasFocus(10) | Container(300).HasFocus(14)</visible>
      <visible>System.HasLocks</visible>
      <label>$VAR[MasterModeLabel]</label>
      <onclick>mastermode</onclick>
    </item>
    <item id="0" description="Update Library">
      <visible>!Skin.HasSetting(Hide.LibraryUpdate.Button)</visible>
      <visible>Container(300).HasFocus(3) | Container(300).HasFocus(4) | Container(300).HasFocus(5) | Container(300).HasFocus(6) | Container(300).HasFocus(14)</visible>
      <label>$VAR[ScanningLabel]</label>
      <onclick condition="!Container(300).HasFocus(6)">UpdateLibrary(video)</onclick>
      <onclick condition="Container(300).HasFocus(6)">UpdateLibrary(music)</onclick>
    </item>
    <item id="100" description="Search subitems">
      <visible>Container(300).HasFocus(100) + Library.HasContent(movies)</visible>
      <label>$LOCALIZE[20342]</label>
      <onclick>RunScript(script.globalsearch,movies=true)</onclick>
    </item>
    <item id="101" description="Search subitems">
      <visible>Container(300).HasFocus(100) + Library.HasContent(tvshows)</visible>
      <label>$LOCALIZE[20343]</label>
      <onclick>RunScript(script.globalsearch,tvshows=true)</onclick>
    </item>
    <item id="102" description="Search subitems">
      <visible>Container(300).HasFocus(100) + Library.HasContent(tvshows)</visible>
      <label>$LOCALIZE[20360]</label>
      <onclick>RunScript(script.globalsearch,episodes=true)</onclick>
    </item>
    <item id="103" description="Search subitems">
      <visible>Container(300).HasFocus(100) + Library.HasContent(musicvideos)</visible>
      <label>$LOCALIZE[20389]</label>
      <onclick>RunScript(script.globalsearch,musicvideos=true)</onclick>
    </item>
    <item id="104" description="Search subitems">
      <visible>Container(300).HasFocus(100) + Library.HasContent(music)</visible>
      <label>$LOCALIZE[133]</label>
      <onclick>RunScript(script.globalsearch,artists=true)</onclick>
    </item>
    <item id="105" description="Search subitems">
      <visible>Container(300).HasFocus(100) + Library.HasContent(music)</visible>
      <label>$LOCALIZE[132]</label>
      <onclick>RunScript(script.globalsearch,albums=true)</onclick>
    </item>
    <item id="106" description="Search subitems">
      <visible>Container(300).HasFocus(100) + Library.HasContent(music)</visible>
      <label>$LOCALIZE[134]</label>
      <onclick>RunScript(script.globalsearch,songs=true)</onclick>
    </item>
    <item id="41" description="Amber Settings">
      <visible>Container(300).HasFocus(10)</visible>
      <label>$LOCALIZE[31028]</label>
      <onclick>ActivateWindow(SkinSettings)</onclick>
    </item>
    <item id="42" description="Appearance">
      <visible>Container(300).HasFocus(10)</visible>
      <label>$LOCALIZE[14207]</label>
      <onclick>ActivateWindow(InterfaceSettings)</onclick>
    </item>
    <item id="43" description="Profiles">
      <visible>Container(300).HasFocus(10)</visible>
      <label>$LOCALIZE[13200]</label>
      <onclick>ActivateWindow(Profiles)</onclick>
    </item>
    <item id="50" description="Reload skin">
      <visible>Container(300).HasFocus(10)</visible>
      <label>$LOCALIZE[20183]</label>
      <onclick>ReloadSkin()</onclick>
    </item>
    <include condition="System.HasAddon(plugin.video.plexbmc)">Plexbmc.Submenu.Items</include>
  </include>

  <include name="WeatherItemBG">
    <param name="xoffset" default="0"/>
    <param name="yoffset" default="550"/>
    <param name="imgwidth" default="294"/>
    <param name="delayms" default="0"/>
    <param name="bgimage" default="WeatherSmall.png"/>
    <param name="8day">false</param>
    <definition>
      <control type="image" description="Current">
        <animation type="WindowOpen">
          <effect type="zoom" start="90" end="100" center="auto" time="200"  delay="$PARAM[delayms]" />
          <effect type="fade" start="80" end="100" time="200"  delay="$PARAM[delayms]" />
        </animation>
        <animation type="WindowClose">
          <effect type="zoom" start="100" end="90" center="auto" time="100"  delay="$PARAM[delayms]" />
          <effect type="fade" start="100" end="0" time="100"  delay="$PARAM[delayms]" />
        </animation>
        <animation effect="slide" start="0,0" end="0,-450" time="200" condition="Skin.HasSetting(Weather8DayForecast) + !$PARAM[8day]">Conditional</animation>
        <posx>$PARAM[xoffset]</posx>
        <posy>$PARAM[yoffset]</posy>
        <width>$PARAM[imgwidth]</width>
        <height>431</height>
        <texture>weather/$PARAM[bgimage]</texture>
        <colordiffuse>FFcebe9e</colordiffuse>
      </control>
    </definition>
  </include>

  <include name="WeatherItem">
    <param name="xoffset" default="0"/>
    <param name="yoffset" default="50"/>
    <param name="dayid"/>
    <definition>
      <control type="group" description="Day">
        <include>WeatherAni$PARAM[dayid]</include>
        <posx>$PARAM[xoffset]</posx>
        <posy>$PARAM[yoffset]</posy>
        <control type="label" description="Day label">
          <posx>555</posx>
          <posy>523</posy>
          <height>60</height>
          <width>260</width>
          <font>WeatherTitle</font>
          <shadowcolor>ShadowDark</shadowcolor>
          <align>center</align>
          <label>$INFO[Window.Property(Day$PARAM[dayid].Title)]</label>
        </control>
        <control type="label" description="High Temp">
          <posx>540</posx>
          <posy>600</posy>
          <height>150</height>
          <width>140</width>
          <font>MainMenu</font>
          <textcolor>Red</textcolor>
          <align>center</align>
          <shadowcolor>ShadowDark</shadowcolor>
          <label>$INFO[Window.Property(Day$PARAM[dayid].HighTemp)]</label>
        </control>
        <control type="label" description="Low temp">
          <posx>690</posx>
          <posy>600</posy>
          <height>150</height>
          <width>140</width>
          <font>MainMenu</font>
          <textcolor>Blue</textcolor>
          <align>center</align>
          <shadowcolor>ShadowDark</shadowcolor>
          <label>$INFO[Window.Property(Day$PARAM[dayid].LowTemp)]</label>
        </control>
        <control type="image" description="Icon">
          <posx>555</posx>
          <posy>745</posy>
          <height>120</height>
          <width>260</width>
          <texture>$VAR[WeatherIconPath]$INFO[Window.Property(Day$PARAM[dayid].FanartCode),,.png]</texture>
          <aspectratio>keep</aspectratio>
        </control>
        <control type="label" description="Conditions">
          <posx>555</posx>
          <posy>855</posy>
          <height>60</height>
          <width>260</width>
          <align>center</align>
          <aligny>center</aligny>
          <shadowcolor>ShadowDark</shadowcolor>
          <wrapmultiline>true</wrapmultiline>
          <label>$INFO[Window.Property(Day$PARAM[dayid].Outlook)]</label>
        </control>
      </control>
    </definition>
  </include>

  <include name="MiniVideoWindow">
    <param name="left" default="60"/>
    <param name="top" default="60"/>
    <param name="height" default="382"/>
    <param name="width" default="860"/>
    <param name="labeltop" default="310"/>
    <param name="itemicon">$INFO[ListItem.Icon]</param>
    <definition>
      <control type="group" description="">
        <include>VisibleFadeEffect</include>
        <left>$PARAM[left]</left>
        <top>$PARAM[top]</top>
        <control type="group" description="Video Window Grouo">
          <visible>Player.HasVideo + !Skin.HasSetting(Show_Player)</visible>
          <control type="videowindow" description="Current Video">
            <width>$PARAM[width]</width>
            <height>$PARAM[height]</height>
          </control>
        </control>
        <control type="group" description="Icon Group">
          <visible>!Player.HasVideo | ![Player.HasVideo + !Skin.HasSetting(Show_Player)]</visible>
          <include content="ShadowedImage">
            <param name="width">$PARAM[width]</param>
            <param name="height">$PARAM[height]</param>
            <param name="texture">$PARAM[itemicon]</param>
          </include>
        </control>
      </control>
    </definition>
  </include>

  <include name="SettingsListCommons">
    <param name="showicon">true</param>
    <param name="listwidth">1360</param>
    <param name="listheight">860</param>
    <definition>
      <posx>480</posx>
      <posy>120</posy>
      <width>$PARAM[listwidth]</width>
      <height>$PARAM[listheight]</height>
      <onleft>9000</onleft>
      <scrolltime>280</scrolltime>
      <itemlayout width="$PARAM[listwidth]" height="60">
        <control type="image">
          <height>60</height>
          <width>$PARAM[listwidth]</width>
          <texture border="3">buttons/ButtonNF.png</texture>
        </control>
        <control type="label" description="Main Label">
          <posx>30</posx>
          <height>60</height>
          <width>$PARAM[listwidth]</width>
          <scroll>false</scroll>
          <label>$INFO[ListItem.Label]</label>
        </control>
        <control type="label" description="Label 2">
          <animation effect="slide" start="0,0" end="-60,0" time="0" reversible="true" condition="!String.IsEmpty(ListItem.Icon) + $PARAM[showicon]">Conditional</animation>
          <right>18</right>
          <height>60</height>
          <width>400</width>
          <font>ListDetails</font>
          <haspath>true</haspath>
          <align>right</align>
          <scroll>false</scroll>
          <textcolor>Highlight</textcolor>
          <label>$INFO[ListItem.Label2]</label>
        </control>
        <control type="image" description="Icon">
          <visible>!String.IsEmpty(ListItem.Icon) + $PARAM[showicon]</visible>
          <right>10</right>
          <height>60</height>
          <width>60</width>
          <aspectratio>keep</aspectratio>
          <bordersize>6</bordersize>
          <texture>$INFO[ListItem.Icon]</texture>
        </control>
      </itemlayout>
      <focusedlayout width="$PARAM[listwidth]" height="60">
        <control type="image">
          <height>60</height>
          <width>$PARAM[listwidth]</width>
          <texture border="4" colordiffuse="Highlight">img/WhiteRoundedST2.png</texture>
        </control>
        <control type="label" description="Main Label">
          <posx>30</posx>
          <height>60</height>
          <width>$PARAM[listwidth]</width>
          <textcolor>Black</textcolor>
          <shadowcolor></shadowcolor>
          <label>$INFO[ListItem.Label]</label>
        </control>
        <control type="label" description="Label 2">
          <animation effect="slide" start="0,0" end="-60,0" time="0" reversible="true" condition="!String.IsEmpty(ListItem.Icon) + $PARAM[showicon]">Conditional</animation>
          <right>18</right>
          <height>60</height>
          <width>400</width>
          <font>ListDetails</font>
          <haspath>true</haspath>
          <align>right</align>
          <scroll>false</scroll>
          <textcolor>Black</textcolor>
          <shadowcolor></shadowcolor>
          <label>$INFO[ListItem.Label2]</label>
        </control>
        <control type="image" description="Icon">
          <visible>!String.IsEmpty(ListItem.Icon) + $PARAM[showicon]</visible>
          <right>10</right>
          <height>60</height>
          <width>60</width>
          <bordersize>6</bordersize>
          <aspectratio>keep</aspectratio>
          <texture>$INFO[ListItem.Icon]</texture>
        </control>
      </focusedlayout>
    </definition>
  </include>

  <include name="InstallAddonItem">
    <param name="itemid" />
    <param name="itemlabel" />
    <param name="itemvisibility">true</param>
    <param name="addonpath"/>
    <definition>
      <item id="$PARAM[itemid]">
        <visible>!System.HasAddon($PARAM[addonpath])</visible>
        <visible>$PARAM[itemvisibility]</visible>
        <label>$PARAM[itemlabel]</label>
        <onclick>InstallAddon($PARAM[addonpath])</onclick>
      </item>
    </definition>
  </include>


  <include name="CustomImageResourceSettingItem">
    <param name="itemid" />
    <param name="itemlabel" />
    <param name="itemlabel2">$LOCALIZE[16018]</param>
    <param name="itemvisibility">true</param>
    <param name="resourcetype"/>
    <definition>
      <item id="$PARAM[itemid]">
        <visible>!String.IsEmpty(Skin.String($PARAM[resourcetype]Resource.path))</visible>
        <visible>$PARAM[itemvisibility]</visible>
        <label>$PARAM[itemlabel]</label>
        <label2>$INFO[Skin.String($PARAM[resourcetype]Resource.name)]</label2>
        <onclick>RunScript(script.image.resource.select,property=$PARAM[resourcetype]Resource&amp;type=resource.images.$PARAM[resourcetype])</onclick>
      </item>
      <item id="$PARAM[itemid]">
        <visible>String.IsEmpty(Skin.String($PARAM[resourcetype]Resource.path))</visible>
        <visible>$PARAM[itemvisibility]</visible>
        <label>$PARAM[itemlabel]</label>
        <label2>$PARAM[itemlabel2]</label2>
        <onclick>RunScript(script.image.resource.select,property=$PARAM[resourcetype]Resource&amp;type=resource.images.$PARAM[resourcetype])</onclick>
      </item>
    </definition>
  </include>

  <include name="YesNoSettingItem">
    <param name="itemid" />
    <param name="itemlabel" />
    <param name="itemicon"/>
    <param name="itemvisibility" default="true"/>
    <param name="skinsetting"/>
    <param name="area"/>
    <definition>
      <item id="$PARAM[itemid]">
        <visible>Skin.HasSetting($PARAM[skinsetting])</visible>
        <visible>$PARAM[itemvisibility]</visible>
        <label>$PARAM[itemlabel]</label>
        <label2>$LOCALIZE[107]</label2>
        <icon>$PARAM[itemicon]</icon>
        <property name="area">$PARAM[area]</property>
        <onclick>Skin.ToggleSetting($PARAM[skinsetting])</onclick>
      </item>
      <item id="$PARAM[itemid]">
        <visible>!Skin.HasSetting($PARAM[skinsetting])</visible>
        <visible>$PARAM[itemvisibility]</visible>
        <label>$PARAM[itemlabel]</label>
        <label2>$LOCALIZE[106]</label2>
        <icon>$PARAM[itemicon]</icon>
        <property name="area">$PARAM[area]</property>
        <onclick>Skin.ToggleSetting($PARAM[skinsetting])</onclick>
      </item>
    </definition>
  </include>

  <include name="YesNoSettingItemAddon">
    <param name="itemid" />
    <param name="itemlabel" />
    <param name="itemicon"/>
    <param name="itemvisibility" default="true"/>
    <param name="skinsetting"/>
    <param name="addonpath"/>
    <definition>
      <item id="$PARAM[itemid]">
        <visible>Skin.HasSetting($PARAM[skinsetting]) + System.HasAddon($PARAM[addonpath])</visible>
        <visible>$PARAM[itemvisibility]</visible>
        <label>$PARAM[itemlabel]</label>
        <label2>$LOCALIZE[107]</label2>
        <icon>$PARAM[itemicon]</icon>
        <onclick>Skin.ToggleSetting($PARAM[skinsetting])</onclick>
      </item>
      <item id="$PARAM[itemid]">
        <visible>!Skin.HasSetting($PARAM[skinsetting]) | !System.HasAddon($PARAM[addonpath])</visible>
        <visible>$PARAM[itemvisibility]</visible>
        <label>$PARAM[itemlabel]</label>
        <label2>$LOCALIZE[106]</label2>
        <icon>$PARAM[itemicon]</icon>
        <onclick condition="!System.HasAddon($PARAM[addonpath])">InstallAddon($PARAM[addonpath])</onclick>
        <onclick condition="System.HasAddon($PARAM[addonpath])">Skin.ToggleSetting($PARAM[skinsetting])</onclick>
      </item>
    </definition>
  </include>

  <include name="PlexSettingItem">
    <param name="itemid" />
    <definition>
      <item id="$PARAM[itemid]" description="Enabled">
        <visible>!String.IsEmpty(Window(Home).Property(plexbmc.$PARAM[itemid].title)) + !Skin.HasSetting(hide.plexbmc.$PARAM[itemid].title)</visible>
        <visible>![String.IsEqual(Window(Home).Property(plexbmc.$PARAM[itemid].shared),true)]</visible>
        <label>$INFO[Window(Home).Property(plexbmc.$PARAM[itemid].title)]</label>
        <label2>$LOCALIZE[449]</label2>
        <onclick>Skin.ToggleSetting(hide.plexbmc.$PARAM[itemid].title)</onclick>
      </item>
      <item id="$PARAM[itemid]" description="Disabled">
        <visible>!String.IsEmpty(Window(Home).Property(plexbmc.$PARAM[itemid].title)) + Skin.HasSetting(hide.plexbmc.$PARAM[itemid].title)</visible>
        <visible>![String.IsEqual(Window(Home).Property(plexbmc.$PARAM[itemid].shared),true)]</visible>
        <label>[COLOR=Grey]$INFO[Window(Home).Property(plexbmc.$PARAM[itemid].title)][/COLOR]</label>
        <label2>$LOCALIZE[1223]</label2>
        <onclick>Skin.ToggleSetting(hide.plexbmc.$PARAM[itemid].title)</onclick>
      </item>
    </definition>
  </include>

  <include name="CustomHomeSettingItem">
    <param name="itemid" />
    <param name="customhomeid" />
    <definition>
      <item id="$PARAM[itemid]">
        <visible>!String.IsEmpty(Skin.String(CustomHome.$PARAM[customhomeid].Path))</visible>
        <label>$INFO[Skin.String(CustomHome.$PARAM[customhomeid].Label)]</label>
        <label2>$LOCALIZE[305]</label2>
        <thumb fallback="special://skin/backgrounds/Default.jpg">$INFO[Skin.String(CustomHome.$PARAM[customhomeid].Background)]</thumb>
        <onclick condition="System.HasAddon(script.favourites)">RunScript(script.favourites,changetitle=true&amp;property=CustomHome.$PARAM[customhomeid])</onclick>
        <onclick condition="!System.HasAddon(script.favourites)">InstallAddon(script.favourites)</onclick>
        <visible>!System.HasAddon(script.skinshortcuts) | !Skin.HasSetting(Enable.SkinShortcuts)</visible>
      </item>
      <item id="$PARAM[itemid]">
        <visible>String.IsEmpty(Skin.String(CustomHome.$PARAM[customhomeid].Path))</visible>
        <label>[COLOR=Grey]$LOCALIZE[504][/COLOR]</label>
        <thumb fallback="special://skin/backgrounds/Default.jpg">$INFO[Skin.String(CustomHome.$PARAM[customhomeid].Background)]</thumb>
        <onclick condition="System.HasAddon(script.favourites)">RunScript(script.favourites,changetitle=true&amp;property=CustomHome.$PARAM[customhomeid])</onclick>
        <onclick condition="!System.HasAddon(script.favourites)">InstallAddon(script.favourites)</onclick>
        <visible>!System.HasAddon(script.skinshortcuts) | !Skin.HasSetting(Enable.SkinShortcuts)</visible>
      </item>
      <item id="$PARAM[itemid]">
        <visible>!String.IsEmpty(Skin.String(CustomHome2.$PARAM[customhomeid].Path))</visible>
        <label>$INFO[Skin.String(CustomHome2.$PARAM[customhomeid].Label)]</label>
        <label2>$LOCALIZE[305]</label2>
        <thumb fallback="special://skin/backgrounds/Default.jpg">$INFO[Skin.String(CustomHome2.$PARAM[customhomeid].Background)]</thumb>
        <onclick>RunScript(script.skinshortcuts,type=shortcuts&amp;custom=True&amp;showNone=True&amp;skinLabel=CustomHome2.$PARAM[customhomeid].Label&amp;skinAction=CustomHome2.$PARAM[customhomeid].Path)</onclick>
        <visible>System.HasAddon(script.skinshortcuts) + Skin.HasSetting(Enable.SkinShortcuts)</visible>
      </item>
      <item id="$PARAM[itemid]">
        <visible>String.IsEmpty(Skin.String(CustomHome2.$PARAM[customhomeid].Path))</visible>
        <label>[COLOR=Grey]$LOCALIZE[504][/COLOR]</label>
        <thumb fallback="special://skin/backgrounds/Default.jpg">$INFO[Skin.String(CustomHome2.$PARAM[customhomeid].Background)]</thumb>
        <onclick>RunScript(script.skinshortcuts,type=shortcuts&amp;custom=True&amp;showNone=True&amp;skinLabel=CustomHome2.$PARAM[customhomeid].Label&amp;skinAction=CustomHome2.$PARAM[customhomeid].Path)</onclick>
        <visible>System.HasAddon(script.skinshortcuts) + Skin.HasSetting(Enable.SkinShortcuts)</visible>
      </item>
    </definition>
  </include>

  <include name="HomeSettingItem">
    <param name="itemid"/>
    <param name="itemlabel"/>
    <param name="area"/>
    <definition>
      <item id="$PARAM[itemid]">
        <visible>!Skin.HasSetting($PARAM[area].Hide)</visible>
        <label>$PARAM[itemlabel]</label>
        <label2>$LOCALIZE[305]</label2>
        <thumb fallback="special://skin/backgrounds/$PARAM[area].jpg">$INFO[Skin.String($PARAM[area].Background)]</thumb>
        <onclick>Skin.ToggleSetting($PARAM[area].Hide)</onclick>
      </item>
      <item id="$PARAM[itemid]">
        <visible>Skin.HasSetting($PARAM[area].Hide)</visible>
        <label>[COLOR=Grey]$PARAM[itemlabel][/COLOR]</label>
        <label2>$LOCALIZE[1223]</label2>
        <thumb fallback="special://skin/backgrounds/$PARAM[area].jpg">$INFO[Skin.String($PARAM[area].Background)]</thumb>
        <onclick>Skin.ToggleSetting($PARAM[area].Hide)</onclick>
      </item>
    </definition>
  </include>

  <include name="SetBackgroundImage">
    <param name="operation"/>
    <definition>
      <width>192</width>
      <align>center</align>
      <height>60</height>
      <onclick condition="Container(9103).HasFocus(0)">Skin.$PARAM[operation](Default.Background)</onclick>
      <onclick condition="Container(9103).HasFocus(1)">Skin.$PARAM[operation](Pictures.Background)</onclick>
      <onclick condition="Container(9103).HasFocus(2)">Skin.$PARAM[operation](Addons.Background)</onclick>
      <onclick condition="Container(9103).HasFocus(3)">Skin.$PARAM[operation](Videos.Background)</onclick>
      <onclick condition="Container(9103).HasFocus(4)">Skin.$PARAM[operation](Movies.Background)</onclick>
      <onclick condition="Container(9103).HasFocus(5)">Skin.$PARAM[operation](TVShows.Background)</onclick>
      <onclick condition="Container(9103).HasFocus(6)">Skin.$PARAM[operation](Music.Background)</onclick>
      <onclick condition="Container(9103).HasFocus(7)">Skin.$PARAM[operation](MusicVideos.Background)</onclick>
      <onclick condition="Container(9103).HasFocus(8)">Skin.$PARAM[operation](TV.Background)</onclick>
      <onclick condition="Container(9103).HasFocus(9)">Skin.$PARAM[operation](Radio.Background)</onclick>
      <onclick condition="Container(9103).HasFocus(10)">Skin.$PARAM[operation](Favourites.Background)</onclick>
      <onclick condition="Container(9103).HasFocus(11)">Skin.$PARAM[operation](Weather.Background)</onclick>
      <onclick condition="Container(9103).HasFocus(12)">Skin.$PARAM[operation](DVD.Background)</onclick>
      <onclick condition="Container(9103).HasFocus(13)">Skin.$PARAM[operation](Settings.Background)</onclick>
      <onclick condition="Container(9103).HasFocus(14)">Skin.$PARAM[operation](Quit.Background)</onclick>

      <onclick condition="Container(9103).HasFocus(21) + [!System.HasAddon(script.skinshortcuts) | !Skin.HasSetting(Enable.SkinShortcuts)]">Skin.$PARAM[operation](CustomHome.1.Background)</onclick>
      <onclick condition="Container(9103).HasFocus(22) + [!System.HasAddon(script.skinshortcuts) | !Skin.HasSetting(Enable.SkinShortcuts)]">Skin.$PARAM[operation](CustomHome.2.Background)</onclick>
      <onclick condition="Container(9103).HasFocus(23) + [!System.HasAddon(script.skinshortcuts) | !Skin.HasSetting(Enable.SkinShortcuts)]">Skin.$PARAM[operation](CustomHome.3.Background)</onclick>
      <onclick condition="Container(9103).HasFocus(24) + [!System.HasAddon(script.skinshortcuts) | !Skin.HasSetting(Enable.SkinShortcuts)]">Skin.$PARAM[operation](CustomHome.4.Background)</onclick>
      <onclick condition="Container(9103).HasFocus(25) + [!System.HasAddon(script.skinshortcuts) | !Skin.HasSetting(Enable.SkinShortcuts)]">Skin.$PARAM[operation](CustomHome.5.Background)</onclick>
      <onclick condition="Container(9103).HasFocus(26) + [!System.HasAddon(script.skinshortcuts) | !Skin.HasSetting(Enable.SkinShortcuts)]">Skin.$PARAM[operation](CustomHome.6.Background)</onclick>
      <onclick condition="Container(9103).HasFocus(27) + [!System.HasAddon(script.skinshortcuts) | !Skin.HasSetting(Enable.SkinShortcuts)]">Skin.$PARAM[operation](CustomHome.7.Background)</onclick>
      <onclick condition="Container(9103).HasFocus(28) + [!System.HasAddon(script.skinshortcuts) | !Skin.HasSetting(Enable.SkinShortcuts)]">Skin.$PARAM[operation](CustomHome.8.Background)</onclick>
      <onclick condition="Container(9103).HasFocus(29) + [!System.HasAddon(script.skinshortcuts) | !Skin.HasSetting(Enable.SkinShortcuts)]">Skin.$PARAM[operation](CustomHome.9.Background)</onclick>
      <onclick condition="Container(9103).HasFocus(21) + [System.HasAddon(script.skinshortcuts) + Skin.HasSetting(Enable.SkinShortcuts)]">Skin.$PARAM[operation](CustomHome2.1.Background)</onclick>
      <onclick condition="Container(9103).HasFocus(22) + [System.HasAddon(script.skinshortcuts) + Skin.HasSetting(Enable.SkinShortcuts)]">Skin.$PARAM[operation](CustomHome2.2.Background)</onclick>
      <onclick condition="Container(9103).HasFocus(23) + [System.HasAddon(script.skinshortcuts) + Skin.HasSetting(Enable.SkinShortcuts)]">Skin.$PARAM[operation](CustomHome2.3.Background)</onclick>
      <onclick condition="Container(9103).HasFocus(24) + [System.HasAddon(script.skinshortcuts) + Skin.HasSetting(Enable.SkinShortcuts)]">Skin.$PARAM[operation](CustomHome2.4.Background)</onclick>
      <onclick condition="Container(9103).HasFocus(25) + [System.HasAddon(script.skinshortcuts) + Skin.HasSetting(Enable.SkinShortcuts)]">Skin.$PARAM[operation](CustomHome2.5.Background)</onclick>
      <onclick condition="Container(9103).HasFocus(26) + [System.HasAddon(script.skinshortcuts) + Skin.HasSetting(Enable.SkinShortcuts)]">Skin.$PARAM[operation](CustomHome2.6.Background)</onclick>
      <onclick condition="Container(9103).HasFocus(27) + [System.HasAddon(script.skinshortcuts) + Skin.HasSetting(Enable.SkinShortcuts)]">Skin.$PARAM[operation](CustomHome2.7.Background)</onclick>
      <onclick condition="Container(9103).HasFocus(28) + [System.HasAddon(script.skinshortcuts) + Skin.HasSetting(Enable.SkinShortcuts)]">Skin.$PARAM[operation](CustomHome2.8.Background)</onclick>
      <onclick condition="Container(9103).HasFocus(29) + [System.HasAddon(script.skinshortcuts) + Skin.HasSetting(Enable.SkinShortcuts)]">Skin.$PARAM[operation](CustomHome2.9.Background)</onclick>
      <onclick condition="Container(9103).HasFocus(60)">Skin.$PARAM[operation](Plexbmc.0.Background)</onclick>
      <onclick condition="Container(9103).HasFocus(61)">Skin.$PARAM[operation](Plexbmc.1.Background)</onclick>
      <onclick condition="Container(9103).HasFocus(62)">Skin.$PARAM[operation](Plexbmc.2.Background)</onclick>
      <onclick condition="Container(9103).HasFocus(63)">Skin.$PARAM[operation](Plexbmc.3.Background)</onclick>
      <onclick condition="Container(9103).HasFocus(64)">Skin.$PARAM[operation](Plexbmc.4.Background)</onclick>
      <onclick condition="Container(9103).HasFocus(65)">Skin.$PARAM[operation](Plexbmc.5.Background)</onclick>
      <onclick condition="Container(9103).HasFocus(66)">Skin.$PARAM[operation](Plexbmc.6.Background)</onclick>
      <onclick condition="Container(9103).HasFocus(67)">Skin.$PARAM[operation](Plexbmc.7.Background)</onclick>
      <onclick condition="Container(9103).HasFocus(68)">Skin.$PARAM[operation](Plexbmc.8.Background)</onclick>
      <onclick condition="Container(9103).HasFocus(69)">Skin.$PARAM[operation](Plexbmc.9.Background)</onclick>
      <onclick condition="Container(9103).HasFocus(70)">Skin.$PARAM[operation](Plexbmc.10.Background)</onclick>
    </definition>
  </include>

  <include name="PanelTemplate">
    <param name="lowpanel">false</param>
    <param name="top"></param>
    <param name="left">60</param>
    <param name="height"></param>
    <param name="width">870</param>
    <param name="heading"></param>
    <param name="subheading"></param>
    <param name="plot"></param>
    <param name="subcontent_label">$INFO[ListItem.Label]$INFO[ListItem.Year,[COLOR Highlight]  (,)[/COLOR]]</param>
    <param name="subcontent_path">$INFO[ListItem.Path]</param>
    <param name="subcontent_sortby">year</param>
    <param name="subcontent_sortorder">descending</param>
    <param name="subcontent_visible">listitem.iscollection</param>
    <param name="subcontent_image_visible">true</param>
    <param name="subcontent_image_texture">$VAR[Overlay]</param>
    <param name="footer"></param>
    <param name="visibility"></param>
    <param name="showfooter">true</param>
    <param name="showflags">true</param>
    <definition>
      <control type="grouplist" id="4000" description="Media Info Panel">
        <include>OpenClose</include>
        <visible>$PARAM[visibility]</visible>
        <posx>$PARAM[left]</posx>
        <posy>$PARAM[top]</posy>
        <width>$PARAM[width]</width>
        <orientation>vertical</orientation>
        <control type="label" description="Title Label">
          <visible>!$PARAM[lowpanel]</visible>
          <width>$PARAM[width]</width>
          <height>80</height>
          <aligny>center</aligny>
          <textcolor>Highlight</textcolor>
          <font>InfoTitle</font>
          <wrapmultiline>true</wrapmultiline>
          <label>$PARAM[heading]</label>
        </control>
        <control type="label" description="Title Label">
          <visible>$PARAM[lowpanel]</visible>
          <width>$PARAM[width]</width>
          <height>60</height>
          <aligny>center</aligny>
          <textcolor>Highlight</textcolor>
          <font>InfoTitle</font>
          <label>$PARAM[heading]</label>
        </control>
        <control type="label" description="Subheading">
          <visible>!$PARAM[lowpanel]</visible>
          <height>60</height>
          <width>$PARAM[width]</width>
          <font>font24_title</font>
          <label>[B]$PARAM[subheading][/B]</label>
          <aligny>center</aligny>
          <wrapmultiline>true</wrapmultiline>
        </control>
        <control type="label" description="Subheading">
          <visible>$PARAM[lowpanel]</visible>
          <height>60</height>
          <width>$PARAM[width]</width>
          <font>font24_title</font>
          <label>[B]$PARAM[subheading][/B]</label>
          <aligny>center</aligny>
          <wrapmultiline>true</wrapmultiline>
        </control>
        <control type="group">
          <width>$PARAM[width]</width>
          <height>$PARAM[height]</height>
          <control type="textbox" id="4001">
            <align>justify</align>
            <label>$PARAM[plot]</label>
            <font>InfoPlot</font>
          </control>
          <control type="panel" id="4002">
            <visible>$PARAM[subcontent_visible]</visible>
            <visible>!ListItem.IsParentFolder</visible>
            <orientation>vertical</orientation>
            <focusedlayout height="40" width="$PARAM[width]">
            </focusedlayout>
            <itemlayout height="40" width="$PARAM[width]">
              <control type="image">
                <top>5</top>
                <width>30</width>
                <height>30</height>
                <visible>$PARAM[subcontent_image_visible]</visible>
                <texture>$PARAM[subcontent_image_texture]</texture>
              </control>
              <control type="label">
                <left>40</left>
                <height>40</height>
                <width>$PARAM[width]</width>
                <aligny>center</aligny>
                <label>$PARAM[subcontent_label]</label>
                <font>ListDetails</font>
                <scrollspeed>25</scrollspeed>
                <visible>$PARAM[subcontent_image_visible]</visible>
              </control>
              <control type="label">
                <left>0</left>
                <height>40</height>
                <width>$PARAM[width]</width>
                <aligny>center</aligny>
                <label>$PARAM[subcontent_label]</label>
                <font>ListDetails</font>
                <scrollspeed>25</scrollspeed>
                <visible>!$PARAM[subcontent_image_visible]</visible>
              </control>
            </itemlayout>
            <content sortby="$PARAM[subcontent_sortby]" sortorder="$PARAM[subcontent_order]">$PARAM[subcontent_path]</content>
          </control>
        </control>
        <control type="label" description="Footer">
          <visible>$PARAM[showfooter]</visible>
          <width>$PARAM[width]</width>
          <height>110</height>
          <font>font24_title</font>
          <label>$PARAM[footer]</label>
          <wrapmultiline>true</wrapmultiline>
        </control>
        <control type="grouplist" description="Flags">
          <visible>$PARAM[showflags]</visible>
          <include>ContentFade</include>
          <width>$PARAM[width]</width>
          <height>90</height>
          <itemgap>20</itemgap>
          <orientation>horizontal</orientation>
          <align>left</align>
          <include content="MediaFlagItems">
            <param name="diffuse">White</param>
          </include>
        </control>
      </control>
    </definition>
  </include>

  <include name="HolidaySub">
    <param name="type">snow</param>
    <param name="texture1">1</param>
    <param name="texture2">2</param>
    <param name="texture3">3</param>
    <param name="texture4">1</param>
    <param name="texture5">2</param>
    <param name="texture6">3</param>
    <param name="rotate">20</param>
    <definition>
      <control type="group">
        <posx>-100</posx>
        <animation effect="rotate" end="$PARAM[rotate]" time="9000" delay="300" condition="true">Conditional</animation>
        <control type="image">
          <posx>40</posx>
          <posy>-180</posy>
          <width>12</width>
          <height>12</height>
          <texture>holiday/$PARAM[type]$PARAM[texture1].png</texture>
          <aspectratio scalediffuse="false">keep</aspectratio>
          <animation effect="slide" start="0,0" end="0,820" time="11000" delay="1600" reversible="false" loop="true" condition="true">Conditional</animation>
          <animation effect="slide" start="40,0" end="-40,0" time="5300" delay="300" reversible="false" condition="true">Conditional</animation>
          <colordiffuse>C2FFFFFF</colordiffuse>
        </control>
        <control type="image">
          <posx>100</posx>
          <posy>-100</posy>
          <width>18</width>
          <height>18</height>
          <texture>holiday/$PARAM[type]$PARAM[texture2].png</texture>
          <aspectratio scalediffuse="false">keep</aspectratio>
          <animation effect="slide" start="0,0" end="0,1020" time="8000" delay="0" reversible="false" loop="true" condition="true">Conditional</animation>
          <animation effect="slide" start="40,0" end="-20,0" time="3200" delay="300" reversible="false" condition="true">Conditional</animation>
        </control>
        <control type="image">
          <posx>200</posx>
          <posy>-40</posy>
          <width>12</width>
          <height>12</height>
          <texture>holiday/$PARAM[type]$PARAM[texture3].png</texture>
          <aspectratio scalediffuse="false">keep</aspectratio>
          <animation effect="slide" start="0,0" end="0,1120" time="12000" delay="1300" reversible="false" loop="true" condition="true">Conditional</animation>
          <animation effect="slide" start="50,0" end="-10,0" time="4300" delay="220" reversible="false" condition="true">Conditional</animation>
        </control>
        <control type="image">
          <posx>260</posx>
          <posy>-80</posy>
          <width>15</width>
          <height>15</height>
          <texture>holiday/$PARAM[type]$PARAM[texture4].png</texture>
          <aspectratio scalediffuse="false">keep</aspectratio>
          <animation effect="slide" start="0,0" end="0,1020" time="13000" delay="2200" reversible="false" loop="true" condition="true">Conditional</animation>
          <animation effect="slide" start="40,0" end="-30,0" time="4000" delay="200" reversible="false" condition="true">Conditional</animation>
        </control>
        <control type="image">
          <posx>390</posx>
          <posy>-210</posy>
          <width>12</width>
          <height>12</height>
          <texture>holiday/$PARAM[type]$PARAM[texture5].png</texture>
          <aspectratio scalediffuse="false">keep</aspectratio>
          <animation effect="slide" start="0,0" end="0,1120" time="13000" delay="600" reversible="false" loop="true" condition="true">Conditional</animation>
          <animation effect="slide" start="20,0" end="-60,0" time="5300" delay="300" reversible="false" condition="true">Conditional</animation>
          <colordiffuse>C2FFFFFF</colordiffuse>
        </control>
      </control>
      <control type="group">
        <posx>100</posx>
        <animation effect="rotate" start="20" end="40" time="9000" delay="800" condition="true">Conditional</animation>
        <control type="image">
          <posx>80</posx>
          <posy>-100</posy>
          <width>20</width>
          <height>20</height>
          <texture>holiday/$PARAM[type]$PARAM[texture6].png</texture>
          <aspectratio scalediffuse="false">keep</aspectratio>
          <animation effect="slide" start="0,0" end="0,820" time="8000" delay="1000" reversible="false" loop="true" condition="true">Conditional</animation>
          <animation effect="slide" start="40,0" end="-20,0" time="3200" delay="300" reversible="false" condition="true">Conditional</animation>
        </control>
        <control type="image">
          <posx>240</posx>
          <posy>-40</posy>
          <width>15</width>
          <height>15</height>
          <texture>holiday/$PARAM[type]$PARAM[texture1].png</texture>
          <aspectratio scalediffuse="false">keep</aspectratio>
          <animation effect="slide" start="0,0" end="0,1020" time="8000" delay="1800" reversible="false" loop="true" condition="true">Conditional</animation>
          <animation effect="slide" start="40,0" end="-30,0" time="4000" delay="200" reversible="false" condition="true">Conditional</animation>
        </control>
        <control type="image">
          <posx>390</posx>
          <posy>-210</posy>
          <width>10</width>
          <height>10</height>
          <texture>holiday/$PARAM[type]$PARAM[texture2].png</texture>
          <aspectratio scalediffuse="false">keep</aspectratio>
          <animation effect="slide" start="0,0" end="0,1120" time="12000" delay="1500" reversible="false" loop="true" condition="true">Conditional</animation>
          <animation effect="slide" start="20,0" end="-60,0" time="5300" delay="300" reversible="false" condition="true">Conditional</animation>
          <colordiffuse>C2FFFFFF</colordiffuse>
        </control>
      </control>
      <control type="group">
        <posx>600</posx>
        <posy>-200</posy>
        <animation effect="rotate" end="15" time="7000" delay="500" condition="true">Conditional</animation>
        <control type="image">
          <posx>20</posx>
          <posy>-60</posy>
          <width>12</width>
          <height>12</height>
          <texture>holiday/$PARAM[type]$PARAM[texture3].png</texture>
          <aspectratio scalediffuse="false">keep</aspectratio>
          <animation effect="slide" start="0,0" end="0,1120" time="12000" delay="1300" reversible="false" loop="true" condition="true">Conditional</animation>
          <animation effect="slide" start="50,0" end="-10,0" time="4300" delay="220" reversible="false" condition="true">Conditional</animation>
        </control>
        <control type="image">
          <posx>100</posx>
          <posy>-190</posy>
          <width>18</width>
          <height>18</height>
          <texture>holiday/$PARAM[type]$PARAM[texture4].png</texture>
          <aspectratio scalediffuse="false">keep</aspectratio>
          <animation effect="slide" start="0,0" end="0,1020" time="9000" delay="2000" reversible="false" loop="true" condition="true">Conditional</animation>
          <animation effect="slide" start="40,0" end="-50,0" time="3200" delay="300" reversible="false" condition="true">Conditional</animation>
        </control>
        <control type="image">
          <posx>260</posx>
          <posy>-80</posy>
          <width>15</width>
          <height>15</height>
          <texture>holiday/$PARAM[type]PARAM[texture5].png</texture>
          <aspectratio scalediffuse="false">keep</aspectratio>
          <animation effect="slide" start="0,0" end="0,1120" time="8000" delay="2300" reversible="false" loop="true" condition="true">Conditional</animation>
          <animation effect="slide" start="40,0" end="-30,0" time="4000" delay="200" reversible="false" condition="true">Conditional</animation>
        </control>
        <control type="image">
          <posx>330</posx>
          <posy>-110</posy>
          <width>12</width>
          <height>12</height>
          <texture>holiday/$PARAM[type]$PARAM[texture6].png</texture>
          <aspectratio scalediffuse="false">keep</aspectratio>
          <animation effect="slide" start="0,0" end="0,1020" time="11000" delay="1600" reversible="false" loop="true" condition="true">Conditional</animation>
          <animation effect="slide" start="40,0" end="-40,0" time="5300" delay="300" reversible="false" condition="true">Conditional</animation>
          <colordiffuse>C2FFFFFF</colordiffuse>
        </control>
        <control type="image">
          <posx>390</posx>
          <posy>-110</posy>
          <width>10</width>
          <height>10</height>
          <texture>holiday/$PARAM[type]$PARAM[texture1].png</texture>
          <aspectratio scalediffuse="false">keep</aspectratio>
          <animation effect="slide" start="0,0" end="0,820" time="12000" delay="2200" reversible="false" loop="true" condition="true">Conditional</animation>
          <animation effect="slide" start="-20,0" end="50,0" time="3300" delay="300" reversible="false" condition="true">Conditional</animation>
          <colordiffuse>C2FFFFFF</colordiffuse>
        </control>
      </control>
      <control type="group">
        <posx>900</posx>
        <animation effect="rotate" start="15" end="30" time="12000" delay="300" condition="true">Conditional</animation>
        <control type="image">
          <posx>100</posx>
          <posy>-200</posy>
          <width>20</width>
          <height>20</height>
          <texture>holiday/$PARAM[type]$PARAM[texture2].png</texture>
          <aspectratio scalediffuse="false">keep</aspectratio>
          <animation effect="slide" start="0,0" end="0,1020" time="8000" delay="3000" reversible="false" loop="true" condition="true">Conditional</animation>
          <animation effect="slide" start="40,0" end="-20,0" time="3200" delay="300" reversible="false" condition="true">Conditional</animation>
        </control>
        <control type="image">
          <posx>200</posx>
          <posy>-40</posy>
          <width>12</width>
          <height>12</height>
          <texture>holiday/$PARAM[type]$PARAM[texture3].png</texture>
          <aspectratio scalediffuse="false">keep</aspectratio>
          <animation effect="slide" start="0,0" end="0,1120" time="13000" delay="1300" reversible="false" loop="true" condition="true">Conditional</animation>
          <animation effect="slide" start="50,0" end="-10,0" time="4300" delay="220" reversible="false" condition="true">Conditional</animation>
        </control>
        <control type="image">
          <posx>260</posx>
          <posy>-80</posy>
          <width>15</width>
          <height>15</height>
          <texture>holiday/$PARAM[type]$PARAM[texture4].png</texture>
          <aspectratio scalediffuse="false">keep</aspectratio>
          <animation effect="slide" start="0,0" end="0,820" time="8000" delay="3300" reversible="false" loop="true" condition="true">Conditional</animation>
          <animation effect="slide" start="40,0" end="-30,0" time="4000" delay="200" reversible="false" condition="true">Conditional</animation>
        </control>
        <control type="image">
          <posx>390</posx>
          <posy>-110</posy>
          <width>10</width>
          <height>10</height>
          <texture>holiday/$PARAM[type]$PARAM[texture5].png</texture>
          <aspectratio scalediffuse="false">keep</aspectratio>
          <animation effect="slide" start="0,0" end="0,1020" time="12000" delay="3500" reversible="false" loop="true" condition="true">Conditional</animation>
          <animation effect="slide" start="20,0" end="-60,0" time="5300" delay="300" reversible="false" condition="true">Conditional</animation>
          <colordiffuse>C2FFFFFF</colordiffuse>
        </control>
      </control>
    </definition>
  </include>

  <include name="Holiday">
    <control type="group">
      <visible>Skin.HasSetting(holiday)</visible>
      <include content="HolidaySub">
        <param name="type">snow</param>
        <param name="texture1">1</param>
        <param name="texture2">2</param>
        <param name="texture3">3</param>
        <param name="texture4">1</param>
        <param name="texture5">2</param>
        <param name="texture6">3</param>
      </include>
    </control>
    <control type="group">
      <posx>900</posx>
      <posy>40</posy>
      <visible>Skin.HasSetting(holiday)</visible>
      <include content="HolidaySub">
        <param name="type">snow</param>
        <param name="texture1">2</param>
        <param name="texture2">3</param>
        <param name="texture3">1</param>
        <param name="texture4">3</param>
        <param name="texture5">1</param>
        <param name="texture6">2</param>
        <param name="rotate">30</param>
      </include>
    </control>
  </include>

</includes>