<?xml version="1.0" encoding="UTF-8"?>
<includes>

  <include name="MovieFanartThumbDimensions">
    <posx>15</posx>
    <posy>15</posy>
    <width>210</width>
    <height>312</height>
  </include>
  <include name="MovieFanartBG">
    <include>MovieFanartThumbDimensions</include>
    <bordersize>-12</bordersize>
    <texture>thumbs/PosterBG_NF.png</texture>
  </include>
  <include name="MovieFanartThumb">
    <include>MovieFanartThumbDimensions</include>
    <texture background="true">$VAR[Poster]</texture>
    <aspectratio aligny="top">scale</aspectratio>
  </include>
  <include name="MovieFanartReflection">
    <posx>15</posx>
    <posy>330</posy>
    <width>210</width>
    <height>312</height>
    <colordiffuse>229e9e9e</colordiffuse>
    <texture background="true" flipy="true">$VAR[Poster]</texture>
    <aspectratio aligny="top">scale</aspectratio>
  </include>
  <include name="SquareFanartThumbDimensions">
    <posx>15</posx>
    <width>297</width>
    <height>297</height>
  </include>
  <include name="SquareFanartThumb">
    <include>SquareFanartThumbDimensions</include>
    <texture background="true">$VAR[Square]</texture>
    <aspectratio aligny="top">keep</aspectratio>
  </include>
  <include name="SquareFanartReflection">
    <posx>15</posx>
    <posy>300</posy>
    <width>297</width>
    <height>297</height>
    <colordiffuse>339e9e9e</colordiffuse>
    <texture background="true" flipy="true">$VAR[Square]</texture>
    <aspectratio aligny="top">keep</aspectratio>
  </include>
  <include name="EpisodeFanartThumbDimensions">
    <posx>12</posx>
    <posy>12</posy>
    <width>390</width>
    <height>267</height>
  </include>
  <include name="EpisodeFanartReflection">
    <posx>12</posx>
    <posy>73</posy>
    <width>390</width>
    <height>267</height>
    <colordiffuse>339e9e9e</colordiffuse>
    <texture background="true" flipy="true">$VAR[Episode]</texture>
    <aspectratio aligny="top">scale</aspectratio>
  </include>
  <include name="EpisodeFanartThumb">
    <include>EpisodeFanartThumbDimensions</include>
    <texture background="true">$VAR[Episode]</texture>
    <aspectratio aligny="top">scale</aspectratio>
  </include>
  <include name="View_56_Fanart">
    <control type="group">
      <visible>Control.IsVisible(56)</visible>
      <control type="group" description="background">
        <include>VignetteFade</include>
        <control type="image">
          <animation effect="slide" easing="out" start="0,0" end="0,-400" time="300" delay="0" center="120,350" reversible="true" condition="!String.IsEmpty(Window.Property(gallery))">Conditional</animation>
          <posy>1088</posy>
          <width>1920</width>
          <height>444</height>
          <aspectratio>stretch</aspectratio>
          <texture border="0,30,0,30">OSD/OSDBackground.png</texture>
        </control>
        <control type="image">
          <visible>Window.IsActive(MyPics.xml) | [String.IsEmpty(Window.Property(gallery)) + ![$EXP[56_FanartViewInfo]]]</visible>
          <animation effect="fade" start="100" end="0" time="100" delay="0">Hidden</animation>
          <animation effect="fade" start="0" end="100" time="200" delay="0">Visible</animation>
          <width>1920</width>
          <height>1080</height>
          <texture>common/VignetteStage.png</texture>
        </control>
        <control type="image">
          <visible>!Window.IsActive(MyPics.xml) + String.IsEmpty(Window.Property(gallery)) + [$EXP[56_FanartViewInfo]]</visible>
          <animation effect="fade" start="100" end="0" time="100" delay="0">Hidden</animation>
          <animation effect="fade" start="0" end="100" time="200" delay="0">Visible</animation>
          <width>1920</width>
          <height>1080</height>
          <texture>common/VignetteInfo.png</texture>
          <colordiffuse>DDFFFFFF</colordiffuse>
        </control>
      </control>
      <control type="group" description="Scrolling items">
        <include>ContentFade</include>
        <control type="fixedlist" id="56">
          <animation effect="slide" easing="out" start="0,0" end="0,800" time="350" delay="0" center="120,350" reversible="true" condition="!String.IsEmpty(Window.Property(gallery))">Conditional</animation>
          <animation effect="slide" easing="out" start="0,0" end="0,36" time="0" reversible="true" condition="$EXP[56_FanartViewInfo]">Conditional</animation>
          <visible>!Skin.HasSetting(hide.fanartview)</visible>
          <posy>609</posy>
          <width>1920</width>
          <height>471</height>
          <onleft>56</onleft>
          <onright>56</onright>
          <onup condition="String.IsEmpty(Window.Property(gallery))">9000</onup>
          <onup condition="!String.IsEmpty(Window.Property(gallery))">ClearProperty(gallery)</onup>
          <ondown condition="$EXP[56_FanartViewGallery]">SetProperty(gallery, true)</ondown>
          <ondown condition="![$EXP[56_FanartViewGallery]]">66</ondown>
          <viewtype label="$LOCALIZE[20445]">bigwrap</viewtype>
          <pagecontrol>66</pagecontrol>
          <orientation>horizontal</orientation>
          <scrolltime>250</scrolltime>
          <focusposition>2</focusposition>
          <movement>0</movement>
          <preloaditems>4</preloaditems>
          <itemlayout height="339" width="240" condition="container.content(movies) | container.content(sets) | container.content(tvshows) | container.content(seasons)">
            <control type="image">
              <include>MovieFanartThumb</include>
            </control>
            <control type="image">
              <include>MovieFanartReflection</include>
            </control>
            <control type="image">
              <posx>190</posx>
              <posy>291</posy>
              <width>33</width>
              <height>33</height>
              <texture>$VAR[Overlay]</texture>
            </control>
          </itemlayout>
          <focusedlayout height="339" width="240" condition="container.content(movies) | container.content(sets) | container.content(tvshows) | container.content(seasons)">
            <control type="group">
              <animation effect="zoom" easing="out" start="100" end="118" time="350" delay="0" center="120,243">Focus</animation>
              <animation effect="zoom" easing="in" start="118" end="100" time="250" delay="0" center="120,243">UnFocus</animation>
              <control type="image">
                <include>MovieFanartThumb</include>
              </control>
              <control type="image">
                <include>MovieFanartReflection</include>
              </control>
              <control type="image">
                <posx>190</posx>
                <posy>291</posy>
                <width>33</width>
                <height>33</height>
                <texture>$VAR[Overlay]</texture>
              </control>
            </control>
          </focusedlayout>
          <itemlayout height="291" width="464" condition="container.content(episodes)">
            <control type="image">
              <include>EpisodeFanartThumb</include>
            </control>
            <control type="group">
              <visible>!String.IsEmpty(ListItem.Episode)</visible>
              <posy>210</posy>
              <control type="image">
                <posx>2</posx>
                <width>410</width>
                <height>70</height>
                <bordersize>9</bordersize>
                <texture>img/OverlayStripe.png</texture>
              </control>
              <control type="label">
                <posx>30</posx>
                <width>300</width>
                <height>70</height>
                <font>font24_title</font>
                <label>$LOCALIZE[31973] $INFO[ListItem.Season,,.]$INFO[ListItem.Episode]</label>
              </control>
              <control type="image" description="Watched Overlay">
                <posx>357</posx>
                <width>33</width>
                <height>70</height>
                <texture>$VAR[Overlay]</texture>
                <aspectratio>keep</aspectratio>
              </control>
              <control type="image">
                <include>EpisodeFanartReflection</include>
              </control>
            </control>
          </itemlayout>
          <focusedlayout height="291" width="464" condition="container.content(episodes)">
            <control type="group">
              <animation effect="zoom" easing="out" start="100" end="120" time="350" delay="0" center="207,144">Focus</animation>
              <animation effect="zoom" easing="in" start="120" end="100" time="250" delay="0" center="207,144">UnFocus</animation>
              <control type="image">
                <include>EpisodeFanartThumb</include>
              </control>
              <control type="group">
                <visible>!String.IsEmpty(ListItem.Episode)</visible>
                <posy>210</posy>
                <control type="image">
                  <posx>2</posx>
                  <width>410</width>
                  <height>70</height>
                  <bordersize>9</bordersize>
                  <texture>img/OverlayStripe.png</texture>
                </control>
                <control type="label">
                  <posx>30</posx>
                  <width>300</width>
                  <height>70</height>
                  <font>font24_title</font>
                  <textcolor>White2</textcolor>
                  <label>$LOCALIZE[31973] $INFO[ListItem.Season,,.]$INFO[ListItem.Episode]</label>
                </control>
                <control type="image" description="Watched Overlay">
                  <posx>357</posx>
                  <width>33</width>
                  <height>70</height>
                  <texture>$VAR[Overlay]</texture>
                  <aspectratio>keep</aspectratio>
                </control>
                <control type="image">
                  <include>EpisodeFanartReflection</include>
                </control>
              </control>
            </control>
          </focusedlayout>
          <itemlayout height="344" width="344" condition="![container.content(movies) | container.content(sets) | container.content(tvshows) | container.content(seasons) | container.content(episodes)]">
            <control type="image">
              <include>SquareFanartThumb</include>
            </control>
            <control type="image">
              <include>SquareFanartReflection</include>
            </control>
          </itemlayout>
          <focusedlayout height="344" width="344" condition="![container.content(movies) | container.content(sets) | container.content(tvshows) | container.content(seasons) | container.content(episodes)]">
            <control type="group">
              <animation effect="zoom" easing="out" start="100" end="120" time="350" delay="0" center="162,345">Focus</animation>
              <animation effect="zoom" easing="in" start="120" end="100" time="250" delay="0" center="162,345">UnFocus</animation>
              <control type="image">
                <include>SquareFanartThumb</include>
              </control>
              <control type="image">
                <include>SquareFanartReflection</include>
              </control>
            </control>
          </focusedlayout>
        </control>
        <control type="group" description="Gallery">
          <visible>!String.IsEmpty(Window.Property(gallery))</visible>
          <animation effect="fade" delay="200" time="300">Visible</animation>
          <animation effect="fade" time="100">Hidden</animation>
          <control type="group" description="Thumb">
            <posx>40</posx>
            <posy>724</posy>
            <control type="image">
              <include>MovieFanartBG</include>
            </control>
            <control type="image">
              <include>Icon_Fade</include>
              <include>MovieFanartThumb</include>
            </control>
            <control type="image">
              <posx>190</posx>
              <posy>291</posy>
              <width>33</width>
              <height>33</height>
              <texture>$VAR[Overlay]</texture>
            </control>
          </control>
          <control type="group" description="Media info">
            <posx>330</posx>
            <posy>654</posy>
            <control type="label" description="Title Label">
              <posy>72</posy>
              <width>1360</width>
              <height>60</height>
              <textcolor>White2</textcolor>
              <shadowcolor>Black</shadowcolor>
              <font>InfoTitle</font>
              <scroll>false</scroll>
              <label>$INFO[ListItem.Label]</label>
            </control>
            <control type="label" description="Details">
              <posy>135</posy>
              <height>33</height>
              <width>1200</width>
              <font>Details</font>
              <shadowcolor>Black</shadowcolor>
              <label>$VAR[panelsubheading]</label>
            </control>
            <control type="label" description="Genre">
              <posy>171</posy>
              <height>33</height>
              <width>1200</width>
              <font>Details</font>
              <shadowcolor>Black</shadowcolor>
              <label>$INFO[ListItem.Genre]</label>
            </control>
            <control type="textbox" description="Plot shadow">
              <posx>-1</posx>
              <posy>217</posy>
              <width>1500</width>
              <height>125</height>
              <align>left</align>
              <textcolor>Black</textcolor>
              <shadowcolor></shadowcolor>
              <label>$VAR[Plots]</label>
            </control>
            <control type="textbox" description="Plot itself">
              <posy>216</posy>
              <width>1500</width>
              <height>125</height>
              <align>left</align>
              <shadowcolor></shadowcolor>
              <label>$VAR[Plots]</label>
            </control>
            <control type="group" description="Flags">
              <posy>360</posy>
              <control type="grouplist" description="Flags">
                <visible>!ListItem.IsParentFolder</visible>
                <width>650</width>
                <height>120</height>
                <itemgap>30</itemgap>
                <orientation>horizontal</orientation>
                <align>left</align>
                <include content="MediaFlagItems">
                </include>
              </control>
            </control>
          </control>
        </control>
        <control type="scrollbar" id="66">
          <animation effect="slide" start="0,0" end="0,-3" time="150">Focus</animation>
          <visible>String.IsEmpty(Window.Property(gallery))</visible>
          <posx>90</posx>
          <posy>1056</posy>
          <width>1750</width>
          <height>36</height>
          <texturesliderbackground></texturesliderbackground>
          <texturesliderbar></texturesliderbar>
          <texturesliderbarfocus></texturesliderbarfocus>
          <textureslidernib border="18">OSD/ScrollbarNibNF.png</textureslidernib>
          <textureslidernibfocus border="18">OSD/ScrollbarNibFO.png</textureslidernibfocus>
          <showonepage>true</showonepage>
          <orientation>horizontal</orientation>
          <onup>56</onup>
          <onright>noop</onright>
        </control>
      </control>
      <control type="group" description="item details">
        <include>ContentFade</include>
        <visible>!Window.IsActive(MyPics.xml) + String.IsEmpty(Window.Property(gallery)) + [$EXP[56_FanartViewInfo]]</visible>
        <animation effect="fade" delay="200" time="300">Visible</animation>
        <animation effect="fade" time="100">Hidden</animation>
        <control type="group" description="Media info">
          <posx>135</posx>
          <posy>99</posy>
          <control type="label" description="Title Label">
            <posy>87</posy>
            <width>900</width>
            <height>60</height>
            <textcolor>Highlight</textcolor>
            <font>InfoTitle</font>
            <scroll>false</scroll>
            <label>$VAR[panelheading]</label>
          </control>
          <control type="label" description="Details">
            <posy>154</posy>
            <height>33</height>
            <width>900</width>
            <font>Details</font>
            <scroll>false</scroll>
            <label>$VAR[panelsubheading]</label>
          </control>
          <control type="label" description="Genre">
            <posy>195</posy>
            <visible>!Container.Content(Artists)</visible>
            <height>33</height>
            <width>1640</width>
            <font>Details</font>
            <scroll>false</scroll>
            <label>$INFO[ListItem.Genre]</label>
          </control>
          <control type="textbox" description="Plot">
            <posy>250</posy>
            <width>900</width>
            <height>214</height>
            <align>justify</align>
            <label>$VAR[Plots]</label>
          </control>
          <control type="group" description="Info with Fanart">
            <visible>!String.IsEmpty(ListItem.Art(fanart))</visible>
            <control type="image" description="BG">
              <posx>1017</posx>
              <posy>99</posy>
              <width>640</width>
              <height>360</height>
              <texture border="8">img/WhiteRoundedST2.png</texture>
              <aspectratio>stretch</aspectratio>
            </control>
            <control type="multiimage" description="FA">
              <posx>1023</posx>
              <posy>105</posy>
              <width>628</width>
              <height>348</height>
              <include>BG.Defaults</include>
              <imagepath background="true">$VAR[Fanart.Art]</imagepath>
              <aspectratio aligny="top">scale</aspectratio>
            </control>
          </control>
        </control>
      </control>
      <control type="group" description="Footer info">
        <include>ContentFade</include>
        <visible>String.IsEmpty(Window.Property(gallery)) + Control.IsVisible(56)</visible>
        <animation effect="fade" start="100" end="0" time="50" delay="0" center="120,350" reversible="false">Hidden</animation>
        <animation effect="fade" start="0" end="100" time="450" delay="400" center="120,350" reversible="false">Visible</animation>
        <include>FooterInfo</include>
      </control>
    </control>
  </include>
</includes>
